/*******************************************************************************
 * Size: 30 px
 * Bpp: 1
 * Opts: --size 30 --bpp 1 --format lvgl --lv-font-name ui_font_math_30 --font /home/mt/AIGLASS_DEV_ENV/OpenSource-Ai-Glasses/src/my-app/ui/fonts/src/DejaVuSansMono.ttf -r 0x00A0-0x00FF -r 0x0370-0x03FF -r 0x2010-0x206F -r 0x2070-0x209F -r 0x20A0-0x20CF -r 0x2100-0x214F -r 0x2150-0x218F -r 0x2190-0x21FF -r 0x2200-0x22FF -r 0x2300-0x23FF -r 0x2500-0x257F -r 0x25A0-0x25FF -r 0x2700-0x27BF -r 0x27C0-0x27EF -r 0x2980-0x29FF -r 0x2A00-0x2AFF -o /home/mt/AIGLASS_DEV_ENV/OpenSource-Ai-Glasses/src/my-app/ui/fonts/ui_font_math_30.c
 ******************************************************************************/

#ifdef LV_LVGL_H_INCLUDE_SIMPLE
#include "lvgl.h"
#else
#include "lvgl/lvgl.h"
#endif

#ifndef UI_FONT_MATH_30
#define UI_FONT_MATH_30 1
#endif

#if UI_FONT_MATH_30

/*-----------------
 *    BITMAPS
 *----------------*/

/*Store the image of the glyphs*/
static LV_ATTRIBUTE_LARGE_CONST const uint8_t glyph_bitmap[] = {
    /* U+00A0 " " */
    0x0,

    /* U+00A1 "¡" */
    0xff, 0xf0, 0x7, 0xff, 0xff, 0xff, 0xff, 0xff,
    0xc0,

    /* U+00A2 "¢" */
    0x1, 0x80, 0xc, 0x0, 0x60, 0x3, 0x0, 0x18,
    0x3, 0xf8, 0x7f, 0xe7, 0xb3, 0x71, 0x83, 0x8c,
    0x38, 0x61, 0xc3, 0xe, 0x18, 0x70, 0xc3, 0x86,
    0x1c, 0x30, 0xe1, 0x83, 0x8c, 0x1e, 0x62, 0x7b,
    0x71, 0xff, 0x83, 0xf0, 0x6, 0x0, 0x30, 0x1,
    0x80, 0xc, 0x0,

    /* U+00A3 "£" */
    0x1, 0xf8, 0x1f, 0xf0, 0xf0, 0xc3, 0x80, 0x1c,
    0x0, 0x70, 0x1, 0xc0, 0x7, 0x0, 0x1c, 0x0,
    0x70, 0x1, 0xc0, 0x1f, 0xfc, 0x7f, 0xf0, 0x70,
    0x1, 0xc0, 0x7, 0x0, 0x1c, 0x0, 0x70, 0x1,
    0xc0, 0x7, 0x0, 0xff, 0xff, 0xff, 0xf0,

    /* U+00A4 "¤" */
    0x0, 0x1, 0x80, 0x67, 0x7b, 0x8f, 0xfc, 0x18,
    0x60, 0xc0, 0xc3, 0x3, 0xc, 0xc, 0x30, 0x30,
    0x61, 0x83, 0xff, 0x1d, 0xee, 0x60, 0x18, 0x0,
    0x0,

    /* U+00A5 "¥" */
    0xe0, 0x3, 0xb8, 0x3, 0x9c, 0x1, 0xc7, 0x1,
    0xc1, 0xc1, 0xc0, 0xe0, 0xe0, 0x38, 0xe0, 0x1c,
    0x70, 0x7f, 0x7f, 0x3f, 0xbf, 0x80, 0xf8, 0x0,
    0x38, 0x7, 0xff, 0xf3, 0xff, 0xf8, 0x7, 0x0,
    0x3, 0x80, 0x1, 0xc0, 0x0, 0xe0, 0x0, 0x70,
    0x0, 0x38, 0x0, 0x1c, 0x0, 0xe, 0x0,

    /* U+00A6 "¦" */
    0xff, 0xff, 0xff, 0xff, 0x80, 0x7, 0xff, 0xff,
    0xff, 0xfc,

    /* U+00A7 "§" */
    0xf, 0xc1, 0xff, 0x1e, 0x18, 0xe0, 0x7, 0x0,
    0x3c, 0x0, 0xf0, 0x3, 0xe0, 0x3f, 0x83, 0x9f,
    0x38, 0x3d, 0xc0, 0xfe, 0x3, 0xf8, 0x1d, 0xe0,
    0xe7, 0xce, 0xf, 0xe0, 0x3e, 0x0, 0x70, 0x1,
    0xc0, 0xe, 0x0, 0x71, 0x87, 0x8f, 0xf8, 0x3f,
    0x0,

    /* U+00A8 "¨" */
    0xe3, 0xf1, 0xf8, 0xe0,

    /* U+00A9 "©" */
    0x3, 0xf0, 0x3, 0xff, 0x1, 0xc0, 0xe0, 0xe0,
    0x1c, 0x71, 0xf3, 0x98, 0xfc, 0x6e, 0x70, 0x1f,
    0x38, 0x3, 0xcc, 0x0, 0xf3, 0x0, 0x3c, 0xc0,
    0xf, 0x30, 0x3, 0xee, 0x1, 0xd9, 0xc0, 0x67,
    0x3f, 0x38, 0xe7, 0xdc, 0x1c, 0xe, 0x3, 0xff,
    0x0, 0x3f, 0x0,

    /* U+00AA "ª" */
    0x7e, 0x10, 0xe0, 0x1c, 0x3, 0x0, 0xcf, 0xf6,
    0xf, 0x3, 0xc0, 0xf0, 0x76, 0x3c, 0xfb, 0x0,
    0x3f, 0xff, 0xfc,

    /* U+00AB "«" */
    0x0, 0x4, 0x8, 0x30, 0xe1, 0xc7, 0x8e, 0x38,
    0x71, 0xc3, 0x8e, 0x3c, 0x38, 0xf0, 0x71, 0xe0,
    0xe3, 0xc1, 0xc3, 0x83, 0x87, 0x6, 0xc, 0x0,
    0x10,

    /* U+00AC "¬" */
    0xff, 0xff, 0xff, 0xff, 0x0, 0x7, 0x0, 0x7,
    0x0, 0x7, 0x0, 0x7, 0x0, 0x7,

    /* U+00AD "­" */
    0xff, 0xff,

    /* U+00AE "®" */
    0x3, 0xf0, 0x3, 0xff, 0x1, 0xc0, 0xe0, 0xe0,
    0x1c, 0x70, 0x3, 0x99, 0xfc, 0x6e, 0x61, 0x9f,
    0x18, 0x63, 0xc6, 0x18, 0xf1, 0xfc, 0x3c, 0x66,
    0xf, 0x18, 0xc3, 0xe6, 0x19, 0xd9, 0x86, 0x67,
    0x0, 0x38, 0xe0, 0x1c, 0x1c, 0xe, 0x3, 0xff,
    0x0, 0x3f, 0x0,

    /* U+00AF "¯" */
    0xff, 0xff, 0xc0,

    /* U+00B0 "°" */
    0x3e, 0x3f, 0xb8, 0xf8, 0x3c, 0x1e, 0xf, 0x8e,
    0xfe, 0x3e, 0x0,

    /* U+00B1 "±" */
    0x3, 0x80, 0x7, 0x0, 0xe, 0x0, 0x1c, 0x0,
    0x38, 0x1f, 0xff, 0xff, 0xff, 0x81, 0xc0, 0x3,
    0x80, 0x7, 0x0, 0xe, 0x0, 0x1c, 0x0, 0x0,
    0x0, 0x0, 0x0, 0x0, 0x7f, 0xff, 0xff, 0xfe,

    /* U+00B2 "²" */
    0xfc, 0x86, 0x3, 0x3, 0x3, 0x6, 0xe, 0x1c,
    0x38, 0x70, 0xe0, 0xff,

    /* U+00B3 "³" */
    0xfc, 0x87, 0x3, 0x3, 0x6, 0x3c, 0x6, 0x3,
    0x3, 0x3, 0x86, 0xfc,

    /* U+00B4 "´" */
    0xe, 0x38, 0x61, 0x87, 0x1c, 0x0,

    /* U+00B5 "µ" */
    0xe0, 0x39, 0xc0, 0x73, 0x80, 0xe7, 0x1, 0xce,
    0x3, 0x9c, 0x7, 0x38, 0xe, 0x70, 0x1c, 0xe0,
    0x39, 0xc0, 0x73, 0x80, 0xe7, 0x1, 0xce, 0x3,
    0x9e, 0xf, 0x3e, 0x3e, 0xff, 0xef, 0xef, 0x9d,
    0xc0, 0x3, 0x80, 0x7, 0x0, 0xe, 0x0, 0x1c,
    0x0, 0x38, 0x0, 0x0,

    /* U+00B6 "¶" */
    0xf, 0xfc, 0x7f, 0xf3, 0xf8, 0xdf, 0xe3, 0x7f,
    0x8d, 0xfe, 0x3f, 0xf8, 0xdf, 0xe3, 0x7f, 0x8d,
    0xfe, 0x33, 0xf8, 0xc7, 0xe3, 0x3, 0x8c, 0x6,
    0x30, 0x18, 0xc0, 0x63, 0x1, 0x8c, 0x6, 0x30,
    0x18, 0xc0, 0x63, 0x1, 0x8c, 0x6, 0x30, 0x18,
    0xc0, 0x63, 0x1, 0x8c,

    /* U+00B7 "·" */
    0xff, 0xf0,

    /* U+00B8 "¸" */
    0x18, 0x30, 0xc3, 0xff, 0xe0,

    /* U+00B9 "¹" */
    0xf8, 0xf8, 0x18, 0x18, 0x18, 0x18, 0x18, 0x18,
    0x18, 0x18, 0x18, 0xff,

    /* U+00BA "º" */
    0x1f, 0x6, 0x31, 0x83, 0x60, 0x3c, 0x7, 0x80,
    0xf0, 0x1e, 0x3, 0xc0, 0x6c, 0x18, 0xc6, 0xf,
    0x80, 0x1, 0xff, 0xbf, 0xf0,

    /* U+00BB "»" */
    0x2, 0x2, 0xc, 0xe, 0x38, 0x3c, 0x70, 0x78,
    0xe0, 0x71, 0xc0, 0xe3, 0xc3, 0x87, 0x1c, 0x78,
    0xe3, 0x87, 0x1c, 0x38, 0xe0, 0xc3, 0x0, 0x8,
    0x0,

    /* U+00BC "¼" */
    0x7c, 0x0, 0xfc, 0x0, 0xc, 0x0, 0xc, 0x0,
    0xc, 0x0, 0xc, 0x0, 0xc, 0x0, 0xc, 0x0,
    0xc, 0x0, 0xc, 0x0, 0xc, 0x0, 0x7f, 0x80,
    0x7f, 0x83, 0x0, 0x3f, 0x7, 0xf8, 0x7f, 0x80,
    0xf0, 0x0, 0x0, 0x1c, 0x0, 0x3c, 0x0, 0x6c,
    0x0, 0x4c, 0x0, 0xcc, 0x1, 0x8c, 0x3, 0xc,
    0x3, 0xff, 0x3, 0xff, 0x0, 0xc, 0x0, 0xc,
    0x0, 0xc,

    /* U+00BD "½" */
    0xc, 0x1, 0xf8, 0x3, 0x30, 0x0, 0x60, 0x0,
    0xc0, 0x1, 0x80, 0x3, 0x0, 0x6, 0x0, 0xc,
    0x0, 0x18, 0x0, 0x30, 0x3, 0xfc, 0x7, 0xf8,
    0x60, 0xf, 0xc3, 0xfc, 0x7f, 0x80, 0xe0, 0xf8,
    0x3, 0xf8, 0x4, 0x78, 0x0, 0x70, 0x0, 0xe0,
    0x1, 0x80, 0x7, 0x0, 0x1c, 0x0, 0x70, 0x1,
    0xc0, 0x7, 0x0, 0xf, 0xf0, 0x1f, 0xe0,

    /* U+00BE "¾" */
    0x3e, 0x0, 0x7f, 0x0, 0x43, 0x80, 0x1, 0x80,
    0x3, 0x80, 0x1f, 0x0, 0x1f, 0x0, 0x3, 0x80,
    0x1, 0x80, 0x1, 0x80, 0x43, 0x80, 0x7f, 0x0,
    0x3e, 0x7, 0x0, 0x7f, 0x7, 0xf0, 0x7f, 0x0,
    0xf0, 0x1c, 0x0, 0x1c, 0x0, 0x3c, 0x0, 0x6c,
    0x0, 0xcc, 0x0, 0x8c, 0x1, 0x8c, 0x3, 0xc,
    0x3, 0xff, 0x3, 0xff, 0x0, 0xc, 0x0, 0xc,
    0x0, 0xc,

    /* U+00BF "¿" */
    0x7, 0x0, 0x70, 0x7, 0x0, 0x70, 0x0, 0x0,
    0x0, 0x7, 0x0, 0x70, 0x7, 0x0, 0x70, 0x7,
    0x0, 0xe0, 0x1e, 0x3, 0xc0, 0x78, 0x7, 0x0,
    0xe0, 0xe, 0x0, 0xe0, 0xe, 0x1, 0x70, 0x73,
    0xff, 0x1f, 0x80,

    /* U+00C0 "À" */
    0x7, 0x0, 0x1, 0x80, 0x0, 0x60, 0x0, 0x38,
    0x0, 0x0, 0x0, 0x0, 0x0, 0xf, 0x0, 0x7,
    0x80, 0x7, 0xe0, 0x3, 0xf0, 0x1, 0xd8, 0x0,
    0xce, 0x0, 0xe7, 0x0, 0x73, 0x80, 0x30, 0xc0,
    0x38, 0x70, 0x1c, 0x38, 0xe, 0x1c, 0xe, 0x7,
    0x7, 0x3, 0x83, 0xff, 0xc1, 0xff, 0xf1, 0xc0,
    0x38, 0xe0, 0x1c, 0x70, 0x6, 0x70, 0x3, 0xb8,
    0x1, 0xdc, 0x0, 0xe0,

    /* U+00C1 "Á" */
    0x0, 0xe0, 0x0, 0x60, 0x0, 0x60, 0x0, 0x70,
    0x0, 0x0, 0x0, 0x0, 0x0, 0xf, 0x0, 0x7,
    0x80, 0x7, 0xe0, 0x3, 0xf0, 0x1, 0xd8, 0x0,
    0xce, 0x0, 0xe7, 0x0, 0x73, 0x80, 0x30, 0xc0,
    0x38, 0x70, 0x1c, 0x38, 0xe, 0x1c, 0xe, 0x7,
    0x7, 0x3, 0x83, 0xff, 0xc1, 0xff, 0xf1, 0xc0,
    0x38, 0xe0, 0x1c, 0x70, 0x6, 0x70, 0x3, 0xb8,
    0x1, 0xdc, 0x0, 0xe0,

    /* U+00C2 "Â" */
    0x3, 0xc0, 0x3, 0xf0, 0x1, 0x98, 0x1, 0x86,
    0x0, 0x0, 0x0, 0x0, 0x0, 0xf, 0x0, 0x7,
    0x80, 0x7, 0xe0, 0x3, 0xf0, 0x1, 0xd8, 0x0,
    0xce, 0x0, 0xe7, 0x0, 0x73, 0x80, 0x30, 0xc0,
    0x38, 0x70, 0x1c, 0x38, 0xe, 0x1c, 0xe, 0x7,
    0x7, 0x3, 0x83, 0xff, 0xc1, 0xff, 0xf1, 0xc0,
    0x38, 0xe0, 0x1c, 0x70, 0x6, 0x70, 0x3, 0xb8,
    0x1, 0xdc, 0x0, 0xe0,

    /* U+00C3 "Ã" */
    0x7, 0x8c, 0x3, 0xff, 0x0, 0xc7, 0x80, 0x0,
    0x0, 0x0, 0x0, 0x0, 0x0, 0x0, 0x1e, 0x0,
    0x7, 0x80, 0x3, 0xf0, 0x0, 0xfc, 0x0, 0x3b,
    0x0, 0x1c, 0xe0, 0x7, 0x38, 0x1, 0xce, 0x0,
    0x61, 0x80, 0x38, 0x70, 0xe, 0x1c, 0x3, 0x87,
    0x1, 0xc0, 0xe0, 0x70, 0x38, 0x1f, 0xfe, 0xf,
    0xff, 0xc3, 0x80, 0x70, 0xe0, 0x1c, 0x70, 0x3,
    0x9c, 0x0, 0xe7, 0x0, 0x3b, 0xc0, 0xf,

    /* U+00C4 "Ä" */
    0xe, 0x38, 0x7, 0x1c, 0x3, 0x8e, 0x0, 0x0,
    0x0, 0x0, 0x0, 0x0, 0x0, 0xf, 0x80, 0x7,
    0xc0, 0x3, 0xe0, 0x1, 0xb0, 0x1, 0xdc, 0x0,
    0xee, 0x0, 0x63, 0x0, 0x71, 0xc0, 0x38, 0xe0,
    0x1c, 0x70, 0x1c, 0x1c, 0xe, 0xe, 0x7, 0x7,
    0x7, 0x1, 0xc3, 0xff, 0xe1, 0xff, 0xf0, 0xc0,
    0x18, 0xe0, 0xe, 0x70, 0x7, 0x38, 0x3, 0xb8,
    0x0, 0xfc, 0x0, 0x70,

    /* U+00C5 "Å" */
    0x3, 0xc0, 0x7, 0xe0, 0xe, 0x70, 0xc, 0x30,
    0xc, 0x30, 0xe, 0x70, 0x7, 0xe0, 0x3, 0xc0,
    0x7, 0xe0, 0x7, 0xe0, 0x7, 0xe0, 0x6, 0x60,
    0xe, 0x70, 0xe, 0x70, 0xc, 0x30, 0x1c, 0x38,
    0x1c, 0x38, 0x1c, 0x38, 0x38, 0x1c, 0x38, 0x1c,
    0x3f, 0xfc, 0x7f, 0xfc, 0x70, 0xe, 0x70, 0xe,
    0x70, 0xe, 0xe0, 0x7, 0xe0, 0x7, 0xe0, 0x7,

    /* U+00C6 "Æ" */
    0x3, 0xff, 0x83, 0xff, 0xc1, 0x9c, 0x0, 0xce,
    0x0, 0xe7, 0x0, 0x73, 0x80, 0x31, 0xc0, 0x18,
    0xe0, 0x1c, 0x70, 0xe, 0x3f, 0x86, 0x1f, 0xc3,
    0xe, 0x3, 0x87, 0x1, 0xc3, 0x80, 0xff, 0xc0,
    0xff, 0xe0, 0x70, 0x70, 0x30, 0x38, 0x18, 0x1c,
    0x1c, 0xe, 0xe, 0x7, 0xff, 0x3, 0xfc,

    /* U+00C7 "Ç" */
    0x3, 0xf0, 0x3f, 0xf1, 0xc1, 0xce, 0x1, 0x70,
    0x1, 0xc0, 0x6, 0x0, 0x38, 0x0, 0xe0, 0x3,
    0x80, 0xe, 0x0, 0x38, 0x0, 0xe0, 0x3, 0x80,
    0xe, 0x0, 0x1c, 0x0, 0x70, 0x1, 0xc0, 0x3,
    0x80, 0x47, 0x7, 0xf, 0xfc, 0xf, 0xc0, 0xc,
    0x0, 0x18, 0x0, 0x60, 0x1, 0x80, 0x7e, 0x1,
    0xf0,

    /* U+00C8 "È" */
    0x1c, 0x0, 0x38, 0x0, 0x60, 0x0, 0xc0, 0x0,
    0x0, 0x0, 0xf, 0xff, 0xbf, 0xfe, 0xe0, 0x3,
    0x80, 0xe, 0x0, 0x38, 0x0, 0xe0, 0x3, 0x80,
    0xe, 0x0, 0x3f, 0xfe, 0xff, 0xfb, 0x80, 0xe,
    0x0, 0x38, 0x0, 0xe0, 0x3, 0x80, 0xe, 0x0,
    0x38, 0x0, 0xe0, 0x3, 0x80, 0xf, 0xff, 0xff,
    0xff,

    /* U+00C9 "É" */
    0x1, 0xc0, 0xe, 0x0, 0x70, 0x1, 0x80, 0x0,
    0x0, 0x0, 0xf, 0xff, 0xbf, 0xfe, 0xe0, 0x3,
    0x80, 0xe, 0x0, 0x38, 0x0, 0xe0, 0x3, 0x80,
    0xe, 0x0, 0x3f, 0xfe, 0xff, 0xfb, 0x80, 0xe,
    0x0, 0x38, 0x0, 0xe0, 0x3, 0x80, 0xe, 0x0,
    0x38, 0x0, 0xe0, 0x3, 0x80, 0xf, 0xff, 0xff,
    0xff,

    /* U+00CA "Ê" */
    0x7, 0x0, 0x36, 0x1, 0x9c, 0xc, 0x30, 0x0,
    0x0, 0x0, 0xf, 0xff, 0xbf, 0xfe, 0xe0, 0x3,
    0x80, 0xe, 0x0, 0x38, 0x0, 0xe0, 0x3, 0x80,
    0xe, 0x0, 0x3f, 0xfe, 0xff, 0xfb, 0x80, 0xe,
    0x0, 0x38, 0x0, 0xe0, 0x3, 0x80, 0xe, 0x0,
    0x38, 0x0, 0xe0, 0x3, 0x80, 0xf, 0xff, 0xff,
    0xff,

    /* U+00CB "Ë" */
    0x38, 0xe0, 0xe3, 0x83, 0x8e, 0x0, 0x0, 0x0,
    0x0, 0x0, 0xf, 0xff, 0xbf, 0xfe, 0xe0, 0x3,
    0x80, 0xe, 0x0, 0x38, 0x0, 0xe0, 0x3, 0x80,
    0xe, 0x0, 0x3f, 0xfe, 0xff, 0xfb, 0x80, 0xe,
    0x0, 0x38, 0x0, 0xe0, 0x3, 0x80, 0xe, 0x0,
    0x38, 0x0, 0xe0, 0x3, 0x80, 0xf, 0xff, 0xff,
    0xff,

    /* U+00CC "Ì" */
    0x1c, 0x0, 0xe0, 0x6, 0x0, 0x30, 0x0, 0x0,
    0x0, 0xff, 0xff, 0xff, 0x7, 0x0, 0x70, 0x7,
    0x0, 0x70, 0x7, 0x0, 0x70, 0x7, 0x0, 0x70,
    0x7, 0x0, 0x70, 0x7, 0x0, 0x70, 0x7, 0x0,
    0x70, 0x7, 0x0, 0x70, 0x7, 0x0, 0x70, 0xff,
    0xff, 0xff,

    /* U+00CD "Í" */
    0x1, 0x80, 0x38, 0x7, 0x0, 0x60, 0x0, 0x0,
    0x0, 0xff, 0xff, 0xff, 0x7, 0x0, 0x70, 0x7,
    0x0, 0x70, 0x7, 0x0, 0x70, 0x7, 0x0, 0x70,
    0x7, 0x0, 0x70, 0x7, 0x0, 0x70, 0x7, 0x0,
    0x70, 0x7, 0x0, 0x70, 0x7, 0x0, 0x70, 0xff,
    0xff, 0xff,

    /* U+00CE "Î" */
    0x7, 0x0, 0xd8, 0x18, 0xc3, 0xc, 0x0, 0x0,
    0x0, 0xff, 0xff, 0xff, 0x7, 0x0, 0x70, 0x7,
    0x0, 0x70, 0x7, 0x0, 0x70, 0x7, 0x0, 0x70,
    0x7, 0x0, 0x70, 0x7, 0x0, 0x70, 0x7, 0x0,
    0x70, 0x7, 0x0, 0x70, 0x7, 0x0, 0x70, 0xff,
    0xff, 0xff,

    /* U+00CF "Ï" */
    0x39, 0xc3, 0x9c, 0x39, 0xc0, 0x0, 0x0, 0x0,
    0x0, 0xff, 0xff, 0xff, 0x7, 0x0, 0x70, 0x7,
    0x0, 0x70, 0x7, 0x0, 0x70, 0x7, 0x0, 0x70,
    0x7, 0x0, 0x70, 0x7, 0x0, 0x70, 0x7, 0x0,
    0x70, 0x7, 0x0, 0x70, 0x7, 0x0, 0x70, 0xff,
    0xff, 0xff,

    /* U+00D0 "Ð" */
    0x3f, 0xc0, 0x3f, 0xf0, 0x38, 0x78, 0x38, 0x1c,
    0x38, 0xe, 0x38, 0xe, 0x38, 0x7, 0x38, 0x7,
    0x38, 0x7, 0xff, 0x87, 0xff, 0x87, 0x38, 0x7,
    0x38, 0x7, 0x38, 0x7, 0x38, 0x7, 0x38, 0x7,
    0x38, 0xe, 0x38, 0xe, 0x38, 0x1c, 0x38, 0x3c,
    0x3f, 0xf0, 0x3f, 0xc0,

    /* U+00D1 "Ñ" */
    0x1e, 0x30, 0xff, 0xc3, 0x1e, 0x0, 0x0, 0x0,
    0x0, 0x0, 0xf, 0x1, 0xfc, 0x7, 0xf8, 0x1f,
    0xe0, 0x7f, 0xc1, 0xfb, 0x7, 0xec, 0x1f, 0xb8,
    0x7e, 0x61, 0xf9, 0xc7, 0xe3, 0x1f, 0x8c, 0x7e,
    0x39, 0xf8, 0x67, 0xe1, 0xdf, 0x83, 0x7e, 0xd,
    0xf8, 0x3f, 0xe0, 0x7f, 0x81, 0xfe, 0x3, 0xf8,
    0xf,

    /* U+00D2 "Ò" */
    0xe, 0x0, 0xc, 0x0, 0xc, 0x0, 0x1c, 0x0,
    0x1c, 0x0, 0x0, 0x0, 0x0, 0x3, 0xe0, 0x1f,
    0xf0, 0x78, 0xf1, 0xc0, 0x73, 0x80, 0xe7, 0x1,
    0xdc, 0x1, 0xf8, 0x3, 0xf0, 0x7, 0xe0, 0xf,
    0xc0, 0x1f, 0x80, 0x3f, 0x0, 0x7e, 0x0, 0xfc,
    0x1, 0xf8, 0x3, 0xb8, 0xe, 0x70, 0x1c, 0xe0,
    0x38, 0xe0, 0xe0, 0xff, 0x80, 0x7c, 0x0,

    /* U+00D3 "Ó" */
    0x0, 0xe0, 0x1, 0x80, 0x6, 0x0, 0x1c, 0x0,
    0x70, 0x0, 0x0, 0x0, 0x0, 0x3, 0xe0, 0x1f,
    0xf0, 0x78, 0xf1, 0xc0, 0x73, 0x80, 0xe7, 0x1,
    0xdc, 0x1, 0xf8, 0x3, 0xf0, 0x7, 0xe0, 0xf,
    0xc0, 0x1f, 0x80, 0x3f, 0x0, 0x7e, 0x0, 0xfc,
    0x1, 0xf8, 0x3, 0xb8, 0xe, 0x70, 0x1c, 0xe0,
    0x38, 0xe0, 0xe0, 0xff, 0x80, 0x7c, 0x0,

    /* U+00D4 "Ô" */
    0x3, 0x80, 0xf, 0x80, 0x3b, 0x80, 0x63, 0x1,
    0x83, 0x0, 0x0, 0x0, 0x0, 0x3, 0xe0, 0x1f,
    0xf0, 0x78, 0xf1, 0xc0, 0x73, 0x80, 0xe7, 0x1,
    0xdc, 0x1, 0xf8, 0x3, 0xf0, 0x7, 0xe0, 0xf,
    0xc0, 0x1f, 0x80, 0x3f, 0x0, 0x7e, 0x0, 0xfc,
    0x1, 0xf8, 0x3, 0xb8, 0xe, 0x70, 0x1c, 0xe0,
    0x38, 0xe0, 0xe0, 0xff, 0x80, 0x7c, 0x0,

    /* U+00D5 "Õ" */
    0x1c, 0x30, 0x7e, 0x60, 0xcf, 0x81, 0x87, 0x0,
    0x0, 0x0, 0x0, 0x0, 0x0, 0x3, 0xe0, 0x1f,
    0xf0, 0x78, 0xf1, 0xc0, 0x73, 0x80, 0xe7, 0x1,
    0xdc, 0x1, 0xf8, 0x3, 0xf0, 0x7, 0xe0, 0xf,
    0xc0, 0x1f, 0x80, 0x3f, 0x0, 0x7e, 0x0, 0xfc,
    0x1, 0xf8, 0x3, 0xb8, 0xe, 0x70, 0x1c, 0xe0,
    0x38, 0xe0, 0xe0, 0xff, 0x80, 0x7c, 0x0,

    /* U+00D6 "Ö" */
    0x1c, 0x70, 0x38, 0xe0, 0x71, 0xc0, 0x0, 0x0,
    0x0, 0x0, 0x0, 0x1, 0xf0, 0xf, 0xf8, 0x3c,
    0x78, 0xe0, 0x39, 0xc0, 0x73, 0x80, 0xee, 0x0,
    0xfc, 0x1, 0xf8, 0x3, 0xf0, 0x7, 0xe0, 0xf,
    0xc0, 0x1f, 0x80, 0x3f, 0x0, 0x7e, 0x0, 0xfc,
    0x1, 0xdc, 0x7, 0x38, 0xe, 0x70, 0x1c, 0x70,
    0x70, 0x7f, 0xc0, 0x3e, 0x0,

    /* U+00D7 "×" */
    0x60, 0x1b, 0xc0, 0xf7, 0x87, 0x8f, 0x3c, 0x1f,
    0xe0, 0x3f, 0x0, 0x78, 0x3, 0xf0, 0x1f, 0xe0,
    0xf3, 0xc7, 0x87, 0xbc, 0xf, 0x60, 0x18,

    /* U+00D8 "Ø" */
    0x0, 0x0, 0x0, 0x7e, 0x30, 0x7f, 0xd8, 0x3c,
    0x7e, 0x1c, 0x7, 0x7, 0x1, 0xc1, 0xc0, 0xf0,
    0xe0, 0x7e, 0x38, 0x1b, 0x8e, 0xc, 0xe3, 0x87,
    0x38, 0xe3, 0x8e, 0x38, 0xc3, 0x8e, 0x70, 0xe3,
    0xb8, 0x38, 0xec, 0xe, 0x3f, 0x3, 0x8f, 0x81,
    0xc1, 0xc0, 0x70, 0x78, 0x1c, 0x3f, 0xe, 0x1f,
    0xff, 0x6, 0x3f, 0x0, 0x0, 0x0,

    /* U+00D9 "Ù" */
    0x1c, 0x0, 0x38, 0x0, 0x70, 0x0, 0xc0, 0x1,
    0x80, 0x0, 0x0, 0x0, 0x38, 0x7, 0xe0, 0x1f,
    0x80, 0x7e, 0x1, 0xf8, 0x7, 0xe0, 0x1f, 0x80,
    0x7e, 0x1, 0xf8, 0x7, 0xe0, 0x1f, 0x80, 0x7e,
    0x1, 0xf8, 0x7, 0xe0, 0x1f, 0x80, 0x7e, 0x1,
    0xf8, 0x7, 0xe0, 0x1d, 0xc0, 0xe7, 0x87, 0x8f,
    0xfc, 0xf, 0xc0,

    /* U+00DA "Ú" */
    0x0, 0xe0, 0x7, 0x0, 0x38, 0x0, 0xc0, 0x6,
    0x0, 0x0, 0x0, 0x0, 0x38, 0x7, 0xe0, 0x1f,
    0x80, 0x7e, 0x1, 0xf8, 0x7, 0xe0, 0x1f, 0x80,
    0x7e, 0x1, 0xf8, 0x7, 0xe0, 0x1f, 0x80, 0x7e,
    0x1, 0xf8, 0x7, 0xe0, 0x1f, 0x80, 0x7e, 0x1,
    0xf8, 0x7, 0xe0, 0x1d, 0xc0, 0xe7, 0x87, 0x8f,
    0xfc, 0xf, 0xc0,

    /* U+00DB "Û" */
    0x3, 0x0, 0x1e, 0x0, 0xcc, 0x6, 0x18, 0x38,
    0x70, 0x0, 0x0, 0x0, 0x38, 0x7, 0xe0, 0x1f,
    0x80, 0x7e, 0x1, 0xf8, 0x7, 0xe0, 0x1f, 0x80,
    0x7e, 0x1, 0xf8, 0x7, 0xe0, 0x1f, 0x80, 0x7e,
    0x1, 0xf8, 0x7, 0xe0, 0x1f, 0x80, 0x7e, 0x1,
    0xf8, 0x7, 0xe0, 0x1d, 0xc0, 0xe7, 0x87, 0x8f,
    0xfc, 0xf, 0xc0,

    /* U+00DC "Ü" */
    0x38, 0xe0, 0xe3, 0x83, 0x8e, 0x0, 0x0, 0x0,
    0x0, 0x0, 0xe, 0x1, 0xf8, 0x7, 0xe0, 0x1f,
    0x80, 0x7e, 0x1, 0xf8, 0x7, 0xe0, 0x1f, 0x80,
    0x7e, 0x1, 0xf8, 0x7, 0xe0, 0x1f, 0x80, 0x7e,
    0x1, 0xf8, 0x7, 0xe0, 0x1f, 0x80, 0x7e, 0x1,
    0xf8, 0x7, 0x70, 0x39, 0xe1, 0xe3, 0xff, 0x3,
    0xf0,

    /* U+00DD "Ý" */
    0x0, 0x70, 0x0, 0x70, 0x0, 0x70, 0x0, 0x30,
    0x0, 0x0, 0x0, 0x0, 0x3, 0x80, 0xe, 0xe0,
    0xe, 0x78, 0xf, 0x1c, 0x7, 0x7, 0x7, 0x3,
    0x83, 0x80, 0xe3, 0x80, 0x71, 0xc0, 0x1d, 0xc0,
    0xe, 0xe0, 0x3, 0xe0, 0x0, 0xe0, 0x0, 0x70,
    0x0, 0x38, 0x0, 0x1c, 0x0, 0xe, 0x0, 0x7,
    0x0, 0x3, 0x80, 0x1, 0xc0, 0x0, 0xe0, 0x0,
    0x70, 0x0, 0x38, 0x0,

    /* U+00DE "Þ" */
    0xe0, 0x3, 0x80, 0xe, 0x0, 0x38, 0x0, 0xff,
    0xc3, 0xff, 0xce, 0x7, 0xb8, 0xf, 0xe0, 0x1f,
    0x80, 0x7e, 0x1, 0xf8, 0x7, 0xe0, 0x3f, 0x81,
    0xef, 0xff, 0x3f, 0xf0, 0xe0, 0x3, 0x80, 0xe,
    0x0, 0x38, 0x0, 0xe0, 0x3, 0x80, 0x0,

    /* U+00DF "ß" */
    0x1f, 0x80, 0xff, 0x7, 0xe, 0x38, 0x1c, 0xe0,
    0x73, 0x83, 0xce, 0x1e, 0x38, 0xe0, 0xe7, 0x3,
    0x9c, 0xe, 0x70, 0x39, 0xe0, 0xe3, 0xc3, 0x87,
    0xce, 0xf, 0xb8, 0x1e, 0xe0, 0x3f, 0x80, 0x7e,
    0x1, 0xf8, 0x7, 0xe8, 0x3b, 0xbf, 0xee, 0xfe,
    0x0,

    /* U+00E0 "à" */
    0x38, 0x0, 0x70, 0x0, 0xe0, 0x1, 0xc0, 0x3,
    0x0, 0x6, 0x0, 0x0, 0x0, 0x0, 0x1f, 0xc1,
    0xff, 0xc7, 0x7, 0x80, 0x7, 0x0, 0x1c, 0x0,
    0x70, 0xff, 0xcf, 0xff, 0x78, 0x1f, 0xc0, 0x7e,
    0x1, 0xf8, 0x7, 0xe0, 0x3f, 0x80, 0xf7, 0xf,
    0xdf, 0xf7, 0x1f, 0x9c,

    /* U+00E1 "á" */
    0x0, 0x70, 0x1, 0x80, 0xe, 0x0, 0x70, 0x3,
    0x80, 0xc, 0x0, 0x0, 0x0, 0x0, 0x1f, 0xc1,
    0xff, 0xc7, 0x7, 0x80, 0x7, 0x0, 0x1c, 0x0,
    0x70, 0xff, 0xcf, 0xff, 0x78, 0x1f, 0xc0, 0x7e,
    0x1, 0xf8, 0x7, 0xe0, 0x3f, 0x80, 0xf7, 0xf,
    0xdf, 0xf7, 0x1f, 0x9c,

    /* U+00E2 "â" */
    0x3, 0x0, 0xe, 0x0, 0x7c, 0x3, 0xb0, 0xc,
    0x60, 0x60, 0xc0, 0x0, 0x0, 0x0, 0x1f, 0xc1,
    0xff, 0xc7, 0x7, 0x80, 0x7, 0x0, 0x1c, 0x0,
    0x70, 0xff, 0xcf, 0xff, 0x78, 0x1f, 0xc0, 0x7e,
    0x1, 0xf8, 0x7, 0xe0, 0x3f, 0x80, 0xf7, 0xf,
    0xdf, 0xf7, 0x1f, 0x9c,

    /* U+00E3 "ã" */
    0x1e, 0x30, 0xfc, 0xc3, 0x3e, 0xc, 0x78, 0x0,
    0x0, 0x0, 0x0, 0x0, 0x7, 0xf0, 0x7f, 0xf1,
    0xc1, 0xe0, 0x1, 0xc0, 0x7, 0x0, 0x1c, 0x3f,
    0xf3, 0xff, 0xde, 0x7, 0xf0, 0x1f, 0x80, 0x7e,
    0x1, 0xf8, 0xf, 0xe0, 0x3d, 0xc3, 0xf7, 0xfd,
    0xc7, 0xe7,

    /* U+00E4 "ä" */
    0x1c, 0xe0, 0x73, 0x81, 0xce, 0x0, 0x0, 0x0,
    0x0, 0x0, 0x1, 0xfc, 0x1f, 0xfc, 0x70, 0x78,
    0x0, 0x70, 0x1, 0xc0, 0x7, 0xf, 0xfc, 0xff,
    0xf7, 0x81, 0xfc, 0x7, 0xe0, 0x1f, 0x80, 0x7e,
    0x3, 0xf8, 0xf, 0x70, 0xfd, 0xff, 0x71, 0xf9,
    0xc0,

    /* U+00E5 "å" */
    0x7, 0x80, 0x3f, 0x1, 0xce, 0x6, 0x18, 0x18,
    0x60, 0x73, 0x80, 0xfc, 0x1, 0xe0, 0x0, 0x0,
    0x0, 0x1, 0xfc, 0x1f, 0xfc, 0x70, 0x78, 0x0,
    0x70, 0x1, 0xc0, 0x7, 0xf, 0xfc, 0xff, 0xf7,
    0x81, 0xfc, 0x7, 0xe0, 0x1f, 0x80, 0x7e, 0x3,
    0xf8, 0xf, 0x70, 0xfd, 0xff, 0x71, 0xf9, 0xc0,

    /* U+00E6 "æ" */
    0x3e, 0x3e, 0x3f, 0xbf, 0x90, 0xf9, 0xc0, 0x38,
    0x70, 0x1c, 0x38, 0xe, 0x1c, 0x7, 0xe, 0x3f,
    0xff, 0x7f, 0xff, 0xf8, 0xe0, 0x38, 0x70, 0x1c,
    0x38, 0xe, 0x1c, 0x7, 0xe, 0x3, 0xcf, 0x86,
    0xfe, 0xff, 0x3e, 0x3e, 0x0,

    /* U+00E7 "ç" */
    0x7, 0xe0, 0xff, 0xcf, 0x6, 0xe0, 0x17, 0x0,
    0x70, 0x3, 0x80, 0x1c, 0x0, 0xe0, 0x7, 0x0,
    0x38, 0x1, 0xc0, 0x7, 0x0, 0x38, 0x4, 0xf0,
    0x63, 0xff, 0x7, 0xe0, 0x6, 0x0, 0x18, 0x0,
    0xc0, 0x6, 0x3, 0xf0, 0x1f, 0x0,

    /* U+00E8 "è" */
    0x1c, 0x0, 0x18, 0x0, 0x38, 0x0, 0x38, 0x0,
    0x38, 0x0, 0x30, 0x0, 0x0, 0x0, 0x0, 0x7,
    0xe0, 0x3f, 0xf0, 0xf0, 0xe3, 0x80, 0xe7, 0x0,
    0xfc, 0x1, 0xf8, 0x3, 0xff, 0xff, 0xff, 0xff,
    0xc0, 0x3, 0x80, 0x7, 0x0, 0x7, 0x0, 0xe,
    0x0, 0xf, 0x7, 0xf, 0xfe, 0x7, 0xf0,

    /* U+00E9 "é" */
    0x0, 0x38, 0x0, 0xe0, 0x3, 0x80, 0xe, 0x0,
    0x18, 0x0, 0x60, 0x0, 0x0, 0x0, 0x0, 0x7,
    0xe0, 0x3f, 0xf0, 0xf0, 0xe3, 0x80, 0xe7, 0x0,
    0xfc, 0x1, 0xf8, 0x3, 0xff, 0xff, 0xff, 0xff,
    0xc0, 0x3, 0x80, 0x7, 0x0, 0x7, 0x0, 0xe,
    0x0, 0xf, 0x7, 0xf, 0xfe, 0x7, 0xf0,

    /* U+00EA "ê" */
    0x1, 0x80, 0x7, 0x0, 0x1f, 0x0, 0x37, 0x0,
    0xc6, 0x3, 0x6, 0x0, 0x0, 0x0, 0x0, 0x7,
    0xe0, 0x3f, 0xf0, 0xf0, 0xe3, 0x80, 0xe7, 0x0,
    0xfc, 0x1, 0xf8, 0x3, 0xff, 0xff, 0xff, 0xff,
    0xc0, 0x3, 0x80, 0x7, 0x0, 0x7, 0x0, 0xe,
    0x0, 0xf, 0x7, 0xf, 0xfe, 0x7, 0xf0,

    /* U+00EB "ë" */
    0x1c, 0x70, 0x38, 0xe0, 0x71, 0xc0, 0x0, 0x0,
    0x0, 0x0, 0x0, 0x1, 0xf8, 0xf, 0xfc, 0x3c,
    0x38, 0xe0, 0x39, 0xc0, 0x3f, 0x0, 0x7e, 0x0,
    0xff, 0xff, 0xff, 0xff, 0xf0, 0x0, 0xe0, 0x1,
    0xc0, 0x1, 0xc0, 0x3, 0x80, 0x3, 0xc1, 0xc3,
    0xff, 0x81, 0xfc, 0x0,

    /* U+00EC "ì" */
    0x70, 0x1, 0xc0, 0x7, 0x0, 0x18, 0x0, 0xe0,
    0x3, 0x80, 0xc, 0x0, 0x0, 0x7f, 0x3, 0xf8,
    0x1, 0xc0, 0xe, 0x0, 0x70, 0x3, 0x80, 0x1c,
    0x0, 0xe0, 0x7, 0x0, 0x38, 0x1, 0xc0, 0xe,
    0x0, 0x70, 0x3, 0x80, 0x1c, 0x1f, 0xff, 0xff,
    0xf8,

    /* U+00ED "í" */
    0x0, 0xe0, 0x6, 0x0, 0x70, 0x7, 0x0, 0x70,
    0x3, 0x0, 0x30, 0x0, 0x0, 0x7f, 0x3, 0xf8,
    0x1, 0xc0, 0xe, 0x0, 0x70, 0x3, 0x80, 0x1c,
    0x0, 0xe0, 0x7, 0x0, 0x38, 0x1, 0xc0, 0xe,
    0x0, 0x70, 0x3, 0x80, 0x1c, 0x1f, 0xff, 0xff,
    0xf8,

    /* U+00EE "î" */
    0x6, 0x0, 0x78, 0x3, 0xe0, 0x3b, 0x1, 0x8c,
    0x18, 0x60, 0xc1, 0x80, 0x0, 0x7f, 0x3, 0xf8,
    0x1, 0xc0, 0xe, 0x0, 0x70, 0x3, 0x80, 0x1c,
    0x0, 0xe0, 0x7, 0x0, 0x38, 0x1, 0xc0, 0xe,
    0x0, 0x70, 0x3, 0x80, 0x1c, 0x1f, 0xff, 0xff,
    0xf8,

    /* U+00EF "ï" */
    0x38, 0xe1, 0xc7, 0xe, 0x38, 0x0, 0x0, 0x0,
    0x0, 0x1, 0xfc, 0xf, 0xe0, 0x7, 0x0, 0x38,
    0x1, 0xc0, 0xe, 0x0, 0x70, 0x3, 0x80, 0x1c,
    0x0, 0xe0, 0x7, 0x0, 0x38, 0x1, 0xc0, 0xe,
    0x0, 0x70, 0x7f, 0xff, 0xff, 0xe0,

    /* U+00F0 "ð" */
    0x1c, 0x0, 0x39, 0xc0, 0x7c, 0xf, 0xe0, 0x31,
    0xc0, 0x3, 0x0, 0xfe, 0x7, 0xfc, 0x38, 0x31,
    0xc0, 0xe7, 0x3, 0xb8, 0x7, 0xe0, 0x1f, 0x80,
    0x7e, 0x1, 0xf8, 0x7, 0xe0, 0x1f, 0x80, 0x77,
    0x3, 0x9c, 0xe, 0x38, 0x70, 0x7f, 0x80, 0xfc,
    0x0,

    /* U+00F1 "ñ" */
    0x38, 0x61, 0xe3, 0x19, 0x98, 0xc7, 0x86, 0x1c,
    0x0, 0x0, 0x0, 0x1c, 0xf8, 0xef, 0xf7, 0xc3,
    0xbc, 0x1f, 0xc0, 0x7e, 0x3, 0xf0, 0x1f, 0x80,
    0xfc, 0x7, 0xe0, 0x3f, 0x1, 0xf8, 0xf, 0xc0,
    0x7e, 0x3, 0xf0, 0x1f, 0x80, 0xfc, 0x7,

    /* U+00F2 "ò" */
    0x38, 0x0, 0x70, 0x0, 0xc0, 0x1, 0x80, 0x3,
    0x0, 0xe, 0x0, 0x0, 0x0, 0x0, 0xf, 0xc0,
    0xff, 0xc3, 0x87, 0x1c, 0xe, 0x70, 0x3b, 0x80,
    0x7e, 0x1, 0xf8, 0x7, 0xe0, 0x1f, 0x80, 0x7e,
    0x1, 0xf8, 0x7, 0x70, 0x39, 0xc0, 0xe3, 0x87,
    0xf, 0xfc, 0xf, 0xc0,

    /* U+00F3 "ó" */
    0x0, 0x70, 0x3, 0x80, 0xc, 0x0, 0x60, 0x3,
    0x0, 0x1c, 0x0, 0x0, 0x0, 0x0, 0xf, 0xc0,
    0xff, 0xc3, 0x87, 0x1c, 0xe, 0x70, 0x3b, 0x80,
    0x7e, 0x1, 0xf8, 0x7, 0xe0, 0x1f, 0x80, 0x7e,
    0x1, 0xf8, 0x7, 0x70, 0x39, 0xc0, 0xe3, 0x87,
    0xf, 0xfc, 0xf, 0xc0,

    /* U+00F4 "ô" */
    0x3, 0x0, 0x1e, 0x0, 0x78, 0x3, 0x30, 0x1c,
    0xe0, 0x61, 0x80, 0x0, 0x0, 0x0, 0xf, 0xc0,
    0xff, 0xc3, 0x87, 0x1c, 0xe, 0x70, 0x3b, 0x80,
    0x7e, 0x1, 0xf8, 0x7, 0xe0, 0x1f, 0x80, 0x7e,
    0x1, 0xf8, 0x7, 0x70, 0x39, 0xc0, 0xe3, 0x87,
    0xf, 0xfc, 0xf, 0xc0,

    /* U+00F5 "õ" */
    0x1e, 0x30, 0xfc, 0xc3, 0x3e, 0xc, 0x78, 0x0,
    0x0, 0x0, 0x0, 0x0, 0x3, 0xf0, 0x3f, 0xf0,
    0xe1, 0xc7, 0x3, 0x9c, 0xe, 0xe0, 0x1f, 0x80,
    0x7e, 0x1, 0xf8, 0x7, 0xe0, 0x1f, 0x80, 0x7e,
    0x1, 0xdc, 0xe, 0x70, 0x38, 0xe1, 0xc3, 0xff,
    0x3, 0xf0,

    /* U+00F6 "ö" */
    0x1c, 0xe0, 0x73, 0x81, 0xce, 0x0, 0x0, 0x0,
    0x0, 0x0, 0x0, 0xfc, 0xf, 0xfc, 0x38, 0x71,
    0xc0, 0xe7, 0x3, 0xb8, 0x7, 0xe0, 0x1f, 0x80,
    0x7e, 0x1, 0xf8, 0x7, 0xe0, 0x1f, 0x80, 0x77,
    0x3, 0x9c, 0xe, 0x38, 0x70, 0xff, 0xc0, 0xfc,
    0x0,

    /* U+00F7 "÷" */
    0x3, 0x80, 0x7, 0x0, 0xe, 0x0, 0x0, 0x0,
    0x0, 0x0, 0x0, 0x3f, 0xff, 0xff, 0xff, 0x0,
    0x0, 0x0, 0x0, 0x0, 0x0, 0x1c, 0x0, 0x38,
    0x0, 0x70, 0x0,

    /* U+00F8 "ø" */
    0x0, 0x2, 0x7, 0xe7, 0x1f, 0xfe, 0x1c, 0x3c,
    0x38, 0x1c, 0x38, 0x3c, 0x70, 0x7e, 0x70, 0x6e,
    0x70, 0xce, 0x71, 0x8e, 0x73, 0xe, 0x77, 0xe,
    0x76, 0xe, 0x3c, 0x1c, 0x38, 0x1c, 0x3c, 0x38,
    0x7f, 0xf8, 0xe7, 0xe0, 0xc0, 0x0,

    /* U+00F9 "ù" */
    0x70, 0x1, 0xc0, 0x7, 0x0, 0x1c, 0x0, 0x60,
    0x1, 0x80, 0x0, 0x0, 0x0, 0xe0, 0x3f, 0x1,
    0xf8, 0xf, 0xc0, 0x7e, 0x3, 0xf0, 0x1f, 0x80,
    0xfc, 0x7, 0xe0, 0x3f, 0x1, 0xf8, 0xf, 0xc0,
    0x7e, 0x3, 0xf8, 0x3d, 0xc3, 0xef, 0xf7, 0x1f,
    0x38,

    /* U+00FA "ú" */
    0x0, 0xe0, 0x7, 0x0, 0x70, 0x7, 0x0, 0x70,
    0x3, 0x0, 0x0, 0x0, 0x0, 0xe0, 0x3f, 0x1,
    0xf8, 0xf, 0xc0, 0x7e, 0x3, 0xf0, 0x1f, 0x80,
    0xfc, 0x7, 0xe0, 0x3f, 0x1, 0xf8, 0xf, 0xc0,
    0x7e, 0x3, 0xf8, 0x3d, 0xc3, 0xef, 0xf7, 0x1f,
    0x38,

    /* U+00FB "û" */
    0x6, 0x0, 0x38, 0x3, 0xe0, 0x3b, 0x1, 0x8c,
    0x18, 0x30, 0x0, 0x0, 0x0, 0xe0, 0x3f, 0x1,
    0xf8, 0xf, 0xc0, 0x7e, 0x3, 0xf0, 0x1f, 0x80,
    0xfc, 0x7, 0xe0, 0x3f, 0x1, 0xf8, 0xf, 0xc0,
    0x7e, 0x3, 0xf8, 0x3d, 0xc3, 0xef, 0xf7, 0x1f,
    0x38,

    /* U+00FC "ü" */
    0x38, 0xe1, 0xc7, 0xe, 0x38, 0x0, 0x0, 0x0,
    0x0, 0x3, 0x80, 0xfc, 0x7, 0xe0, 0x3f, 0x1,
    0xf8, 0xf, 0xc0, 0x7e, 0x3, 0xf0, 0x1f, 0x80,
    0xfc, 0x7, 0xe0, 0x3f, 0x1, 0xf8, 0xf, 0xe0,
    0xf7, 0xf, 0xbf, 0xdc, 0x7c, 0xe0,

    /* U+00FD "ý" */
    0x0, 0x70, 0x0, 0xc0, 0x3, 0x80, 0xe, 0x0,
    0x38, 0x0, 0x60, 0x0, 0x0, 0x0, 0x0, 0xe0,
    0xf, 0xc0, 0x1d, 0xc0, 0x73, 0x80, 0xe3, 0x1,
    0x87, 0x7, 0xe, 0xe, 0xc, 0x18, 0x1c, 0x70,
    0x38, 0xe0, 0x39, 0x80, 0x77, 0x0, 0x6c, 0x0,
    0xf8, 0x1, 0xf0, 0x1, 0xc0, 0x3, 0x80, 0x7,
    0x0, 0x1c, 0x0, 0x38, 0x0, 0xe0, 0xf, 0xc0,
    0x1e, 0x0, 0x0,

    /* U+00FE "þ" */
    0xe0, 0x3, 0x80, 0xe, 0x0, 0x38, 0x0, 0xe0,
    0x3, 0x80, 0xe, 0x7c, 0x3b, 0xfc, 0xf8, 0x73,
    0xc0, 0xef, 0x3, 0xb8, 0x7, 0xe0, 0x1f, 0x80,
    0x7e, 0x1, 0xf8, 0x7, 0xe0, 0x1f, 0x80, 0x7f,
    0x3, 0xbc, 0xe, 0xf8, 0x73, 0xbf, 0xce, 0x7c,
    0x38, 0x0, 0xe0, 0x3, 0x80, 0xe, 0x0, 0x38,
    0x0, 0xe0, 0x0,

    /* U+00FF "ÿ" */
    0x1c, 0x70, 0x1c, 0x70, 0x1c, 0x70, 0x0, 0x0,
    0x0, 0x0, 0x0, 0x0, 0xe0, 0xe, 0xe0, 0xe,
    0x70, 0xe, 0x70, 0x1c, 0x30, 0x1c, 0x38, 0x18,
    0x38, 0x38, 0x1c, 0x38, 0x1c, 0x70, 0x1c, 0x70,
    0xe, 0x60, 0xe, 0xe0, 0x6, 0xe0, 0x7, 0xc0,
    0x7, 0xc0, 0x3, 0x80, 0x3, 0x80, 0x3, 0x80,
    0x7, 0x0, 0x7, 0x0, 0xe, 0x0, 0x7e, 0x0,
    0x7c, 0x0,

    /* U+0374 "ʹ" */
    0x77, 0x66, 0x6e, 0xc0,

    /* U+0375 "͵" */
    0x37, 0x76, 0x6e, 0xe0,

    /* U+0376 "Ͷ" */
    0xe0, 0x3f, 0x80, 0xfe, 0x7, 0xf8, 0x1f, 0xe0,
    0xff, 0x83, 0x7e, 0xd, 0xf8, 0x77, 0xe1, 0x9f,
    0x8e, 0x7e, 0x31, 0xf8, 0xc7, 0xe7, 0x1f, 0x98,
    0x7e, 0xe1, 0xfb, 0x7, 0xec, 0x1f, 0xf0, 0x7f,
    0x81, 0xfe, 0x7, 0xf0, 0x1f, 0xc0, 0x70,

    /* U+0377 "ͷ" */
    0xe0, 0x3f, 0x3, 0xf8, 0x1f, 0xc1, 0xfe, 0x1f,
    0xf0, 0xff, 0x8e, 0xfc, 0x67, 0xe7, 0x3f, 0x31,
    0xfb, 0x8f, 0xf8, 0x7f, 0xc3, 0xfc, 0x1f, 0xc0,
    0xfe, 0x7, 0xe0, 0x38,

    /* U+037A "ͺ" */
    0xdb, 0x6e,

    /* U+037B "ͻ" */
    0x7f, 0x7, 0xfe, 0x30, 0x78, 0x1, 0xe0, 0x7,
    0x0, 0x1c, 0x0, 0xe0, 0x7, 0x0, 0x38, 0x1,
    0xc0, 0xe, 0x0, 0x70, 0x7, 0x0, 0x7b, 0x7,
    0x9f, 0xf8, 0x3f, 0x0,

    /* U+037C "ͼ" */
    0x7, 0xe0, 0xff, 0xcf, 0xe, 0xe0, 0x17, 0x0,
    0x70, 0x3, 0x87, 0x1c, 0x38, 0xe1, 0xc7, 0xe,
    0x38, 0x1, 0xc0, 0x7, 0x0, 0x38, 0x4, 0xf0,
    0x63, 0xff, 0x7, 0xe0,

    /* U+037D "ͽ" */
    0x3f, 0x7, 0xfe, 0x30, 0x79, 0x1, 0xe0, 0x7,
    0x0, 0x1c, 0x70, 0xe3, 0x87, 0x1c, 0x38, 0xe1,
    0xc0, 0xe, 0x0, 0x70, 0x7, 0x40, 0x7b, 0x87,
    0x9f, 0xf8, 0x3f, 0x0,

    /* U+037E ";" */
    0x77, 0x77, 0x0, 0x0, 0x0, 0x0, 0x77, 0x77,
    0x6e, 0xcc,

    /* U+037F "Ϳ" */
    0xf, 0xf8, 0x7f, 0xc0, 0xe, 0x0, 0x70, 0x3,
    0x80, 0x1c, 0x0, 0xe0, 0x7, 0x0, 0x38, 0x1,
    0xc0, 0xe, 0x0, 0x70, 0x3, 0x80, 0x1c, 0x0,
    0xe0, 0x7, 0x0, 0x38, 0x1, 0xf0, 0x1d, 0xe1,
    0xef, 0xfe, 0x1f, 0xe0,

    /* U+0384 "΄" */
    0xe, 0x38, 0x61, 0x87, 0x1c, 0x0,

    /* U+0385 "΅" */
    0x1, 0xc0, 0xe0, 0x70, 0x38, 0x1c, 0x6, 0x0,
    0x3, 0x8e, 0xe3, 0xb8, 0xe0,

    /* U+0386 "Ά" */
    0xe, 0x0, 0x7, 0x0, 0x1, 0x9e, 0x0, 0xc7,
    0x80, 0x63, 0xf0, 0x0, 0xfc, 0x0, 0x3b, 0x0,
    0xc, 0xe0, 0x7, 0x38, 0x1, 0xce, 0x0, 0x61,
    0x80, 0x38, 0x70, 0xe, 0x1c, 0x3, 0x87, 0x1,
    0xc0, 0xe0, 0x70, 0x38, 0x1f, 0xfe, 0x7, 0xff,
    0xc3, 0x80, 0x70, 0xe0, 0x1c, 0x38, 0x3, 0x1c,
    0x0, 0xe7, 0x0, 0x39, 0xc0, 0xe,

    /* U+0387 "·" */
    0xff, 0xf0,

    /* U+0388 "Έ" */
    0xc, 0x0, 0x1, 0x80, 0x0, 0x33, 0xff, 0xe6,
    0x3f, 0xfe, 0xe3, 0x80, 0x0, 0x38, 0x0, 0x3,
    0x80, 0x0, 0x38, 0x0, 0x3, 0x80, 0x0, 0x38,
    0x0, 0x3, 0x80, 0x0, 0x3f, 0xfe, 0x3, 0xff,
    0xe0, 0x38, 0x0, 0x3, 0x80, 0x0, 0x38, 0x0,
    0x3, 0x80, 0x0, 0x38, 0x0, 0x3, 0x80, 0x0,
    0x38, 0x0, 0x3, 0x80, 0x0, 0x38, 0x0, 0x3,
    0xff, 0xf0, 0x3f, 0xff,

    /* U+0389 "Ή" */
    0xe, 0x0, 0x1, 0xc0, 0x0, 0x3b, 0x80, 0x77,
    0x38, 0x7, 0x63, 0x80, 0x78, 0x38, 0x7, 0x3,
    0x80, 0x70, 0x38, 0x7, 0x3, 0x80, 0x70, 0x38,
    0x7, 0x3, 0x80, 0x70, 0x3f, 0xff, 0x3, 0xff,
    0xf0, 0x38, 0x7, 0x3, 0x80, 0x70, 0x38, 0x7,
    0x3, 0x80, 0x70, 0x38, 0x7, 0x3, 0x80, 0x70,
    0x38, 0x7, 0x3, 0x80, 0x70, 0x38, 0x7, 0x3,
    0x80, 0x70, 0x38, 0x7,

    /* U+038A "Ί" */
    0x1c, 0x0, 0x6, 0x0, 0x3, 0x3f, 0xfd, 0x8f,
    0xff, 0xc0, 0x1c, 0x0, 0x7, 0x0, 0x1, 0xc0,
    0x0, 0x70, 0x0, 0x1c, 0x0, 0x7, 0x0, 0x1,
    0xc0, 0x0, 0x70, 0x0, 0x1c, 0x0, 0x7, 0x0,
    0x1, 0xc0, 0x0, 0x70, 0x0, 0x1c, 0x0, 0x7,
    0x0, 0x1, 0xc0, 0x0, 0x70, 0x0, 0x1c, 0x0,
    0x7, 0x0, 0x3f, 0xfc, 0xf, 0xff,

    /* U+038C "Ό" */
    0xe, 0x0, 0x3, 0x0, 0x1, 0xc0, 0x0, 0xe3,
    0xe0, 0x73, 0xfe, 0x19, 0xe3, 0xc0, 0xe0, 0x38,
    0x38, 0xe, 0xe, 0x3, 0x87, 0x0, 0x71, 0xc0,
    0x1c, 0x70, 0x7, 0x1c, 0x1, 0xc7, 0x0, 0x71,
    0xc0, 0x1c, 0x70, 0x7, 0x1c, 0x1, 0xc7, 0x0,
    0x71, 0xc0, 0x1c, 0x38, 0xe, 0xe, 0x3, 0x83,
    0x80, 0xe0, 0x70, 0x70, 0xf, 0xf8, 0x0, 0xf8,
    0x0,

    /* U+038E "Ύ" */
    0x1c, 0x0, 0x0, 0x30, 0x0, 0x0, 0xce, 0x0,
    0x3b, 0x8e, 0x0, 0xee, 0x1e, 0x3, 0xc0, 0x1c,
    0x7, 0x0, 0x1c, 0x1c, 0x0, 0x38, 0x38, 0x0,
    0x38, 0xe0, 0x0, 0x71, 0xc0, 0x0, 0x77, 0x0,
    0x0, 0xee, 0x0, 0x0, 0xf8, 0x0, 0x0, 0xe0,
    0x0, 0x1, 0xc0, 0x0, 0x3, 0x80, 0x0, 0x7,
    0x0, 0x0, 0xe, 0x0, 0x0, 0x1c, 0x0, 0x0,
    0x38, 0x0, 0x0, 0x70, 0x0, 0x0, 0xe0, 0x0,
    0x1, 0xc0, 0x0, 0x3, 0x80,

    /* U+038F "Ώ" */
    0xe, 0x0, 0x7, 0x0, 0x3, 0x9f, 0x81, 0xdf,
    0xf8, 0xcf, 0xf, 0x3, 0x81, 0xc1, 0xc0, 0x38,
    0x70, 0xe, 0x38, 0x1, 0xce, 0x0, 0x73, 0x80,
    0x1c, 0xe0, 0x7, 0x38, 0x1, 0xce, 0x0, 0x73,
    0x80, 0x1c, 0xe0, 0x7, 0x3c, 0x3, 0xc7, 0x0,
    0xe1, 0xc0, 0x38, 0x38, 0x1c, 0xe, 0x7, 0x1,
    0xc3, 0x83, 0xf9, 0xfc, 0xfe, 0x7f,

    /* U+0390 "ΐ" */
    0x1, 0x80, 0xe0, 0x70, 0x38, 0xc, 0x6, 0x0,
    0x3, 0x8e, 0xe3, 0xb8, 0xe0, 0x0, 0x0, 0x0,
    0x3f, 0xf, 0xc0, 0x70, 0x1c, 0x7, 0x1, 0xc0,
    0x70, 0x1c, 0x7, 0x1, 0xc0, 0x70, 0x1c, 0x7,
    0x1, 0xc0, 0x38, 0xf, 0xc1, 0xf0,

    /* U+0391 "Α" */
    0x3, 0xc0, 0x1, 0xe0, 0x1, 0xf8, 0x0, 0xfc,
    0x0, 0x76, 0x0, 0x33, 0x80, 0x39, 0xc0, 0x1c,
    0xe0, 0xc, 0x30, 0xe, 0x1c, 0x7, 0xe, 0x3,
    0x87, 0x3, 0x81, 0xc1, 0xc0, 0xe0, 0xff, 0xf0,
    0x7f, 0xfc, 0x70, 0xe, 0x38, 0x7, 0x1c, 0x1,
    0x9c, 0x0, 0xee, 0x0, 0x77, 0x0, 0x38,

    /* U+0392 "Β" */
    0xff, 0xc3, 0xff, 0x8e, 0x7, 0x38, 0xe, 0xe0,
    0x3b, 0x80, 0xee, 0x3, 0xb8, 0xe, 0xe0, 0x73,
    0xff, 0x8f, 0xfe, 0x38, 0x1c, 0xe0, 0x3b, 0x80,
    0x7e, 0x1, 0xf8, 0x7, 0xe0, 0x1f, 0x80, 0x7e,
    0x3, 0xf8, 0x1e, 0xff, 0xf3, 0xff, 0x0,

    /* U+0393 "Γ" */
    0xff, 0xff, 0xff, 0xfe, 0x0, 0x38, 0x0, 0xe0,
    0x3, 0x80, 0xe, 0x0, 0x38, 0x0, 0xe0, 0x3,
    0x80, 0xe, 0x0, 0x38, 0x0, 0xe0, 0x3, 0x80,
    0xe, 0x0, 0x38, 0x0, 0xe0, 0x3, 0x80, 0xe,
    0x0, 0x38, 0x0, 0xe0, 0x3, 0x80, 0x0,

    /* U+0394 "Δ" */
    0x3, 0xc0, 0x1, 0xe0, 0x1, 0xf8, 0x0, 0xfc,
    0x0, 0x76, 0x0, 0x33, 0x80, 0x39, 0xc0, 0x1c,
    0xe0, 0xc, 0x30, 0xe, 0x1c, 0x7, 0xe, 0x3,
    0x87, 0x3, 0x81, 0xc1, 0xc0, 0xe0, 0xe0, 0x70,
    0x70, 0x1c, 0x70, 0xe, 0x38, 0x7, 0x1c, 0x3,
    0x9c, 0x0, 0xef, 0xff, 0xf7, 0xff, 0xf8,

    /* U+0395 "Ε" */
    0xff, 0xfb, 0xff, 0xee, 0x0, 0x38, 0x0, 0xe0,
    0x3, 0x80, 0xe, 0x0, 0x38, 0x0, 0xe0, 0x3,
    0xff, 0xef, 0xff, 0xb8, 0x0, 0xe0, 0x3, 0x80,
    0xe, 0x0, 0x38, 0x0, 0xe0, 0x3, 0x80, 0xe,
    0x0, 0x38, 0x0, 0xff, 0xff, 0xff, 0xf0,

    /* U+0396 "Ζ" */
    0xff, 0xfd, 0xff, 0xf8, 0x0, 0xf0, 0x1, 0xc0,
    0x7, 0x0, 0xe, 0x0, 0x38, 0x0, 0xe0, 0x1,
    0xc0, 0x7, 0x0, 0xe, 0x0, 0x38, 0x0, 0xe0,
    0x1, 0xc0, 0x7, 0x0, 0xe, 0x0, 0x38, 0x0,
    0x60, 0x1, 0xc0, 0x7, 0x0, 0xf, 0xff, 0xff,
    0xff, 0xc0,

    /* U+0397 "Η" */
    0xe0, 0x1f, 0x80, 0x7e, 0x1, 0xf8, 0x7, 0xe0,
    0x1f, 0x80, 0x7e, 0x1, 0xf8, 0x7, 0xe0, 0x1f,
    0xff, 0xff, 0xff, 0xf8, 0x7, 0xe0, 0x1f, 0x80,
    0x7e, 0x1, 0xf8, 0x7, 0xe0, 0x1f, 0x80, 0x7e,
    0x1, 0xf8, 0x7, 0xe0, 0x1f, 0x80, 0x70,

    /* U+0398 "Θ" */
    0x7, 0xc0, 0x3f, 0xe0, 0xf1, 0xe3, 0x80, 0xe7,
    0x1, 0xce, 0x3, 0xb8, 0x3, 0xf0, 0x7, 0xe0,
    0xf, 0xdf, 0x9f, 0xbf, 0x3f, 0x0, 0x7e, 0x0,
    0xfc, 0x1, 0xf8, 0x3, 0xf0, 0x7, 0x70, 0x1c,
    0xe0, 0x39, 0xc0, 0x71, 0xc1, 0xc1, 0xff, 0x0,
    0xf8, 0x0,

    /* U+0399 "Ι" */
    0xff, 0xff, 0xff, 0x7, 0x0, 0x70, 0x7, 0x0,
    0x70, 0x7, 0x0, 0x70, 0x7, 0x0, 0x70, 0x7,
    0x0, 0x70, 0x7, 0x0, 0x70, 0x7, 0x0, 0x70,
    0x7, 0x0, 0x70, 0x7, 0x0, 0x70, 0xff, 0xff,
    0xff,

    /* U+039A "Κ" */
    0xe0, 0xe, 0xe0, 0x1c, 0xe0, 0x38, 0xe0, 0x70,
    0xe0, 0xe0, 0xe1, 0xe0, 0xe3, 0xc0, 0xe7, 0x80,
    0xef, 0x0, 0xff, 0x0, 0xff, 0x0, 0xfb, 0x80,
    0xf3, 0xc0, 0xe1, 0xc0, 0xe0, 0xe0, 0xe0, 0xf0,
    0xe0, 0x70, 0xe0, 0x78, 0xe0, 0x3c, 0xe0, 0x1c,
    0xe0, 0x1e, 0xe0, 0xf,

    /* U+039B "Λ" */
    0x3, 0xc0, 0x1, 0xe0, 0x1, 0xf8, 0x0, 0xfc,
    0x0, 0x76, 0x0, 0x33, 0x80, 0x39, 0xc0, 0x1c,
    0xe0, 0xc, 0x30, 0xe, 0x1c, 0x7, 0xe, 0x3,
    0x83, 0x3, 0x81, 0xc1, 0xc0, 0xe0, 0xe0, 0x70,
    0x60, 0x1c, 0x70, 0xe, 0x38, 0x7, 0x1c, 0x3,
    0x9c, 0x0, 0xee, 0x0, 0x77, 0x0, 0x38,

    /* U+039C "Μ" */
    0xf0, 0xf, 0xf8, 0x1f, 0xf8, 0x1f, 0xf8, 0x1f,
    0xec, 0x37, 0xec, 0x37, 0xec, 0x37, 0xe6, 0x67,
    0xe6, 0x67, 0xe6, 0x67, 0xe3, 0xc7, 0xe3, 0xc7,
    0xe3, 0xc7, 0xe1, 0x87, 0xe0, 0x7, 0xe0, 0x7,
    0xe0, 0x7, 0xe0, 0x7, 0xe0, 0x7, 0xe0, 0x7,
    0xe0, 0x7, 0xe0, 0x7,

    /* U+039D "Ν" */
    0xf0, 0x1f, 0xc0, 0x7f, 0x81, 0xfe, 0x7, 0xfc,
    0x1f, 0xb0, 0x7e, 0xc1, 0xfb, 0x87, 0xe6, 0x1f,
    0x9c, 0x7e, 0x31, 0xf8, 0xc7, 0xe3, 0x9f, 0x86,
    0x7e, 0x1d, 0xf8, 0x37, 0xe0, 0xdf, 0x83, 0xfe,
    0x7, 0xf8, 0x1f, 0xe0, 0x3f, 0x80, 0xf0,

    /* U+039E "Ξ" */
    0xff, 0xff, 0xff, 0xf0, 0x0, 0x0, 0x0, 0x0,
    0x0, 0x0, 0x0, 0x0, 0x0, 0x0, 0x0, 0x0,
    0x7f, 0x81, 0xfe, 0x0, 0x0, 0x0, 0x0, 0x0,
    0x0, 0x0, 0x0, 0x0, 0x0, 0x0, 0x0, 0x0,
    0x0, 0x0, 0x0, 0xff, 0xff, 0xff, 0xf0,

    /* U+039F "Ο" */
    0x7, 0xc0, 0x3f, 0xe0, 0xf1, 0xe3, 0x80, 0xe7,
    0x1, 0xce, 0x3, 0xb8, 0x3, 0xf0, 0x7, 0xe0,
    0xf, 0xc0, 0x1f, 0x80, 0x3f, 0x0, 0x7e, 0x0,
    0xfc, 0x1, 0xf8, 0x3, 0xf0, 0x7, 0x70, 0x1c,
    0xe0, 0x39, 0xc0, 0x71, 0xc1, 0xc1, 0xff, 0x0,
    0xf8, 0x0,

    /* U+03A0 "Π" */
    0xff, 0xff, 0xff, 0xfe, 0x1, 0xf8, 0x7, 0xe0,
    0x1f, 0x80, 0x7e, 0x1, 0xf8, 0x7, 0xe0, 0x1f,
    0x80, 0x7e, 0x1, 0xf8, 0x7, 0xe0, 0x1f, 0x80,
    0x7e, 0x1, 0xf8, 0x7, 0xe0, 0x1f, 0x80, 0x7e,
    0x1, 0xf8, 0x7, 0xe0, 0x1f, 0x80, 0x70,

    /* U+03A1 "Ρ" */
    0xff, 0xc3, 0xff, 0xce, 0x7, 0xb8, 0xe, 0xe0,
    0x1f, 0x80, 0x7e, 0x1, 0xf8, 0x7, 0xe0, 0x1f,
    0x80, 0xee, 0x7, 0xbf, 0xfc, 0xff, 0xc3, 0x80,
    0xe, 0x0, 0x38, 0x0, 0xe0, 0x3, 0x80, 0xe,
    0x0, 0x38, 0x0, 0xe0, 0x3, 0x80, 0x0,

    /* U+03A3 "Σ" */
    0xff, 0xff, 0xff, 0xff, 0xc0, 0x3, 0x80, 0x3,
    0x80, 0x3, 0x80, 0x7, 0x0, 0x7, 0x0, 0x7,
    0x0, 0x7, 0x0, 0xe, 0x0, 0x1c, 0x0, 0x38,
    0x0, 0xe0, 0x3, 0x80, 0xe, 0x0, 0x1c, 0x0,
    0x70, 0x1, 0xc0, 0x7, 0x80, 0xf, 0xff, 0xff,
    0xff, 0xc0,

    /* U+03A4 "Τ" */
    0xff, 0xff, 0xff, 0xff, 0xc0, 0x70, 0x0, 0x38,
    0x0, 0x1c, 0x0, 0xe, 0x0, 0x7, 0x0, 0x3,
    0x80, 0x1, 0xc0, 0x0, 0xe0, 0x0, 0x70, 0x0,
    0x38, 0x0, 0x1c, 0x0, 0xe, 0x0, 0x7, 0x0,
    0x3, 0x80, 0x1, 0xc0, 0x0, 0xe0, 0x0, 0x70,
    0x0, 0x38, 0x0, 0x1c, 0x0, 0xe, 0x0,

    /* U+03A5 "Υ" */
    0xe0, 0x3, 0xb8, 0x3, 0x9e, 0x3, 0xc7, 0x1,
    0xc1, 0xc1, 0xc0, 0xe0, 0xe0, 0x38, 0xe0, 0x1c,
    0x70, 0x7, 0x70, 0x3, 0xb8, 0x0, 0xf8, 0x0,
    0x38, 0x0, 0x1c, 0x0, 0xe, 0x0, 0x7, 0x0,
    0x3, 0x80, 0x1, 0xc0, 0x0, 0xe0, 0x0, 0x70,
    0x0, 0x38, 0x0, 0x1c, 0x0, 0xe, 0x0,

    /* U+03A6 "Φ" */
    0xf, 0xe0, 0x1f, 0xc0, 0xe, 0x0, 0x1c, 0x1,
    0xff, 0x7, 0xff, 0x1f, 0xff, 0x39, 0xce, 0xe3,
    0x8f, 0xc7, 0x1f, 0x8e, 0x3f, 0x1c, 0x7e, 0x38,
    0xfc, 0x71, 0xdc, 0xe7, 0x3f, 0xfe, 0x3f, 0xf8,
    0x3f, 0xe0, 0xe, 0x0, 0x1c, 0x0, 0xfe, 0x1,
    0xfc, 0x0,

    /* U+03A7 "Χ" */
    0x38, 0x3, 0x8e, 0x1, 0xc1, 0xc0, 0x70, 0x70,
    0x38, 0xe, 0x1c, 0x1, 0xc7, 0x0, 0x73, 0x80,
    0xe, 0xe0, 0x3, 0xf0, 0x0, 0x78, 0x0, 0x1e,
    0x0, 0x7, 0x80, 0x3, 0xf0, 0x0, 0xee, 0x0,
    0x73, 0x80, 0x38, 0x70, 0xe, 0x1c, 0x7, 0x3,
    0x83, 0xc0, 0x70, 0xe0, 0x1c, 0x70, 0x3, 0x9c,
    0x0, 0xe0,

    /* U+03A8 "Ψ" */
    0xe3, 0x8f, 0xc7, 0x1f, 0x8e, 0x3f, 0x1c, 0x7e,
    0x38, 0xfc, 0x71, 0xf8, 0xe3, 0xf1, 0xc7, 0xe3,
    0x8f, 0xc7, 0x1f, 0xce, 0x7b, 0x9c, 0xe7, 0x39,
    0xc7, 0x77, 0xf, 0xfe, 0xf, 0xf8, 0x7, 0xc0,
    0x7, 0x0, 0xe, 0x0, 0x1c, 0x0, 0xfe, 0x1,
    0xfc, 0x0,

    /* U+03A9 "Ω" */
    0x7, 0xe0, 0x1f, 0xf8, 0x3c, 0x3c, 0x38, 0x1c,
    0x70, 0xe, 0x70, 0xe, 0xe0, 0x7, 0xe0, 0x7,
    0xe0, 0x7, 0xe0, 0x7, 0xe0, 0x7, 0xe0, 0x7,
    0xe0, 0x7, 0xe0, 0x7, 0xf0, 0xf, 0x70, 0xe,
    0x70, 0xe, 0x38, 0x1c, 0x38, 0x1c, 0x1c, 0x38,
    0xfe, 0x7f, 0xfe, 0x7f,

    /* U+03AA "Ϊ" */
    0x39, 0xc3, 0x9c, 0x39, 0xc0, 0x0, 0x0, 0x0,
    0x0, 0xff, 0xff, 0xff, 0x7, 0x0, 0x70, 0x7,
    0x0, 0x70, 0x7, 0x0, 0x70, 0x7, 0x0, 0x70,
    0x7, 0x0, 0x70, 0x7, 0x0, 0x70, 0x7, 0x0,
    0x70, 0x7, 0x0, 0x70, 0x7, 0x0, 0x70, 0xff,
    0xff, 0xff,

    /* U+03AB "Ϋ" */
    0xe, 0x38, 0x7, 0x1c, 0x3, 0x8e, 0x0, 0x0,
    0x0, 0x0, 0x0, 0x0, 0x3, 0x80, 0xe, 0xe0,
    0xe, 0x70, 0x7, 0x1c, 0x7, 0x7, 0x7, 0x83,
    0x83, 0x80, 0xe3, 0x80, 0x71, 0xc0, 0x1d, 0xc0,
    0xe, 0xe0, 0x3, 0xe0, 0x0, 0xe0, 0x0, 0x70,
    0x0, 0x38, 0x0, 0x1c, 0x0, 0xe, 0x0, 0x7,
    0x0, 0x3, 0x80, 0x1, 0xc0, 0x0, 0xe0, 0x0,
    0x70, 0x0, 0x38, 0x0,

    /* U+03AC "ά" */
    0x0, 0x38, 0x0, 0x70, 0x0, 0x60, 0x0, 0xc0,
    0x1, 0xc0, 0x3, 0x80, 0x0, 0x0, 0x0, 0x0,
    0xf, 0x86, 0x1f, 0xc6, 0x38, 0xee, 0x70, 0x6c,
    0x70, 0x7c, 0xe0, 0x3c, 0xe0, 0x38, 0xe0, 0x38,
    0xe0, 0x38, 0xe0, 0x38, 0xe0, 0x38, 0xe0, 0x38,
    0x70, 0x78, 0x70, 0x78, 0x78, 0xfc, 0x3f, 0xcf,
    0xf, 0x87,

    /* U+03AD "έ" */
    0x0, 0xe0, 0x7, 0x0, 0x70, 0x7, 0x0, 0x70,
    0x3, 0x0, 0x0, 0x0, 0x0, 0x1f, 0xf3, 0xff,
    0xfe, 0x7, 0xc0, 0xe, 0x0, 0x70, 0x1, 0xc0,
    0x7, 0xf8, 0x3f, 0xc3, 0xc0, 0x3c, 0x1, 0xc0,
    0xe, 0x0, 0x70, 0x1, 0xe0, 0x67, 0xff, 0xf,
    0xf0,

    /* U+03AE "ή" */
    0x0, 0xe0, 0x7, 0x0, 0x70, 0x7, 0x0, 0x70,
    0x3, 0x0, 0x0, 0x0, 0x0, 0xe7, 0xc7, 0x7f,
    0xbe, 0x1d, 0xe0, 0xfe, 0x3, 0xf0, 0x1f, 0x80,
    0xfc, 0x7, 0xe0, 0x3f, 0x1, 0xf8, 0xf, 0xc0,
    0x7e, 0x3, 0xf0, 0x1f, 0x80, 0xfc, 0x7, 0xe0,
    0x38, 0x1, 0xc0, 0xe, 0x0, 0x70, 0x3, 0x80,
    0x1c, 0x0, 0xe0,

    /* U+03AF "ί" */
    0x3, 0x81, 0xc0, 0x60, 0x30, 0x1c, 0xe, 0x0,
    0x3, 0xf0, 0xfc, 0x7, 0x1, 0xc0, 0x70, 0x1c,
    0x7, 0x1, 0xc0, 0x70, 0x1c, 0x7, 0x1, 0xc0,
    0x70, 0x1c, 0x3, 0x80, 0xfc, 0x1f,

    /* U+03B0 "ΰ" */
    0x0, 0x18, 0x0, 0x38, 0x0, 0x70, 0x0, 0xe0,
    0x0, 0xc0, 0x1, 0x80, 0x0, 0x0, 0xe, 0x38,
    0xe, 0x38, 0xe, 0x38, 0x0, 0x0, 0x0, 0x0,
    0x0, 0x0, 0xfc, 0x1c, 0xfc, 0xc, 0x1c, 0x6,
    0x1c, 0x6, 0x1c, 0x6, 0x1c, 0x6, 0x1c, 0x6,
    0x1c, 0x7, 0x1c, 0x6, 0x1c, 0x6, 0x1c, 0x6,
    0x1c, 0x6, 0x1c, 0xc, 0x1c, 0xc, 0xe, 0x38,
    0xf, 0xf0, 0x7, 0xe0,

    /* U+03B1 "α" */
    0xf, 0x86, 0x1f, 0xc6, 0x38, 0xee, 0x70, 0x6c,
    0x70, 0x7c, 0xe0, 0x3c, 0xe0, 0x38, 0xe0, 0x38,
    0xe0, 0x38, 0xe0, 0x38, 0xe0, 0x38, 0xe0, 0x38,
    0x70, 0x78, 0x70, 0x78, 0x78, 0xfc, 0x3f, 0xcf,
    0xf, 0x87,

    /* U+03B2 "β" */
    0xf, 0xc0, 0xff, 0xc7, 0xff, 0x1e, 0x1e, 0xf0,
    0x3b, 0x80, 0xee, 0x3, 0xb8, 0xe, 0xe0, 0x73,
    0x83, 0xce, 0x7e, 0x39, 0xfc, 0xe0, 0xfb, 0x80,
    0xfe, 0x1, 0xf8, 0x7, 0xe0, 0x1f, 0x80, 0x7f,
    0x1, 0xfe, 0xe, 0xff, 0xfb, 0xff, 0xce, 0x7c,
    0x38, 0x0, 0xe0, 0x3, 0x80, 0xe, 0x0, 0x38,
    0x0, 0xe0, 0x0,

    /* U+03B3 "γ" */
    0xe0, 0x7, 0xf0, 0x7, 0x38, 0xe, 0x18, 0xe,
    0x18, 0xc, 0x1c, 0x1c, 0xc, 0x1c, 0xe, 0x38,
    0xe, 0x38, 0x6, 0x38, 0x7, 0x70, 0x7, 0x70,
    0x3, 0x70, 0x3, 0xe0, 0x3, 0xe0, 0x1, 0xc0,
    0x1, 0xc0, 0x1, 0xc0, 0x1, 0xc0, 0x1, 0xc0,
    0x1, 0xc0, 0x1, 0xc0, 0x1, 0xc0,

    /* U+03B4 "δ" */
    0xf, 0xe0, 0xff, 0xc7, 0x81, 0x1c, 0x0, 0x70,
    0x1, 0xe0, 0x3, 0xfc, 0xf, 0xfc, 0x78, 0x71,
    0xc0, 0xe7, 0x3, 0xb8, 0x7, 0xe0, 0x1f, 0x80,
    0x7e, 0x1, 0xf8, 0x7, 0xe0, 0x1f, 0x80, 0x77,
    0x3, 0x9c, 0xe, 0x38, 0x70, 0xff, 0xc0, 0xfc,
    0x0,

    /* U+03B5 "ε" */
    0x1f, 0xf3, 0xff, 0xfe, 0x7, 0xc0, 0xe, 0x0,
    0x70, 0x1, 0xc0, 0x7, 0xf8, 0x3f, 0xc3, 0xc0,
    0x3c, 0x1, 0xc0, 0xe, 0x0, 0x70, 0x1, 0xe0,
    0x67, 0xff, 0xf, 0xf0,

    /* U+03B6 "ζ" */
    0x7f, 0xfd, 0xff, 0xf0, 0xf, 0x80, 0x7c, 0x7,
    0xc0, 0x3e, 0x0, 0xf0, 0x7, 0x80, 0x3c, 0x0,
    0xe0, 0x7, 0x0, 0x1c, 0x0, 0x70, 0x1, 0x80,
    0xe, 0x0, 0x1c, 0x0, 0x70, 0x1, 0xc0, 0x7,
    0x80, 0xe, 0x0, 0x3e, 0x0, 0x7f, 0xc0, 0x7f,
    0x80, 0xf, 0x0, 0x1c, 0x0, 0x70, 0x3, 0xc0,
    0x1e, 0x0, 0x70,

    /* U+03B7 "η" */
    0xe7, 0xc7, 0x7f, 0xbe, 0x1d, 0xe0, 0xfe, 0x3,
    0xf0, 0x1f, 0x80, 0xfc, 0x7, 0xe0, 0x3f, 0x1,
    0xf8, 0xf, 0xc0, 0x7e, 0x3, 0xf0, 0x1f, 0x80,
    0xfc, 0x7, 0xe0, 0x38, 0x1, 0xc0, 0xe, 0x0,
    0x70, 0x3, 0x80, 0x1c, 0x0, 0xe0,

    /* U+03B8 "θ" */
    0xf, 0xc0, 0x7f, 0x83, 0x87, 0x1c, 0xe, 0x70,
    0x39, 0xc0, 0xee, 0x1, 0xf8, 0x7, 0xe0, 0x1f,
    0x80, 0x7f, 0xff, 0xff, 0xff, 0xe0, 0x1f, 0x80,
    0x7e, 0x1, 0xf8, 0x7, 0x70, 0x39, 0xc0, 0xe7,
    0x3, 0x8e, 0x1c, 0x1f, 0xe0, 0x3f, 0x0,

    /* U+03B9 "ι" */
    0xfc, 0x3f, 0x1, 0xc0, 0x70, 0x1c, 0x7, 0x1,
    0xc0, 0x70, 0x1c, 0x7, 0x1, 0xc0, 0x70, 0x1c,
    0x7, 0x0, 0xe0, 0x3f, 0x7, 0xc0,

    /* U+03BA "κ" */
    0xe0, 0x3b, 0x81, 0xce, 0xe, 0x38, 0x70, 0xe3,
    0x83, 0x9c, 0xe, 0xe0, 0x3f, 0xc0, 0xff, 0x3,
    0xce, 0xe, 0x1c, 0x38, 0x78, 0xe0, 0xe3, 0x81,
    0xce, 0x7, 0xb8, 0xe, 0xe0, 0x1c,

    /* U+03BB "λ" */
    0x3c, 0x0, 0x3e, 0x0, 0x7, 0x0, 0x7, 0x0,
    0x3, 0x80, 0x3, 0x80, 0x1, 0x80, 0x3, 0xc0,
    0x3, 0xc0, 0x3, 0xe0, 0x7, 0xe0, 0x7, 0xe0,
    0xe, 0x70, 0xe, 0x70, 0x1c, 0x30, 0x1c, 0x38,
    0x38, 0x38, 0x38, 0x1c, 0x30, 0x1c, 0x70, 0x1c,
    0x70, 0xe, 0xe0, 0xe, 0xe0, 0xe,

    /* U+03BC "μ" */
    0xe0, 0x39, 0xc0, 0x73, 0x80, 0xe7, 0x1, 0xce,
    0x3, 0x9c, 0x7, 0x38, 0xe, 0x70, 0x1c, 0xe0,
    0x39, 0xc0, 0x73, 0x80, 0xe7, 0x1, 0xce, 0x3,
    0x9e, 0xf, 0x3e, 0x3e, 0xff, 0xef, 0xef, 0x9d,
    0xc0, 0x3, 0x80, 0x7, 0x0, 0xe, 0x0, 0x1c,
    0x0, 0x38, 0x0, 0x0,

    /* U+03BD "ν" */
    0x70, 0x38, 0xe0, 0x39, 0xc0, 0x71, 0x80, 0x63,
    0x80, 0xe7, 0x1, 0xce, 0x3, 0x8e, 0x7, 0x1c,
    0x1e, 0x38, 0x38, 0x30, 0xf0, 0x71, 0xc0, 0xe7,
    0x1, 0xde, 0x1, 0xf8, 0x3, 0xe0, 0x7, 0x80,

    /* U+03BE "ξ" */
    0x7f, 0xf9, 0xff, 0xe0, 0xf0, 0xf, 0x0, 0x78,
    0x1, 0xc0, 0x7, 0x0, 0x1c, 0x0, 0x78, 0x0,
    0xf8, 0x1, 0xfe, 0x1, 0xf8, 0x1f, 0xe1, 0xf0,
    0xf, 0x0, 0x38, 0x0, 0xe0, 0x3, 0x80, 0xe,
    0x0, 0x1c, 0x0, 0x7c, 0x0, 0x7f, 0xc0, 0x7f,
    0x80, 0xf, 0x0, 0x1c, 0x0, 0x70, 0x3, 0xc0,
    0x1e, 0x0, 0x70,

    /* U+03BF "ο" */
    0xf, 0xc0, 0xff, 0xc3, 0x87, 0x1c, 0xe, 0x70,
    0x3b, 0x80, 0x7e, 0x1, 0xf8, 0x7, 0xe0, 0x1f,
    0x80, 0x7e, 0x1, 0xf8, 0x7, 0x70, 0x39, 0xc0,
    0xe3, 0x87, 0xf, 0xfc, 0xf, 0xc0,

    /* U+03C0 "π" */
    0xff, 0xff, 0xff, 0xff, 0x38, 0x1c, 0x38, 0x1c,
    0x38, 0x1c, 0x38, 0x1c, 0x38, 0x1c, 0x38, 0x1c,
    0x38, 0x1c, 0x38, 0x1c, 0x38, 0x1c, 0x38, 0x1c,
    0x38, 0x1c, 0x38, 0x1c, 0x38, 0x1c, 0x38, 0x1f,
    0x38, 0xf,

    /* U+03C1 "ρ" */
    0xf, 0xc0, 0xff, 0x87, 0x87, 0x1c, 0xe, 0xf0,
    0x3b, 0x80, 0x7e, 0x1, 0xf8, 0x7, 0xe0, 0x1f,
    0x80, 0x7e, 0x1, 0xf8, 0x7, 0xf0, 0x3b, 0xc0,
    0xef, 0x87, 0x3b, 0xfc, 0xe7, 0xc3, 0x80, 0xe,
    0x0, 0x38, 0x0, 0xe0, 0x3, 0x80, 0xe, 0x0,
    0x0,

    /* U+03C2 "ς" */
    0x7, 0xe0, 0xff, 0xcf, 0x6, 0xe0, 0x17, 0x0,
    0x70, 0x3, 0x80, 0x1c, 0x0, 0xe0, 0x7, 0x0,
    0x38, 0x1, 0xc0, 0x7, 0x0, 0x3c, 0x0, 0xf0,
    0x3, 0xfc, 0x7, 0xf0, 0x3, 0xc0, 0xe, 0x0,
    0x70, 0x7, 0x80, 0x78, 0x3, 0x80,

    /* U+03C3 "σ" */
    0xf, 0xfe, 0x7f, 0xfc, 0xe3, 0x83, 0x83, 0x86,
    0x3, 0x9c, 0x7, 0x38, 0x7, 0x70, 0xe, 0xe0,
    0x1d, 0xc0, 0x3b, 0x80, 0x77, 0x0, 0xe7, 0x3,
    0x8e, 0x7, 0xe, 0x1c, 0x1f, 0xf0, 0xf, 0xc0,

    /* U+03C4 "τ" */
    0xff, 0xff, 0xff, 0xc1, 0xc0, 0xe, 0x0, 0x70,
    0x3, 0x80, 0x1c, 0x0, 0xe0, 0x7, 0x0, 0x38,
    0x1, 0xc0, 0xe, 0x0, 0x70, 0x3, 0x80, 0xe,
    0x0, 0x7e, 0x0, 0xf0,

    /* U+03C5 "υ" */
    0xfc, 0x1c, 0xfc, 0xc, 0x1c, 0xe, 0x1c, 0x6,
    0x1c, 0x6, 0x1c, 0x6, 0x1c, 0x6, 0x1c, 0x7,
    0x1c, 0x6, 0x1c, 0x6, 0x1c, 0xe, 0x1c, 0xe,
    0x1c, 0xc, 0x1c, 0x1c, 0xe, 0x38, 0xf, 0xf0,
    0x7, 0xe0,

    /* U+03C6 "φ" */
    0x8, 0xf0, 0x39, 0xfc, 0x7b, 0x9c, 0x73, 0x8e,
    0xf3, 0x8e, 0xe3, 0x87, 0xe3, 0x87, 0xe3, 0x87,
    0xe3, 0x87, 0xe3, 0x87, 0xe3, 0x87, 0xe3, 0x87,
    0x63, 0x8e, 0x73, 0x8e, 0x3b, 0x9c, 0x3f, 0xf8,
    0xf, 0xf0, 0x3, 0x80, 0x3, 0x80, 0x3, 0x80,
    0x3, 0x80, 0x3, 0x80, 0x3, 0x80,

    /* U+03C7 "χ" */
    0xf0, 0xc, 0xf8, 0x1c, 0x1c, 0x18, 0xc, 0x38,
    0xe, 0x30, 0xe, 0x70, 0x6, 0x70, 0x7, 0xe0,
    0x7, 0xe0, 0x3, 0xc0, 0x3, 0xc0, 0x3, 0x80,
    0x3, 0x80, 0x7, 0xc0, 0x7, 0xc0, 0xe, 0xe0,
    0xe, 0xe0, 0xc, 0x60, 0x1c, 0x70, 0x18, 0x70,
    0x38, 0x38, 0x30, 0x3f, 0x70, 0xf,

    /* U+03C8 "ψ" */
    0xe3, 0x8f, 0xc7, 0x1f, 0x8e, 0x3f, 0x1c, 0x7e,
    0x38, 0xfc, 0x71, 0xf8, 0xe3, 0xf1, 0xc7, 0xe3,
    0x8f, 0xc7, 0x1f, 0x8e, 0x3f, 0x1c, 0x7f, 0x39,
    0xee, 0x73, 0x8f, 0xfe, 0x1f, 0xf8, 0xf, 0xe0,
    0x7, 0x0, 0xe, 0x0, 0x1c, 0x0, 0x38, 0x0,
    0x70, 0x0, 0xe0, 0x0,

    /* U+03C9 "ω" */
    0x30, 0x1c, 0x70, 0xe, 0x70, 0xe, 0x60, 0xe,
    0xe0, 0x7, 0xe0, 0x7, 0xe3, 0x87, 0xe3, 0x87,
    0xe3, 0x87, 0xe3, 0x87, 0xe3, 0x87, 0xe3, 0x87,
    0xe3, 0x87, 0xe3, 0x8e, 0x77, 0xce, 0x7e, 0xfe,
    0x3c, 0x78,

    /* U+03CA "ϊ" */
    0xe3, 0xb8, 0xee, 0x38, 0x0, 0x0, 0x0, 0xf,
    0xc3, 0xf0, 0x1c, 0x7, 0x1, 0xc0, 0x70, 0x1c,
    0x7, 0x1, 0xc0, 0x70, 0x1c, 0x7, 0x1, 0xc0,
    0x70, 0xe, 0x3, 0xf0, 0x7c,

    /* U+03CB "ϋ" */
    0xe, 0x38, 0xe, 0x38, 0xe, 0x38, 0x0, 0x0,
    0x0, 0x0, 0x0, 0x0, 0xfc, 0x1c, 0xfc, 0xc,
    0x1c, 0x6, 0x1c, 0x6, 0x1c, 0x6, 0x1c, 0x6,
    0x1c, 0x6, 0x1c, 0x7, 0x1c, 0x6, 0x1c, 0x6,
    0x1c, 0x6, 0x1c, 0x6, 0x1c, 0xc, 0x1c, 0xc,
    0xe, 0x38, 0xf, 0xf0, 0x7, 0xe0,

    /* U+03CC "ό" */
    0x0, 0x70, 0x3, 0x80, 0xc, 0x0, 0x60, 0x3,
    0x0, 0x1c, 0x0, 0x0, 0x0, 0x0, 0xf, 0xc0,
    0xff, 0xc3, 0x87, 0x1c, 0xe, 0x70, 0x3b, 0x80,
    0x7e, 0x1, 0xf8, 0x7, 0xe0, 0x1f, 0x80, 0x7e,
    0x1, 0xf8, 0x7, 0x70, 0x39, 0xc0, 0xe3, 0x87,
    0xf, 0xfc, 0xf, 0xc0,

    /* U+03CD "ύ" */
    0x0, 0x38, 0x0, 0x70, 0x0, 0xe0, 0x0, 0xc0,
    0x1, 0x80, 0x3, 0x80, 0x0, 0x0, 0xfc, 0x1c,
    0xfc, 0xc, 0x1c, 0xe, 0x1c, 0x6, 0x1c, 0x6,
    0x1c, 0x6, 0x1c, 0x6, 0x1c, 0x7, 0x1c, 0x6,
    0x1c, 0x6, 0x1c, 0xe, 0x1c, 0xe, 0x1c, 0xc,
    0x1c, 0x1c, 0xe, 0x38, 0xf, 0xf0, 0x7, 0xe0,

    /* U+03CE "ώ" */
    0x0, 0x38, 0x0, 0x70, 0x0, 0xe0, 0x1, 0xc0,
    0x1, 0x80, 0x3, 0x0, 0x0, 0x0, 0x0, 0x0,
    0x30, 0x1c, 0x70, 0xe, 0x70, 0xe, 0x60, 0xe,
    0xe0, 0x7, 0xe0, 0x7, 0xe3, 0x87, 0xe3, 0x87,
    0xe3, 0x87, 0xe3, 0x87, 0xe3, 0x87, 0xe3, 0x87,
    0xe3, 0x87, 0xe3, 0x8e, 0x77, 0xce, 0x7e, 0xfe,
    0x3c, 0x78,

    /* U+03D0 "ϐ" */
    0xf, 0x80, 0x1f, 0xe0, 0x3f, 0xe0, 0x78, 0x70,
    0x70, 0x30, 0x70, 0x30, 0xe0, 0x30, 0xe0, 0x70,
    0xe0, 0x70, 0xe1, 0xe0, 0xff, 0xc0, 0xff, 0xe0,
    0xe0, 0x70, 0xe0, 0x38, 0xe0, 0x18, 0xe0, 0x1c,
    0xe0, 0x1c, 0x70, 0x1c, 0x70, 0x38, 0x7c, 0x78,
    0x3f, 0xf0, 0x1f, 0xe0, 0xf, 0xc0,

    /* U+03D1 "ϑ" */
    0x3, 0xe0, 0xf, 0xe0, 0x3f, 0xe0, 0xf1, 0xc1,
    0xc1, 0xc3, 0x83, 0x87, 0x3, 0x8e, 0x7, 0xe,
    0xe, 0x1e, 0x1f, 0x9f, 0xff, 0xf, 0xfe, 0x0,
    0xfc, 0x1, 0xf8, 0x3, 0xf0, 0x7, 0x70, 0x1c,
    0xe0, 0x39, 0xe0, 0xf1, 0xe3, 0xc1, 0xff, 0x81,
    0xfe, 0x1, 0xf0, 0x0,

    /* U+03D2 "ϒ" */
    0xf8, 0xf, 0x3f, 0x7, 0xe3, 0xe3, 0xf8, 0x3c,
    0xee, 0x7, 0x73, 0x81, 0xd8, 0x0, 0x36, 0x0,
    0xf, 0x80, 0x1, 0xc0, 0x0, 0x70, 0x0, 0x1c,
    0x0, 0x7, 0x0, 0x1, 0xc0, 0x0, 0x70, 0x0,
    0x1c, 0x0, 0x7, 0x0, 0x1, 0xc0, 0x0, 0x70,
    0x0, 0x1c, 0x0, 0x7, 0x0, 0x1, 0xc0, 0x0,
    0x70, 0x0,

    /* U+03D3 "ϓ" */
    0x1c, 0x0, 0x0, 0x18, 0x0, 0x0, 0x3b, 0xc0,
    0x1c, 0x73, 0xf0, 0x7e, 0xe3, 0xf8, 0xfe, 0xc0,
    0x38, 0xee, 0x0, 0x1d, 0xce, 0x0, 0x1d, 0xc0,
    0x0, 0xd, 0x80, 0x0, 0xf, 0x80, 0x0, 0x7,
    0x80, 0x0, 0x7, 0x0, 0x0, 0x7, 0x0, 0x0,
    0x7, 0x0, 0x0, 0x7, 0x0, 0x0, 0x7, 0x0,
    0x0, 0x7, 0x0, 0x0, 0x7, 0x0, 0x0, 0x7,
    0x0, 0x0, 0x7, 0x0, 0x0, 0x7, 0x0, 0x0,
    0x7, 0x0, 0x0, 0x7, 0x0, 0x0, 0x7, 0x0,

    /* U+03D4 "ϔ" */
    0xe, 0x38, 0x3, 0x8e, 0x0, 0xe3, 0x80, 0x0,
    0x0, 0x0, 0x0, 0x10, 0x0, 0xf, 0x80, 0xfb,
    0xf0, 0x7e, 0x1e, 0x3f, 0x83, 0xde, 0xe0, 0x77,
    0x10, 0xd, 0x80, 0x3, 0xe0, 0x0, 0xf8, 0x0,
    0x1c, 0x0, 0x7, 0x0, 0x1, 0xc0, 0x0, 0x70,
    0x0, 0x1c, 0x0, 0x7, 0x0, 0x1, 0xc0, 0x0,
    0x70, 0x0, 0x1c, 0x0, 0x7, 0x0, 0x1, 0xc0,
    0x0, 0x70, 0x0, 0x1c, 0x0, 0x7, 0x0,

    /* U+03D5 "ϕ" */
    0x3, 0x80, 0x7, 0x0, 0xe, 0x0, 0x1c, 0x0,
    0x38, 0x0, 0xf8, 0x7, 0xfc, 0x1f, 0xfc, 0x73,
    0x9c, 0xe7, 0x3b, 0x8e, 0x3f, 0x1c, 0x7e, 0x38,
    0xfc, 0x71, 0xf8, 0xe3, 0xf1, 0xc7, 0xe3, 0x8e,
    0xe7, 0x39, 0xce, 0x73, 0xdd, 0xc3, 0xff, 0x81,
    0xfc, 0x0, 0xe0, 0x1, 0xc0, 0x3, 0x80, 0x7,
    0x0, 0xe, 0x0, 0x1c, 0x0,

    /* U+03D6 "ϖ" */
    0xff, 0xff, 0xff, 0xff, 0x70, 0x6, 0xe0, 0x7,
    0xe0, 0x7, 0xe0, 0x7, 0xe1, 0xc7, 0xe1, 0xc7,
    0xe1, 0xc7, 0xe1, 0xc7, 0xe1, 0xc7, 0xe3, 0xc7,
    0xe3, 0x67, 0x77, 0x6e, 0x7f, 0x7e, 0x7e, 0x7e,
    0x3c, 0x3c,

    /* U+03D7 "ϗ" */
    0x0, 0x0, 0x3e, 0x1, 0xdf, 0x81, 0xe8, 0xe1,
    0xe0, 0x31, 0xe0, 0x18, 0xe0, 0xc, 0xf0, 0x6,
    0xf0, 0x7, 0xf0, 0x3, 0xf8, 0x3, 0xd8, 0x3,
    0xcc, 0x1, 0xc6, 0x1, 0xe1, 0x1, 0xe0, 0xc4,
    0xe0, 0x7e, 0x60, 0x1f, 0x0, 0x1, 0x80, 0x1,
    0xc0, 0x0, 0xc0, 0x0, 0xe0, 0x7, 0xe0, 0x3,
    0xf0, 0x0, 0x0,

    /* U+03D8 "Ϙ" */
    0x7, 0xc0, 0x3f, 0xe0, 0xf1, 0xe3, 0x80, 0xe7,
    0x1, 0xce, 0x3, 0xb8, 0x3, 0xf0, 0x7, 0xe0,
    0xf, 0xc0, 0x1f, 0x80, 0x3f, 0x0, 0x7e, 0x0,
    0xfc, 0x1, 0xf8, 0x3, 0xf0, 0x7, 0x70, 0x1c,
    0xe0, 0x39, 0xc0, 0x71, 0xc1, 0xc1, 0xff, 0x1,
    0xfc, 0x0, 0xe0, 0x1, 0xc0, 0x3, 0x80, 0x7,
    0x0, 0xe, 0x0, 0x1c, 0x0,

    /* U+03D9 "ϙ" */
    0xf, 0xc0, 0xff, 0x83, 0x87, 0x1c, 0xe, 0x70,
    0x3b, 0x80, 0x7e, 0x1, 0xf8, 0x7, 0xe0, 0x1f,
    0x80, 0x7e, 0x1, 0xf8, 0x7, 0x70, 0x3d, 0xc0,
    0xe7, 0x87, 0x8f, 0xfc, 0xf, 0xe0, 0xe, 0x0,
    0x38, 0x0, 0xe0, 0x3, 0x80, 0xe, 0x0, 0x38,
    0x0,

    /* U+03DA "Ϛ" */
    0x7, 0xfc, 0x7f, 0xf3, 0xc0, 0xe, 0x0, 0x70,
    0x1, 0xc0, 0xe, 0x0, 0x38, 0x0, 0xe0, 0x3,
    0x80, 0xe, 0x0, 0x38, 0x0, 0xe0, 0x3, 0x80,
    0xe, 0x0, 0x3c, 0x0, 0x70, 0x1, 0xc0, 0x7,
    0x80, 0xf, 0x0, 0x1f, 0xc0, 0x1f, 0x80, 0xf,
    0x0, 0x1c, 0x0, 0x70, 0x3, 0xc0, 0x1e, 0x0,
    0x70,

    /* U+03DB "ϛ" */
    0x7, 0xfc, 0x7f, 0xf3, 0xc0, 0x1c, 0x0, 0x70,
    0x3, 0x80, 0xe, 0x0, 0x38, 0x0, 0xe0, 0x3,
    0x80, 0xe, 0x0, 0x38, 0x0, 0x70, 0x1, 0xe0,
    0x3, 0xc0, 0x7, 0xf0, 0x7, 0xe0, 0x3, 0xc0,
    0x7, 0x0, 0x1c, 0x0, 0xf0, 0x7, 0x80, 0x1c,
    0x0,

    /* U+03DC "Ϝ" */
    0xff, 0xff, 0xff, 0xf8, 0x1, 0xc0, 0xe, 0x0,
    0x70, 0x3, 0x80, 0x1c, 0x0, 0xe0, 0x7, 0xff,
    0xbf, 0xfd, 0xc0, 0xe, 0x0, 0x70, 0x3, 0x80,
    0x1c, 0x0, 0xe0, 0x7, 0x0, 0x38, 0x1, 0xc0,
    0xe, 0x0, 0x70, 0x0,

    /* U+03DD "ϝ" */
    0x0, 0x3f, 0x0, 0x7f, 0x0, 0xf1, 0x0, 0xe0,
    0x1, 0xc0, 0x1, 0xc0, 0x1, 0xc0, 0x1, 0xc0,
    0x1, 0xc0, 0x1, 0xc0, 0x1, 0xfe, 0x1, 0xfe,
    0x1, 0xc0, 0x1, 0xc0, 0x1, 0xc0, 0x1, 0xc0,
    0x1, 0xc0, 0x1, 0xc0, 0x1, 0xc0, 0x1, 0xc0,
    0x1, 0xc0, 0x1, 0xc0, 0x1, 0xc0, 0x1, 0xc0,
    0x1, 0xc0, 0x3, 0x80, 0x87, 0x0, 0xff, 0x0,
    0x7c, 0x0,

    /* U+03DE "Ϟ" */
    0xf0, 0x0, 0xf8, 0x0, 0xfc, 0x0, 0x1c, 0x0,
    0x1c, 0x0, 0x1c, 0x0, 0x18, 0x2, 0x38, 0xe,
    0x38, 0x7e, 0x39, 0xfc, 0x77, 0xfc, 0x7f, 0x9c,
    0x7e, 0x18, 0x70, 0x38, 0xc0, 0x38, 0x0, 0x38,
    0x0, 0x70, 0x0, 0x70, 0x0, 0x70, 0x0, 0x7e,
    0x0, 0x3e, 0x0, 0x1e,

    /* U+03DF "ϟ" */
    0xe, 0x0, 0x30, 0x1, 0xc0, 0x7, 0x0, 0x38,
    0x0, 0xe0, 0x3, 0x80, 0x1c, 0x0, 0x70, 0x1,
    0xc0, 0xf, 0xff, 0xff, 0xff, 0x0, 0x38, 0x0,
    0xe0, 0x3, 0x80, 0xc, 0x0, 0x70, 0x1, 0xc0,
    0x6, 0x0, 0x38, 0x0, 0xe0, 0x3, 0x80, 0x1c,
    0x0,

    /* U+03E0 "Ϡ" */
    0x3f, 0x80, 0x7f, 0xf0, 0x3f, 0x3e, 0x13, 0x87,
    0x81, 0xc1, 0xc0, 0xe0, 0x70, 0x70, 0x78, 0x38,
    0x7e, 0x1c, 0x77, 0xe, 0x71, 0x87, 0x30, 0xe0,
    0x38, 0x70, 0x1c, 0x38, 0xe, 0x1c, 0x7, 0xe,
    0x3, 0x87, 0x1, 0xc3, 0x80, 0xe1, 0xc0, 0x70,
    0xe0, 0x38, 0x70, 0x1c, 0x38, 0xe, 0x38, 0x0,
    0x1c, 0x0, 0xe, 0x0, 0xf, 0x0, 0x7, 0x0,
    0x7, 0x80, 0x3, 0x80,

    /* U+03E1 "ϡ" */
    0xe0, 0x0, 0xfc, 0x0, 0x1e, 0x0, 0x7, 0x80,
    0x3, 0xc0, 0x1, 0xc0, 0x0, 0xe0, 0x1, 0xf0,
    0x3, 0xf0, 0x3, 0x38, 0x7, 0x38, 0xe, 0x7c,
    0x1c, 0xfc, 0x18, 0xce, 0x39, 0xce, 0x73, 0x8e,
    0xe7, 0xe, 0x0, 0x7, 0x0, 0x7, 0x0, 0x7,
    0x0, 0x7, 0x0, 0x7, 0x0, 0x7,

    /* U+03F0 "ϰ" */
    0xf8, 0x3, 0xfe, 0x7, 0x8e, 0xf, 0x87, 0x1e,
    0x7, 0x1e, 0x7, 0x3c, 0x7, 0x38, 0x7, 0xf0,
    0xf, 0xf0, 0xf, 0xe0, 0x1c, 0xe0, 0x3c, 0xe0,
    0x78, 0xe0, 0x78, 0xe0, 0xf0, 0x71, 0xe0, 0x7f,
    0xc0, 0x1f,

    /* U+03F1 "ϱ" */
    0xf, 0xc0, 0xff, 0x87, 0x87, 0x1c, 0xe, 0xf0,
    0x3b, 0x80, 0x7e, 0x1, 0xf8, 0x7, 0xe0, 0x1f,
    0x80, 0x7e, 0x1, 0xf8, 0x7, 0xf0, 0x3b, 0xc0,
    0xef, 0x87, 0x3b, 0xfc, 0xe7, 0xc1, 0x80, 0x7,
    0x0, 0x1c, 0x0, 0x38, 0x0, 0x7f, 0xf0, 0x7f,
    0xc0,

    /* U+03F2 "ϲ" */
    0x7, 0xe0, 0xff, 0xcf, 0x6, 0xe0, 0x17, 0x0,
    0x70, 0x3, 0x80, 0x1c, 0x0, 0xe0, 0x7, 0x0,
    0x38, 0x1, 0xc0, 0x7, 0x0, 0x38, 0x4, 0xf0,
    0x63, 0xff, 0x7, 0xe0,

    /* U+03F3 "ϳ" */
    0x3, 0x81, 0xc0, 0xe0, 0x0, 0x0, 0x1, 0xfe,
    0xff, 0x3, 0x81, 0xc0, 0xe0, 0x70, 0x38, 0x1c,
    0xe, 0x7, 0x3, 0x81, 0xc0, 0xe0, 0x70, 0x38,
    0x1c, 0xe, 0x7, 0x3, 0x81, 0xc1, 0xdf, 0xef,
    0xc0,

    /* U+03F4 "ϴ" */
    0x7, 0xc0, 0x3f, 0xe0, 0xe0, 0xe3, 0x80, 0xe7,
    0x1, 0xcc, 0x1, 0xb8, 0x3, 0xf0, 0x7, 0xe0,
    0xf, 0xff, 0xff, 0xff, 0xff, 0x0, 0x7e, 0x0,
    0xfc, 0x1, 0xf8, 0x3, 0xf0, 0x7, 0x70, 0x1c,
    0xe0, 0x39, 0xc0, 0x71, 0xe3, 0xc1, 0xff, 0x0,
    0xf8, 0x0,

    /* U+03F5 "ϵ" */
    0x7, 0xf8, 0xff, 0xcf, 0x2, 0xe0, 0x7, 0x0,
    0x70, 0x3, 0x80, 0x1f, 0xff, 0xff, 0xff, 0x0,
    0x38, 0x1, 0xc0, 0x7, 0x0, 0x3c, 0x0, 0xf0,
    0x23, 0xff, 0x7, 0xf8,

    /* U+03F6 "϶" */
    0xff, 0x7, 0xfe, 0x20, 0x78, 0x0, 0xe0, 0x7,
    0x0, 0x1c, 0x0, 0xff, 0xff, 0xff, 0xf8, 0x1,
    0xc0, 0xe, 0x0, 0x70, 0x7, 0x0, 0x7a, 0x7,
    0x9f, 0xf8, 0xff, 0x0,

    /* U+03F7 "Ϸ" */
    0xe0, 0x3, 0x80, 0xe, 0x0, 0x38, 0x0, 0xff,
    0xc3, 0xff, 0xce, 0x7, 0xb8, 0xf, 0xe0, 0x1f,
    0x80, 0x7e, 0x1, 0xf8, 0x7, 0xe0, 0x3f, 0x81,
    0xef, 0xff, 0x3f, 0xf0, 0xe0, 0x3, 0x80, 0xe,
    0x0, 0x38, 0x0, 0xe0, 0x3, 0x80, 0x0,

    /* U+03F8 "ϸ" */
    0xe0, 0x3, 0x80, 0xe, 0x0, 0x38, 0x0, 0xe0,
    0x3, 0x80, 0xe, 0x7c, 0x3b, 0xfc, 0xf8, 0x73,
    0xc0, 0xef, 0x3, 0xb8, 0x7, 0xe0, 0x1f, 0x80,
    0x7e, 0x1, 0xf8, 0x7, 0xe0, 0x1f, 0x80, 0x7f,
    0x3, 0xbc, 0xe, 0xf8, 0x73, 0xbf, 0xce, 0x7c,
    0x38, 0x0, 0xe0, 0x3, 0x80, 0xe, 0x0, 0x38,
    0x0, 0xe0, 0x0,

    /* U+03F9 "Ϲ" */
    0x3, 0xf0, 0x3f, 0xf1, 0xc1, 0xce, 0x1, 0x70,
    0x1, 0xc0, 0x6, 0x0, 0x38, 0x0, 0xe0, 0x3,
    0x80, 0xe, 0x0, 0x38, 0x0, 0xe0, 0x3, 0x80,
    0xe, 0x0, 0x18, 0x0, 0x70, 0x1, 0xc0, 0x3,
    0x80, 0x47, 0x7, 0xf, 0xfc, 0xf, 0xc0,

    /* U+03FA "Ϻ" */
    0xf8, 0x1f, 0xf8, 0x1f, 0xfc, 0x3f, 0xee, 0x77,
    0xee, 0x77, 0xe7, 0xe7, 0xe7, 0xe7, 0xe3, 0xc7,
    0xe1, 0x87, 0xe0, 0x7, 0xe0, 0x7, 0xe0, 0x7,
    0xe0, 0x7, 0xe0, 0x7, 0xe0, 0x7, 0xe0, 0x7,
    0xe0, 0x7, 0xe0, 0x7, 0xe0, 0x7, 0xe0, 0x7,
    0xe0, 0x7, 0xe0, 0x7,

    /* U+03FB "ϻ" */
    0xf8, 0x7f, 0xe1, 0xff, 0x87, 0xff, 0x3f, 0xec,
    0xdf, 0xbf, 0x7e, 0x79, 0xf9, 0xe7, 0xe3, 0x1f,
    0x80, 0x7e, 0x1, 0xf8, 0x7, 0xe0, 0x1f, 0x80,
    0x7e, 0x1, 0xf8, 0x7, 0xe0, 0x1f, 0x80, 0xe,
    0x0, 0x38, 0x0, 0xe0, 0x3, 0x80, 0xe, 0x0,
    0x0,

    /* U+03FC "ϼ" */
    0x7, 0xe0, 0x3f, 0xe0, 0xf0, 0xe1, 0xc0, 0xe7,
    0x81, 0xce, 0x1, 0xdc, 0x3, 0xb8, 0x7, 0x70,
    0xe, 0xe0, 0x1d, 0xc0, 0x3b, 0x80, 0x77, 0x81,
    0xcf, 0x3, 0x9f, 0xe, 0x3b, 0xfc, 0x73, 0xe0,
    0xe0, 0x1, 0xc0, 0x7, 0xff, 0xf, 0xfe, 0xe,
    0x0, 0x1c, 0x0, 0x0,

    /* U+03FD "Ͻ" */
    0x3f, 0x3, 0xff, 0xe, 0xe, 0x20, 0x1c, 0x0,
    0x38, 0x0, 0xe0, 0x3, 0x80, 0x7, 0x0, 0x1c,
    0x0, 0x70, 0x1, 0xc0, 0x7, 0x0, 0x1c, 0x0,
    0x70, 0x1, 0xc0, 0xe, 0x0, 0x38, 0x0, 0xe8,
    0x7, 0x38, 0x38, 0xff, 0xc0, 0xfc, 0x0,

    /* U+03FE "Ͼ" */
    0x3, 0xf0, 0x3f, 0xf1, 0xc1, 0xce, 0x1, 0x70,
    0x1, 0xc0, 0x6, 0x0, 0x38, 0x0, 0xe0, 0x3,
    0x83, 0x8e, 0xe, 0x38, 0x38, 0xe0, 0xe3, 0x80,
    0xe, 0x0, 0x18, 0x0, 0x70, 0x1, 0xc0, 0x3,
    0x80, 0x47, 0x7, 0xf, 0xfc, 0xf, 0xc0,

    /* U+03FF "Ͽ" */
    0x7f, 0x3, 0xff, 0xc, 0x1e, 0x0, 0x1c, 0x0,
    0x38, 0x0, 0xe0, 0x3, 0x80, 0x7, 0x0, 0x1c,
    0x70, 0x71, 0xc1, 0xc7, 0x7, 0x1c, 0x1c, 0x0,
    0x70, 0x1, 0xc0, 0xe, 0x0, 0x38, 0x0, 0xe8,
    0x7, 0x30, 0x78, 0xff, 0xc1, 0xfc, 0x0,

    /* U+2010 "‐" */
    0xff, 0xff,

    /* U+2011 "‑" */
    0xff, 0xff,

    /* U+2012 "‒" */
    0xff, 0xff, 0xff, 0xff, 0xf0,

    /* U+2013 "–" */
    0xff, 0xff, 0xff, 0xff, 0xf0,

    /* U+2014 "—" */
    0xff, 0xff, 0xff, 0xff, 0xf0,

    /* U+2015 "―" */
    0xff, 0xff, 0xff, 0xff, 0xf0,

    /* U+2016 "‖" */
    0xe1, 0xf8, 0x7e, 0x1f, 0x87, 0xe1, 0xf8, 0x7e,
    0x1f, 0x87, 0xe1, 0xf8, 0x7e, 0x1f, 0x87, 0xe1,
    0xf8, 0x7e, 0x1f, 0x87, 0xe1, 0xf8, 0x7e, 0x1f,
    0x87, 0xe1, 0xf8, 0x7e, 0x1f, 0x87, 0xe1, 0xf8,
    0x7e, 0x1f, 0x87, 0xe1, 0xf8, 0x7e, 0x1c,

    /* U+2017 "‗" */
    0xff, 0xff, 0xc0, 0x0, 0x0, 0x0, 0x0, 0x0,
    0x0, 0xff, 0xff, 0xc0,

    /* U+2018 "‘" */
    0x33, 0x76, 0xee, 0xee,

    /* U+2019 "’" */
    0x77, 0x77, 0x6e, 0xcc,

    /* U+201A "‚" */
    0x77, 0x77, 0x6e, 0xcc,

    /* U+201B "‛" */
    0xee, 0xee, 0x67, 0x33,

    /* U+201C "“" */
    0x38, 0x66, 0xd, 0xc3, 0xb8, 0x6e, 0x1d, 0xc3,
    0xb8, 0x77, 0xe,

    /* U+201D "”" */
    0x70, 0xee, 0x1d, 0xc3, 0xb8, 0x76, 0x1d, 0xc3,
    0xb0, 0x66, 0x1c,

    /* U+201E "„" */
    0x70, 0xee, 0x1d, 0xc3, 0xb8, 0x76, 0x1d, 0xc3,
    0xb0, 0x66, 0x1c,

    /* U+201F "‟" */
    0xe1, 0xdc, 0x3b, 0x87, 0x70, 0xe7, 0xc, 0xe1,
    0xcc, 0x19, 0xc3,

    /* U+2020 "†" */
    0x7, 0x0, 0x38, 0x1, 0xc0, 0xe, 0x0, 0x70,
    0x3, 0x83, 0xff, 0xff, 0xff, 0x7, 0x0, 0x38,
    0x1, 0xc0, 0xe, 0x0, 0x70, 0x3, 0x80, 0x1c,
    0x0, 0xe0, 0x7, 0x0, 0x38, 0x1, 0xc0, 0xe,
    0x0, 0x70, 0x3, 0x80, 0x1c, 0x0, 0xe0, 0x7,
    0x0,

    /* U+2021 "‡" */
    0x7, 0x0, 0x38, 0x1, 0xc0, 0xe, 0x0, 0x70,
    0x3, 0x83, 0xff, 0xff, 0xff, 0x7, 0x0, 0x38,
    0x1, 0xc0, 0xe, 0x0, 0x70, 0x3, 0x80, 0x1c,
    0x0, 0xe0, 0x7, 0x7, 0xff, 0xff, 0xfe, 0xe,
    0x0, 0x70, 0x3, 0x80, 0x1c, 0x0, 0xe0, 0x7,
    0x0,

    /* U+2022 "•" */
    0x3e, 0x3f, 0xbf, 0xff, 0xff, 0xff, 0xff, 0xfe,
    0xfe, 0x3e, 0x0,

    /* U+2023 "‣" */
    0x80, 0x30, 0xf, 0x3, 0xf0, 0xff, 0x3f, 0xff,
    0xfb, 0xf8, 0xf8, 0x38, 0x8, 0x0,

    /* U+2026 "…" */
    0xe3, 0x8f, 0xc7, 0x1f, 0x8e, 0x3f, 0x1c, 0x70,

    /* U+202F " " */
    0x0,

    /* U+2030 "‰" */
    0x3e, 0x0, 0x1f, 0xc0, 0xe, 0x38, 0x3, 0x6,
    0x0, 0xc1, 0x80, 0x38, 0xe0, 0xc7, 0xf1, 0xe0,
    0xf9, 0xc0, 0x3, 0xc0, 0x3, 0xc0, 0x7, 0x80,
    0x1, 0x80, 0x0, 0x1e, 0xf, 0xf, 0xc7, 0xe7,
    0x3b, 0x9d, 0x86, 0xc3, 0x61, 0xb0, 0xd8, 0x6c,
    0x37, 0x3b, 0x9c, 0xfc, 0x7e, 0x1e, 0xf, 0x0,

    /* U+2031 "‱" */
    0x3e, 0x0, 0x1f, 0xc0, 0xe, 0x38, 0x3, 0x6,
    0x0, 0xc1, 0x80, 0x38, 0xe0, 0xc7, 0xf0, 0xe0,
    0xf9, 0xe0, 0x3, 0xc0, 0x3, 0xc0, 0x7, 0x80,
    0x1, 0x80, 0x0, 0x38, 0xc7, 0x1f, 0x7b, 0xec,
    0x73, 0x8e, 0x8, 0x41, 0x82, 0x10, 0x60, 0x84,
    0x1c, 0x73, 0x8d, 0xf7, 0xbe, 0x38, 0xe7, 0x0,

    /* U+2032 "′" */
    0x18, 0xe3, 0x18, 0x43, 0x0,

    /* U+2033 "″" */
    0x39, 0xcc, 0xe6, 0x31, 0x98, 0xc4, 0x0,

    /* U+2034 "‴" */
    0x39, 0x9c, 0xce, 0xe6, 0x33, 0x11, 0x98, 0xc4,
    0x40,

    /* U+2035 "‵" */
    0x71, 0xc3, 0x6, 0x8, 0x10,

    /* U+2036 "‶" */
    0x67, 0x1c, 0xc3, 0x18, 0x66, 0x8, 0xc0,

    /* U+2037 "‷" */
    0xe7, 0x71, 0xcc, 0xc3, 0x39, 0x86, 0x62, 0x8,
    0xcc,

    /* U+2039 "‹" */
    0x0, 0x4, 0x38, 0xf3, 0x8e, 0x38, 0x70, 0x70,
    0x70, 0x70, 0x70, 0x60, 0x0,

    /* U+203A "›" */
    0x1, 0x3, 0x87, 0x83, 0x83, 0x83, 0x87, 0x1c,
    0x71, 0xc7, 0xc, 0x0, 0x0,

    /* U+203C "‼" */
    0xe0, 0x7e, 0x7, 0xe0, 0x7e, 0x7, 0xe0, 0x7e,
    0x7, 0xe0, 0x7e, 0x7, 0xe0, 0x7e, 0x7, 0xe0,
    0x7e, 0x7, 0xe0, 0x7e, 0x7, 0xe0, 0x70, 0x0,
    0x0, 0x0, 0x0, 0xe0, 0x7e, 0x7, 0xe0, 0x7e,
    0x7,

    /* U+203D "‽" */
    0x1f, 0x87, 0xfe, 0xff, 0xec, 0xef, 0xe, 0x70,
    0xe7, 0xe, 0x70, 0xee, 0xf, 0xe0, 0xfc, 0xf,
    0x80, 0xf0, 0xe, 0x0, 0xe0, 0xe, 0x0, 0xe0,
    0x0, 0x0, 0x0, 0xe, 0x0, 0xe0, 0xe, 0x0,
    0xe0,

    /* U+203E "‾" */
    0xff, 0xff, 0xc0,

    /* U+203F "‿" */
    0x80, 0x0, 0x1e, 0x0, 0x7, 0x7c, 0x3, 0xe1,
    0xff, 0xf8, 0x3, 0xfc, 0x0,

    /* U+2045 "⁅" */
    0xff, 0xfe, 0x38, 0xe3, 0x8e, 0x38, 0xe3, 0x8e,
    0x38, 0xff, 0xfe, 0x38, 0xe3, 0x8e, 0x38, 0xe3,
    0x8e, 0x38, 0xe3, 0xff, 0xc0,

    /* U+2046 "⁆" */
    0xff, 0xfc, 0x38, 0x70, 0xe1, 0xc3, 0x87, 0xe,
    0x1c, 0x38, 0x7f, 0xff, 0xc3, 0x87, 0xe, 0x1c,
    0x38, 0x70, 0xe1, 0xc3, 0x87, 0xf, 0xff, 0xf8,

    /* U+2047 "⁇" */
    0x3c, 0x3e, 0x7f, 0x3f, 0xbf, 0xdf, 0xf1, 0xe8,
    0xf0, 0x70, 0x38, 0x38, 0x1c, 0x1c, 0xe, 0x1e,
    0xf, 0xe, 0x7, 0xe, 0x7, 0x7, 0x3, 0x87,
    0x3, 0x83, 0x81, 0xc1, 0xc0, 0xe0, 0xe0, 0x70,
    0x70, 0x38, 0x0, 0x0, 0x0, 0x0, 0xe, 0x7,
    0x7, 0x3, 0x83, 0x81, 0xc1, 0xc0, 0xe0,

    /* U+2048 "⁈" */
    0x3c, 0xf, 0xfc, 0x1f, 0xfc, 0x3c, 0x78, 0x70,
    0x70, 0xe0, 0xe1, 0xc1, 0xc3, 0x87, 0x87, 0xe,
    0xe, 0x3c, 0x1c, 0x70, 0x39, 0xc0, 0x73, 0x80,
    0xe7, 0x1, 0xce, 0x3, 0x9c, 0x0, 0x0, 0x0,
    0x0, 0x0, 0xe0, 0x39, 0xc0, 0x73, 0x80, 0xe7,
    0x1, 0xc0,

    /* U+2049 "⁉" */
    0xe0, 0xf3, 0x8f, 0xee, 0x3f, 0xf8, 0xcf, 0xe0,
    0x1f, 0x80, 0x7e, 0x1, 0xf8, 0xf, 0xe0, 0x3b,
    0x81, 0xee, 0x7, 0x38, 0x38, 0xe0, 0xe3, 0x83,
    0x8e, 0xe, 0x0, 0x38, 0x0, 0x0, 0x0, 0xe,
    0xe, 0x38, 0x38, 0xe0, 0xe3, 0x83, 0x80,

    /* U+204B "⁋" */
    0xff, 0xc3, 0xff, 0x8c, 0x7f, 0x31, 0xfe, 0xc7,
    0xfb, 0x1f, 0xec, 0x7f, 0xf1, 0xfe, 0xc7, 0xfb,
    0x1f, 0xec, 0x7f, 0x31, 0xf8, 0xc7, 0x3, 0x18,
    0xc, 0x60, 0x31, 0x80, 0xc6, 0x3, 0x18, 0xc,
    0x60, 0x31, 0x80, 0xc6, 0x3, 0x18, 0xc, 0x60,
    0x31, 0x80, 0xc6, 0x0,

    /* U+205F " " */
    0x0,

    /* U+2070 "⁰" */
    0x3e, 0x31, 0x98, 0xd8, 0x3c, 0x1e, 0xcf, 0x67,
    0x83, 0xc1, 0xb1, 0x98, 0xc7, 0xc0,

    /* U+2071 "ⁱ" */
    0x18, 0x18, 0x0, 0x78, 0x18, 0x18, 0x18, 0x18,
    0x18, 0x18, 0x18, 0xff,

    /* U+2074 "⁴" */
    0x7, 0x1, 0xc0, 0xf0, 0x6c, 0x13, 0xc, 0xc6,
    0x31, 0xc, 0xff, 0xc0, 0xc0, 0x30, 0xc,

    /* U+2075 "⁵" */
    0x7f, 0x30, 0x18, 0xc, 0x7, 0xe0, 0x18, 0x6,
    0x3, 0x1, 0x80, 0xe0, 0xdf, 0xc0,

    /* U+2076 "⁶" */
    0x1f, 0x38, 0x18, 0x18, 0xd, 0xe7, 0x1b, 0x87,
    0x83, 0xc1, 0xb0, 0xd8, 0xc7, 0xc0,

    /* U+2077 "⁷" */
    0xff, 0x80, 0xc0, 0xc0, 0x60, 0x60, 0x30, 0x30,
    0x18, 0x18, 0xc, 0x6, 0x6, 0x0,

    /* U+2078 "⁸" */
    0x3e, 0x71, 0xf0, 0x78, 0x36, 0x31, 0xe1, 0x8d,
    0x83, 0xc1, 0xe0, 0xd8, 0xc7, 0xc0,

    /* U+2079 "⁹" */
    0x3e, 0x31, 0xb0, 0x58, 0x3c, 0x1e, 0xd, 0x8e,
    0x7b, 0x1, 0x80, 0x80, 0xcf, 0x80,

    /* U+207A "⁺" */
    0xc, 0x3, 0x0, 0xc3, 0xff, 0xc, 0x3, 0x0,
    0xc0, 0x30,

    /* U+207B "⁻" */
    0xff, 0xc0,

    /* U+207C "⁼" */
    0xff, 0xc0, 0x0, 0x0, 0x0, 0xff, 0xc0,

    /* U+207D "⁽" */
    0x13, 0x66, 0xcc, 0xcc, 0xcc, 0xc6, 0x63, 0x10,

    /* U+207E "⁾" */
    0x8c, 0x66, 0x33, 0x33, 0x33, 0x36, 0x6c, 0x80,

    /* U+207F "ⁿ" */
    0xdf, 0x71, 0xb0, 0x78, 0x3c, 0x1e, 0xf, 0x7,
    0x83, 0xc1, 0x80,

    /* U+2080 "₀" */
    0x3e, 0x31, 0x98, 0xd8, 0x3c, 0x1e, 0xcf, 0x67,
    0x83, 0xc1, 0xe0, 0xd8, 0xcc, 0x63, 0xe0,

    /* U+2081 "₁" */
    0x78, 0xf8, 0x18, 0x18, 0x18, 0x18, 0x18, 0x18,
    0x18, 0x18, 0x18, 0x18, 0xff,

    /* U+2082 "₂" */
    0xfc, 0x86, 0x3, 0x3, 0x3, 0x6, 0xe, 0x1c,
    0x38, 0x70, 0x60, 0xff, 0xff,

    /* U+2083 "₃" */
    0xfc, 0x86, 0x3, 0x3, 0x7, 0x3e, 0x6, 0x3,
    0x3, 0x3, 0x3, 0x86, 0xfc,

    /* U+2084 "₄" */
    0x7, 0x1, 0xc0, 0xf0, 0x2c, 0x1b, 0xc, 0xc3,
    0x31, 0x8c, 0x43, 0x3f, 0xf0, 0x30, 0xc, 0x3,
    0x0,

    /* U+2085 "₅" */
    0x7f, 0x30, 0x18, 0xc, 0x7, 0xe2, 0x18, 0x6,
    0x3, 0x1, 0x80, 0xc0, 0x78, 0x6f, 0xe0,

    /* U+2086 "₆" */
    0x1f, 0x38, 0x18, 0x18, 0xd, 0xe7, 0x1b, 0x87,
    0x83, 0xc1, 0xe0, 0xd8, 0x6c, 0x63, 0xe0,

    /* U+2087 "₇" */
    0xff, 0x80, 0xc0, 0xc0, 0x60, 0x60, 0x30, 0x18,
    0x18, 0xc, 0xc, 0x6, 0x7, 0x3, 0x0,

    /* U+2088 "₈" */
    0x3e, 0x31, 0xf0, 0x78, 0x3e, 0x33, 0xe1, 0x8d,
    0x83, 0xc1, 0xe0, 0xf0, 0x6c, 0x63, 0xe0,

    /* U+2089 "₉" */
    0x3e, 0x31, 0xb0, 0x58, 0x3c, 0x1e, 0xd, 0x8e,
    0x7b, 0x1, 0x80, 0xc0, 0xc8, 0xe7, 0xc0,

    /* U+208A "₊" */
    0xc, 0x3, 0x0, 0xc0, 0x30, 0xff, 0xc3, 0x0,
    0xc0, 0x30, 0xc, 0x0,

    /* U+208B "₋" */
    0xff, 0xc0,

    /* U+208C "₌" */
    0xff, 0xc0, 0x0, 0x0, 0x0, 0xff, 0xc0,

    /* U+208D "₍" */
    0x13, 0x66, 0x4c, 0xcc, 0xcc, 0xc4, 0x66, 0x31,

    /* U+208E "₎" */
    0x8c, 0x66, 0x23, 0x33, 0x33, 0x36, 0x66, 0xc8,

    /* U+2090 "ₐ" */
    0x7e, 0x21, 0x80, 0x60, 0x33, 0xff, 0xf, 0x7,
    0x83, 0xe3, 0xbe, 0xc0,

    /* U+2091 "ₑ" */
    0x1e, 0x31, 0x90, 0x78, 0x3f, 0xfe, 0x3, 0x1,
    0xc0, 0x61, 0x8f, 0x80,

    /* U+2092 "ₒ" */
    0x3e, 0x31, 0xb0, 0x78, 0x3c, 0x1e, 0xf, 0x7,
    0x83, 0x63, 0x1f, 0x0,

    /* U+2093 "ₓ" */
    0x61, 0x8c, 0x63, 0x30, 0x78, 0xc, 0x7, 0x81,
    0xe0, 0xcc, 0x61, 0xb0, 0x30,

    /* U+2094 "ₔ" */
    0x7c, 0x61, 0x80, 0xc0, 0x30, 0x1f, 0xff, 0x7,
    0x82, 0x63, 0x1e, 0x0,

    /* U+2095 "ₕ" */
    0xc0, 0x60, 0x30, 0x18, 0xd, 0xe7, 0x1b, 0x7,
    0x83, 0xc1, 0xe0, 0xf0, 0x78, 0x3c, 0x1e, 0xc,

    /* U+2096 "ₖ" */
    0xc0, 0x60, 0x30, 0x18, 0xc, 0x36, 0x33, 0x31,
    0xb0, 0xf8, 0x76, 0x33, 0x98, 0xcc, 0x36, 0xc,

    /* U+2097 "ₗ" */
    0xf8, 0xc, 0x6, 0x3, 0x1, 0x80, 0xc0, 0x60,
    0x30, 0x18, 0xc, 0x6, 0x3, 0x1, 0x80, 0x7c,

    /* U+2098 "ₘ" */
    0xfb, 0xb3, 0x3c, 0xcf, 0x33, 0xcc, 0xf3, 0x3c,
    0xcf, 0x33, 0xcc, 0xf3, 0x30,

    /* U+2099 "ₙ" */
    0xde, 0x71, 0xb0, 0x78, 0x3c, 0x1e, 0xf, 0x7,
    0x83, 0xc1, 0xe0, 0xc0,

    /* U+209A "ₚ" */
    0xde, 0x71, 0xb0, 0x78, 0x3c, 0x1e, 0xf, 0x7,
    0x83, 0xe3, 0x6f, 0x30, 0x18, 0xc, 0x6, 0x0,

    /* U+209B "ₛ" */
    0x7e, 0xc0, 0xc0, 0xe0, 0xfc, 0x3f, 0x3, 0x3,
    0x87, 0xfc,

    /* U+209C "ₜ" */
    0x18, 0x18, 0x18, 0xff, 0x18, 0x18, 0x18, 0x18,
    0x18, 0x18, 0x18, 0x18, 0xf,

    /* U+20A0 "₠" */
    0xf, 0x0, 0xf, 0xf0, 0x7, 0xc, 0x1, 0x80,
    0x0, 0x60, 0x0, 0x30, 0xf, 0xfc, 0x3, 0xff,
    0x0, 0xc0, 0xc0, 0x30, 0x30, 0xc, 0xc, 0x3,
    0x3, 0x0, 0xc0, 0x60, 0x3f, 0xd8, 0xf, 0xf7,
    0xf, 0x0, 0xff, 0xc0, 0xf, 0x30, 0x0, 0xc,
    0x0, 0x3, 0x0, 0x0, 0xc0, 0x0, 0x3f, 0xc0,
    0xf, 0xf0,

    /* U+20A1 "₡" */
    0x0, 0xcc, 0x7, 0xf8, 0x3f, 0xf0, 0xfc, 0xf3,
    0xc9, 0xe7, 0x33, 0x5c, 0x64, 0x38, 0xd8, 0xf1,
    0x31, 0xc6, 0x63, 0x8c, 0xc7, 0x1b, 0xe, 0x26,
    0x1c, 0xcc, 0x39, 0x98, 0x73, 0x60, 0xe4, 0xc0,
    0xf9, 0x81, 0xf3, 0x3, 0xec, 0x13, 0xd8, 0x63,
    0xf3, 0xc7, 0xff, 0xd, 0xf8, 0x3b, 0x0,

    /* U+20A2 "₢" */
    0x3, 0xf0, 0x1f, 0xfc, 0x78, 0x39, 0xc0, 0x17,
    0x0, 0xe, 0x0, 0x1c, 0x3, 0xf0, 0x6f, 0xe0,
    0xf1, 0xc1, 0xc3, 0x83, 0x7, 0x6, 0xe, 0xc,
    0x1c, 0x18, 0x38, 0x30, 0x38, 0x60, 0x70, 0xc0,
    0xf1, 0x84, 0xf3, 0x18, 0xff, 0xf0, 0xff, 0xc0,
    0x7e, 0x0,

    /* U+20A3 "₣" */
    0x1f, 0xff, 0x1f, 0xff, 0x1c, 0x0, 0x1c, 0x0,
    0x1c, 0x0, 0x1c, 0x0, 0x1c, 0x0, 0x1c, 0x0,
    0x1c, 0x0, 0x1f, 0xfe, 0x1f, 0xfe, 0x1c, 0x0,
    0x1c, 0x0, 0x1c, 0x0, 0x1c, 0x0, 0x1c, 0x0,
    0xff, 0xc0, 0x1c, 0x0, 0x1c, 0x0, 0x1c, 0x0,
    0x1c, 0x0, 0x1c, 0x0,

    /* U+20A4 "₤" */
    0x1, 0xfc, 0xf, 0xfc, 0x3c, 0x18, 0xf0, 0x1,
    0xc0, 0x3, 0x80, 0x7, 0x0, 0xe, 0x0, 0x7f,
    0xf0, 0xff, 0xe0, 0x70, 0x0, 0xe0, 0x1, 0xc0,
    0xf, 0xfe, 0x1f, 0xfc, 0xe, 0x0, 0x1c, 0x0,
    0x38, 0x0, 0x70, 0x0, 0xe0, 0xf, 0xff, 0xff,
    0xff, 0xc0,

    /* U+20A5 "₥" */
    0x0, 0x40, 0x0, 0x80, 0x1, 0x7, 0x7f, 0xcf,
    0xff, 0xde, 0xfb, 0xf8, 0xe3, 0xf1, 0xc7, 0xe3,
    0x8f, 0xc7, 0x1f, 0x8e, 0x3f, 0x1c, 0x7e, 0x38,
    0xfc, 0xf1, 0xf9, 0xe3, 0xf3, 0xc7, 0xe7, 0x8f,
    0xcf, 0x1f, 0x9e, 0x3f, 0x7c, 0x70, 0x80, 0x1,
    0x0, 0x2, 0x0, 0x0,

    /* U+20A6 "₦" */
    0x3c, 0x7, 0xf, 0x81, 0xc3, 0xe0, 0x70, 0xfc,
    0x1c, 0x3f, 0x7, 0xf, 0xc1, 0xc3, 0xb8, 0x70,
    0xee, 0x1c, 0xff, 0xff, 0xff, 0xff, 0xf3, 0x9c,
    0x70, 0xe3, 0x9c, 0xff, 0xff, 0xff, 0xff, 0xf3,
    0x87, 0x70, 0xe1, 0xdc, 0x38, 0x3f, 0xe, 0xf,
    0xc3, 0x83, 0xf0, 0xe0, 0x7c, 0x38, 0x1f, 0xe,
    0x3, 0xc0,

    /* U+20A7 "₧" */
    0xf8, 0x80, 0x3f, 0x20, 0x8, 0xc8, 0x2, 0x1a,
    0x0, 0x86, 0x80, 0x21, 0xfc, 0xe8, 0x7f, 0x7e,
    0x1a, 0x31, 0x86, 0x88, 0x23, 0xa2, 0xf, 0xc8,
    0x83, 0xe2, 0x30, 0x80, 0x8f, 0x20, 0x21, 0xe8,
    0x8, 0x1e, 0x2, 0x3, 0x80, 0x80, 0x60, 0x20,
    0x18, 0x8, 0x6, 0x3, 0xe3, 0x80, 0x7f, 0xa0,
    0x1, 0xc0,

    /* U+20A8 "₨" */
    0xfe, 0x0, 0x3f, 0xc0, 0xc, 0x30, 0x3, 0x6,
    0x0, 0xc1, 0x80, 0x30, 0x63, 0xec, 0x19, 0xfb,
    0x6, 0xe2, 0xc1, 0xb0, 0x30, 0xcc, 0xf, 0xf3,
    0x3, 0xf8, 0xe0, 0xc7, 0x3f, 0x30, 0xc7, 0xec,
    0x18, 0x7f, 0x6, 0x7, 0xc1, 0x80, 0xf0, 0x30,
    0x3c, 0xc, 0xf, 0x3, 0x87, 0xc0, 0xff, 0xb0,
    0x1f, 0xc0,

    /* U+20A9 "₩" */
    0xe0, 0xc1, 0xf8, 0x30, 0x7e, 0xe, 0x1f, 0xff,
    0xff, 0xff, 0xff, 0xdc, 0x78, 0xe7, 0x1e, 0x3b,
    0xff, 0xff, 0xff, 0xff, 0xdc, 0xfc, 0xe3, 0x3f,
    0x30, 0xcc, 0xcc, 0x33, 0x33, 0xc, 0xcc, 0xc3,
    0xb3, 0x70, 0xfc, 0x7c, 0x3e, 0x1f, 0x7, 0x87,
    0x81, 0xe1, 0xe0, 0x78, 0x78, 0x1c, 0xe, 0x7,
    0x3, 0x80,

    /* U+20AA "₪" */
    0xff, 0x81, 0xff, 0xe0, 0xf0, 0x38, 0x78, 0xc,
    0x3c, 0x7, 0x1e, 0x1, 0x8f, 0x0, 0xc7, 0x80,
    0x63, 0xc6, 0x31, 0xe3, 0x18, 0xf1, 0x8c, 0x78,
    0xc6, 0x3c, 0x63, 0x1e, 0x31, 0x8f, 0x18, 0x7,
    0x8c, 0x3, 0xc6, 0x1, 0xe3, 0x80, 0xf0, 0xc0,
    0x78, 0x70, 0x3c, 0x1f, 0xfe, 0x7, 0xfc,

    /* U+20AB "₫" */
    0x0, 0x1c, 0x0, 0x1c, 0x3, 0xff, 0x3, 0xff,
    0x0, 0x1c, 0x0, 0x1c, 0xf, 0x9c, 0x3f, 0xdc,
    0x38, 0x7c, 0x70, 0x3c, 0x70, 0x3c, 0xe0, 0x1c,
    0xe0, 0x1c, 0xe0, 0x1c, 0xe0, 0x1c, 0xe0, 0x1c,
    0xe0, 0x1c, 0xe0, 0x1c, 0x70, 0x3c, 0x70, 0x3c,
    0x38, 0x7c, 0x3f, 0xdc, 0xf, 0x9c, 0x0, 0x0,
    0x0, 0x0, 0x0, 0x0, 0x7, 0xfc, 0x7, 0xfc,

    /* U+20AC "€" */
    0x1, 0xf8, 0xf, 0xfc, 0x3c, 0x18, 0xf0, 0x11,
    0xc0, 0x3, 0x0, 0xe, 0x0, 0x7f, 0xf8, 0xff,
    0xf0, 0x70, 0x0, 0xe0, 0x1, 0xc0, 0xf, 0xfc,
    0x1f, 0xf8, 0xe, 0x0, 0x1c, 0x0, 0x1c, 0x0,
    0x38, 0x0, 0x38, 0x8, 0x78, 0x70, 0x7f, 0xe0,
    0x3f, 0x0,

    /* U+20AD "₭" */
    0x38, 0xe, 0x1c, 0xe, 0xe, 0xf, 0x7, 0x7,
    0x3, 0x87, 0x1, 0xc7, 0x0, 0xe7, 0x0, 0x77,
    0x0, 0x3f, 0x0, 0x7f, 0xfc, 0x3f, 0xfe, 0x7,
    0xe0, 0x3, 0xb8, 0x1, 0xce, 0x0, 0xe7, 0x80,
    0x71, 0xc0, 0x38, 0x70, 0x1c, 0x1c, 0xe, 0x7,
    0x7, 0x3, 0xc3, 0x80, 0xe1, 0xc0, 0x38,

    /* U+20AE "₮" */
    0xff, 0xff, 0xff, 0xff, 0xc0, 0x70, 0x0, 0x38,
    0x0, 0x1c, 0xc0, 0xe, 0xe0, 0x7, 0xe0, 0x3,
    0xe0, 0x1, 0xc4, 0x3, 0xe6, 0x3, 0xff, 0x3,
    0xbe, 0x1, 0x9e, 0x0, 0x1e, 0x0, 0x1f, 0x0,
    0x1f, 0x80, 0x1d, 0xc0, 0x0, 0xe0, 0x0, 0x70,
    0x0, 0x38, 0x0, 0x1c, 0x0, 0xe, 0x0,

    /* U+20AF "₯" */
    0xf, 0x0, 0xf, 0xc0, 0xf, 0x30, 0x7, 0x8c,
    0x2, 0xc6, 0x0, 0x61, 0x0, 0x30, 0xc0, 0x18,
    0x60, 0xc, 0x30, 0x4, 0x18, 0x2, 0xc, 0x3,
    0x6, 0x61, 0x83, 0x78, 0xc1, 0xb4, 0x61, 0xd2,
    0xf0, 0xc9, 0xf8, 0x6c, 0xfc, 0x36, 0x76, 0x3b,
    0x3b, 0x99, 0xbf, 0xf8, 0xf3, 0x38, 0x58, 0x0,
    0x20, 0x0, 0x10, 0x0, 0x8, 0x0, 0xc, 0x0,
    0x6, 0x0, 0x3, 0x0,

    /* U+20B0 "₰" */
    0x0, 0x7c, 0x0, 0x7f, 0x0, 0x7b, 0xc0, 0x38,
    0xe0, 0x1c, 0x70, 0xe, 0x38, 0x7, 0x1c, 0x3,
    0xce, 0x0, 0xee, 0xe, 0x3f, 0xf, 0x8f, 0xf,
    0xe7, 0xc7, 0x3f, 0xf1, 0xf, 0x3c, 0x0, 0xe,
    0x0, 0x7, 0x0, 0x3, 0x80, 0x1, 0xc0, 0x1,
    0xc0, 0x1, 0xe0, 0x3, 0xe0, 0x1, 0xc0,

    /* U+20B1 "₱" */
    0x7f, 0xe0, 0x3f, 0xfc, 0x1c, 0xf, 0xe, 0x3,
    0xcf, 0xff, 0xff, 0xff, 0xfd, 0xc0, 0x3d, 0xff,
    0xff, 0xff, 0xff, 0xb8, 0xf, 0x1c, 0xf, 0xf,
    0xff, 0x7, 0xfe, 0x3, 0x80, 0x1, 0xc0, 0x0,
    0xe0, 0x0, 0x70, 0x0, 0x38, 0x0, 0x1c, 0x0,
    0xe, 0x0, 0x7, 0x0, 0x3, 0x80, 0x0,

    /* U+20B2 "₲" */
    0x0, 0xc0, 0x0, 0xc0, 0x0, 0xc0, 0x3, 0xf8,
    0xf, 0xfe, 0x1e, 0xce, 0x38, 0xc2, 0x78, 0xc0,
    0x70, 0xc0, 0x70, 0xc0, 0xe0, 0xc0, 0xe0, 0xc0,
    0xe0, 0xc0, 0xe0, 0xcf, 0xe0, 0xcf, 0xe0, 0xc7,
    0xe0, 0xc7, 0xe0, 0xc7, 0x70, 0xc7, 0x70, 0xc7,
    0x78, 0xc7, 0x38, 0xc7, 0x1e, 0xcf, 0xf, 0xfe,
    0x3, 0xf8, 0x0, 0xc0, 0x0, 0xc0,

    /* U+20B3 "₳" */
    0x3, 0xc0, 0x3, 0xc0, 0x3, 0xc0, 0x7, 0xe0,
    0x6, 0x60, 0x6, 0x60, 0xe, 0x70, 0xff, 0xff,
    0xff, 0xff, 0x1c, 0x38, 0x1c, 0x38, 0x18, 0x18,
    0xff, 0xff, 0xff, 0xff, 0x38, 0xc, 0x70, 0xe,
    0x70, 0xe, 0x70, 0xe, 0x60, 0x6, 0xe0, 0x7,
    0xe0, 0x7, 0xe0, 0x3,

    /* U+20B4 "₴" */
    0x7, 0xf0, 0x7, 0xff, 0x1, 0xc1, 0xe0, 0x40,
    0x38, 0x0, 0x7, 0x0, 0x1, 0xc0, 0x0, 0x70,
    0x0, 0x3c, 0xff, 0xff, 0xff, 0xff, 0xf0, 0x7f,
    0xc0, 0x3f, 0xc0, 0xff, 0xff, 0xff, 0xff, 0xf3,
    0x80, 0x0, 0xe0, 0x0, 0x38, 0x0, 0xe, 0x0,
    0x3, 0xc0, 0x10, 0x78, 0x1c, 0xf, 0xff, 0x0,
    0xff, 0x0,

    /* U+20B5 "₵" */
    0x0, 0x80, 0x1, 0x0, 0x2, 0x0, 0x1f, 0x80,
    0xff, 0xe3, 0xd1, 0xcf, 0x21, 0x9c, 0x41, 0x70,
    0x80, 0xe1, 0x1, 0xc2, 0x3, 0x84, 0xf, 0x8,
    0x1e, 0x10, 0x1c, 0x20, 0x38, 0x40, 0x70, 0x80,
    0xe1, 0x0, 0xe2, 0x9, 0xe4, 0x31, 0xe8, 0xe1,
    0xff, 0xc0, 0xfc, 0x0, 0x40, 0x0, 0x80, 0x1,
    0x0, 0x2, 0x0,

    /* U+20B8 "₸" */
    0xff, 0xff, 0xff, 0xff, 0xc0, 0x0, 0x0, 0x0,
    0xf, 0xff, 0xff, 0xff, 0xfc, 0x7, 0x0, 0x3,
    0x80, 0x1, 0xc0, 0x0, 0xe0, 0x0, 0x70, 0x0,
    0x38, 0x0, 0x1c, 0x0, 0xe, 0x0, 0x7, 0x0,
    0x3, 0x80, 0x1, 0xc0, 0x0, 0xe0, 0x0, 0x70,
    0x0, 0x38, 0x0, 0x1c, 0x0, 0xe, 0x0,

    /* U+20B9 "₹" */
    0xff, 0xfd, 0xff, 0xf8, 0x1e, 0x0, 0xe, 0x0,
    0x1c, 0x1f, 0xff, 0xbf, 0xff, 0x0, 0xe0, 0x1,
    0xc0, 0x7, 0x83, 0xfe, 0x7, 0xf0, 0xf, 0xf0,
    0x0, 0xf0, 0x0, 0xe0, 0x0, 0xe0, 0x1, 0xc0,
    0x1, 0xc0, 0x3, 0x80, 0x3, 0x80, 0x7, 0x0,
    0x7, 0x0,

    /* U+20BA "₺" */
    0x7, 0x0, 0x1, 0xc0, 0x0, 0x70, 0x0, 0x1c,
    0xc0, 0x7, 0x78, 0x1, 0xf8, 0x0, 0x7c, 0x0,
    0x1c, 0x40, 0x1f, 0x30, 0xf, 0xfc, 0x7, 0x7e,
    0x1, 0x9e, 0x7, 0xf, 0x1, 0xc7, 0xc0, 0x77,
    0xf0, 0x1d, 0x9c, 0xf, 0x47, 0x3, 0x81, 0xc1,
    0xe0, 0x70, 0xf0, 0x1c, 0x78, 0x7, 0xfc, 0x1,
    0xfc, 0x0,

    /* U+20BD "₽" */
    0x1f, 0xe0, 0x3f, 0xf0, 0x70, 0xf0, 0xe0, 0xe1,
    0xc0, 0xe3, 0x81, 0xc7, 0x3, 0x8e, 0x7, 0x1c,
    0xe, 0x38, 0x38, 0x70, 0xf7, 0xff, 0xcf, 0xfe,
    0x3, 0x80, 0x7, 0x0, 0xe, 0x0, 0xff, 0xe1,
    0xff, 0xc0, 0x70, 0x0, 0xe0, 0x1, 0xc0, 0x3,
    0x80, 0x0,

    /* U+2102 "ℂ" */
    0x3, 0xf8, 0x38, 0x31, 0xc0, 0xf, 0x0, 0x6c,
    0x1, 0xb0, 0x4, 0xc0, 0x33, 0x0, 0xcc, 0x3,
    0x30, 0xc, 0xc0, 0x33, 0x0, 0xcc, 0x3, 0x30,
    0xc, 0xc0, 0x1b, 0x0, 0x6c, 0x1, 0xb0, 0x3,
    0xc0, 0x7, 0x0, 0xe, 0xc, 0xf, 0xe0,

    /* U+2105 "℅" */
    0x0, 0xc, 0xf, 0x3, 0x7, 0xc0, 0xc1, 0x90,
    0x60, 0xc0, 0x18, 0x30, 0x6, 0xc, 0x3, 0x3,
    0x0, 0xc0, 0xc0, 0x60, 0x30, 0x18, 0xc, 0x6,
    0x3, 0x3, 0x3c, 0x64, 0xdf, 0x9f, 0x3e, 0x63,
    0xdb, 0xc, 0x6, 0xc3, 0x1, 0xb0, 0xc0, 0xcc,
    0x30, 0x33, 0xc, 0x8, 0xc3, 0x6, 0x30, 0xc1,
    0x86, 0x60, 0xc1, 0xf8, 0x30, 0x3c,

    /* U+210D "ℍ" */
    0xf8, 0x1f, 0x88, 0x11, 0x88, 0x11, 0x88, 0x11,
    0x88, 0x11, 0x88, 0x11, 0x88, 0x11, 0x88, 0x11,
    0x88, 0x11, 0x8f, 0xf1, 0x8f, 0xf1, 0x88, 0x11,
    0x88, 0x11, 0x88, 0x11, 0x88, 0x11, 0x88, 0x11,
    0x88, 0x11, 0x88, 0x11, 0x88, 0x11, 0x88, 0x11,
    0x88, 0x11, 0xf8, 0x1f,

    /* U+210E "ℎ" */
    0xe, 0x0, 0x1c, 0x0, 0x38, 0x0, 0x60, 0x1,
    0xc0, 0x3, 0x80, 0x7, 0x3e, 0xf, 0xfe, 0x1e,
    0x1e, 0x78, 0x1c, 0xe0, 0x39, 0xc0, 0x73, 0x80,
    0xe6, 0x3, 0x9c, 0x7, 0x38, 0xe, 0x70, 0x1c,
    0xe0, 0x39, 0x80, 0x67, 0x1, 0xce, 0x3, 0x9c,
    0x7, 0x0,

    /* U+210F "ℏ" */
    0xe, 0x0, 0x1c, 0x0, 0x3f, 0x80, 0x7c, 0x7,
    0xc0, 0x1f, 0x80, 0x7, 0x3e, 0xe, 0xfe, 0x1a,
    0x1e, 0x78, 0x1c, 0xe0, 0x39, 0xc0, 0x73, 0x80,
    0xe6, 0x3, 0x9c, 0x7, 0x38, 0xe, 0x70, 0x1c,
    0xe0, 0x39, 0x80, 0x67, 0x1, 0xce, 0x3, 0x9c,
    0x7, 0x0,

    /* U+2115 "ℕ" */
    0xf8, 0x1, 0xcc, 0x1, 0xc4, 0x1, 0xe6, 0x1,
    0xa2, 0x1, 0xb3, 0x1, 0x91, 0x1, 0x98, 0x81,
    0x88, 0x81, 0x8c, 0x41, 0x84, 0x41, 0x82, 0x21,
    0x82, 0x31, 0x81, 0x11, 0x81, 0x19, 0x80, 0x89,
    0x80, 0xcd, 0x80, 0x45, 0x80, 0x67, 0x80, 0x23,
    0x80, 0x33, 0x80, 0x1f,

    /* U+2116 "№" */
    0x3c, 0x1c, 0x7, 0x87, 0x80, 0xf1, 0xc0, 0x1f,
    0x38, 0x3, 0xe7, 0x0, 0x7c, 0xe0, 0xf, 0x9c,
    0x1, 0xd3, 0x80, 0x3a, 0x70, 0x7, 0x6e, 0x0,
    0xed, 0xc0, 0x1d, 0xb9, 0xe3, 0xb7, 0x3c, 0x72,
    0xe6, 0xce, 0x7d, 0x99, 0xcf, 0x9b, 0x39, 0xf3,
    0xc7, 0x3e, 0x78, 0xe7, 0xc0, 0x7c, 0x78, 0xf,
    0xf, 0x7f, 0xc1, 0xef, 0xc0,

    /* U+2117 "℗" */
    0x3, 0xf8, 0x1, 0xc1, 0xc0, 0x60, 0xc, 0x18,
    0x0, 0xc6, 0x3f, 0x8c, 0xc6, 0x1d, 0xb0, 0xc1,
    0x9e, 0x18, 0x33, 0xc3, 0xe, 0x78, 0x7f, 0xf,
    0xc, 0x1, 0xe1, 0x80, 0x36, 0x30, 0xc, 0xc6,
    0x1, 0x8c, 0xc0, 0x60, 0xc0, 0x18, 0xe, 0xe,
    0x0, 0x7f, 0x0,

    /* U+2119 "ℙ" */
    0xff, 0xf0, 0x88, 0x1c, 0x88, 0x16, 0x88, 0x12,
    0x88, 0x13, 0x88, 0x13, 0x88, 0x13, 0x88, 0x13,
    0x88, 0x13, 0x88, 0x12, 0x88, 0x16, 0x88, 0x1c,
    0x8f, 0xf0, 0x88, 0x0, 0x88, 0x0, 0x88, 0x0,
    0x88, 0x0, 0x88, 0x0, 0x88, 0x0, 0x88, 0x0,
    0x88, 0x0, 0xf8, 0x0,

    /* U+211A "ℚ" */
    0x3, 0xf0, 0x3, 0x87, 0x1, 0xc0, 0xe0, 0xd0,
    0x2c, 0x74, 0xb, 0x99, 0x2, 0x66, 0x40, 0x9b,
    0x10, 0x23, 0xc4, 0x8, 0xf1, 0x2, 0x3c, 0x40,
    0x8f, 0x10, 0x23, 0xc4, 0x8, 0xf1, 0x2, 0x3c,
    0x40, 0x8d, 0x90, 0x26, 0x64, 0x9, 0x9d, 0x2,
    0xc3, 0x40, 0xb0, 0x70, 0x38, 0xe, 0x1c, 0x0,
    0xfc, 0x0, 0x3, 0x80, 0x0, 0x70, 0x0, 0xe,
    0x0, 0x3, 0xc0,

    /* U+211D "ℝ" */
    0xff, 0xe0, 0x88, 0x30, 0x88, 0x28, 0x88, 0x24,
    0x88, 0x24, 0x88, 0x24, 0x88, 0x24, 0x88, 0x24,
    0x88, 0x24, 0x88, 0x28, 0x88, 0x28, 0x88, 0x30,
    0x8f, 0xf0, 0x89, 0x98, 0x88, 0xc8, 0x88, 0x4c,
    0x88, 0x64, 0x88, 0x26, 0x88, 0x26, 0x88, 0x12,
    0x88, 0x13, 0xf8, 0x1f,

    /* U+2122 "™" */
    0xfd, 0xc7, 0x31, 0xe7, 0x31, 0xab, 0x31, 0xbb,
    0x31, 0x93, 0x31, 0x93, 0x31, 0x83, 0x31, 0x83,

    /* U+2124 "ℤ" */
    0xff, 0xff, 0x80, 0x18, 0x80, 0x8, 0xc0, 0xc,
    0x40, 0x4, 0x60, 0x6, 0x20, 0x2, 0x30, 0x3,
    0x10, 0x1, 0x18, 0x1, 0x88, 0x1, 0x8c, 0x0,
    0xc4, 0x0, 0xc6, 0x0, 0x62, 0x0, 0x63, 0x0,
    0x33, 0x0, 0x31, 0x80, 0x11, 0x80, 0x18, 0xc0,
    0x8, 0xc0, 0xc, 0x60, 0x7, 0xff, 0xfc,

    /* U+2126 "Ω" */
    0x7, 0xe0, 0x1f, 0xf0, 0x3c, 0x38, 0x38, 0x1c,
    0x70, 0xe, 0x70, 0xe, 0x60, 0x6, 0xe0, 0x7,
    0xe0, 0x7, 0xe0, 0x7, 0xe0, 0x7, 0xe0, 0x7,
    0xe0, 0x7, 0x70, 0xe, 0x70, 0xe, 0x70, 0xe,
    0x38, 0x1c, 0x38, 0x18, 0x1c, 0x38, 0xfe, 0x7f,
    0xfe, 0x7f,

    /* U+212A "K" */
    0xe0, 0xe, 0xe0, 0x1c, 0xe0, 0x38, 0xe0, 0x70,
    0xe0, 0xe0, 0xe1, 0xe0, 0xe3, 0xc0, 0xe7, 0x80,
    0xef, 0x0, 0xff, 0x0, 0xff, 0x0, 0xfb, 0x80,
    0xf3, 0xc0, 0xe1, 0xc0, 0xe0, 0xe0, 0xe0, 0xf0,
    0xe0, 0x70, 0xe0, 0x78, 0xe0, 0x3c, 0xe0, 0x1c,
    0xe0, 0x1e, 0xe0, 0xf,

    /* U+212B "Å" */
    0x3, 0xc0, 0x7, 0xe0, 0xe, 0x70, 0xc, 0x30,
    0xc, 0x30, 0xc, 0x30, 0x7, 0xe0, 0x3, 0xc0,
    0x7, 0xe0, 0x7, 0xe0, 0x7, 0xe0, 0xe, 0x60,
    0xe, 0x70, 0xe, 0x70, 0xc, 0x70, 0x1c, 0x38,
    0x1c, 0x38, 0x1c, 0x38, 0x38, 0x1c, 0x38, 0x1c,
    0x3f, 0xfc, 0x7f, 0xfe, 0x70, 0xe, 0x70, 0xe,
    0xf0, 0xe, 0xe0, 0x7, 0xe0, 0x7, 0xe0, 0x7,

    /* U+212E "℮" */
    0x3, 0xe0, 0x6, 0xc, 0x6, 0x3, 0x6, 0x0,
    0xc6, 0x0, 0x23, 0x0, 0x19, 0x80, 0xd, 0xc0,
    0x7, 0xe0, 0x3, 0xf0, 0x1, 0xff, 0xff, 0xfc,
    0x0, 0xe, 0x0, 0x7, 0x0, 0x1, 0x80, 0x0,
    0xc0, 0x0, 0x60, 0x0, 0x10, 0x1, 0x4, 0x1,
    0x1, 0x83, 0x0, 0x3e, 0x0,

    /* U+2148 "ⅈ" */
    0x0, 0x38, 0x0, 0xe0, 0x3, 0x0, 0x0, 0x0,
    0x0, 0x0, 0x0, 0x0, 0x1, 0xfe, 0x1, 0x90,
    0x6, 0x40, 0x1b, 0x0, 0x4c, 0x1, 0x30, 0xc,
    0x80, 0x32, 0x0, 0xc8, 0x2, 0x60, 0x9, 0x80,
    0x24, 0x1, 0x90, 0x6, 0x40, 0x13, 0x7, 0xff,
    0xc0,

    /* U+2150 "⅐" */
    0xc, 0x0, 0xfc, 0x0, 0xcc, 0x0, 0xc, 0x0,
    0xc, 0x0, 0xc, 0x0, 0xc, 0x0, 0xc, 0x0,
    0xc, 0x0, 0xc, 0x0, 0xc, 0x0, 0x7f, 0x80,
    0x7f, 0x83, 0x0, 0x7f, 0xf, 0xf0, 0xfe, 0x0,
    0xe1, 0xff, 0x1, 0xff, 0x0, 0x2, 0x0, 0x6,
    0x0, 0x6, 0x0, 0xc, 0x0, 0xc, 0x0, 0x18,
    0x0, 0x18, 0x0, 0x30, 0x0, 0x30, 0x0, 0x60,
    0x0, 0x60,

    /* U+2151 "⅑" */
    0xc, 0x0, 0xfc, 0x0, 0xcc, 0x0, 0xc, 0x0,
    0xc, 0x0, 0xc, 0x0, 0xc, 0x0, 0xc, 0x0,
    0xc, 0x0, 0xc, 0x0, 0xc, 0x0, 0x7f, 0x80,
    0x7f, 0x83, 0x0, 0x7f, 0x7, 0xf8, 0x7f, 0x0,
    0xf0, 0x7c, 0x0, 0xfe, 0x1, 0xc6, 0x1, 0x83,
    0x1, 0x83, 0x1, 0x83, 0x1, 0xc7, 0x0, 0xff,
    0x0, 0x7b, 0x0, 0x3, 0x0, 0x7, 0x0, 0x6,
    0x0, 0xfc, 0x0, 0xf8,

    /* U+2153 "⅓" */
    0x7c, 0x0, 0xfc, 0x0, 0xc, 0x0, 0xc, 0x0,
    0xc, 0x0, 0xc, 0x0, 0xc, 0x0, 0xc, 0x0,
    0xc, 0x0, 0xc, 0x0, 0xc, 0x0, 0x7f, 0x80,
    0x7f, 0x83, 0x0, 0x7f, 0x7, 0xf0, 0xff, 0x0,
    0xe0, 0xfc, 0x1, 0xfe, 0x1, 0x7, 0x0, 0x3,
    0x0, 0x7, 0x0, 0x3e, 0x0, 0x3e, 0x0, 0x7,
    0x0, 0x3, 0x0, 0x3, 0x1, 0x7, 0x1, 0xfe,
    0x0, 0xfc,

    /* U+2154 "⅔" */
    0x3f, 0x0, 0x7f, 0x80, 0x43, 0xc0, 0x1, 0xc0,
    0x1, 0xc0, 0x3, 0x80, 0x3, 0x0, 0x6, 0x0,
    0xc, 0x0, 0x18, 0x0, 0x30, 0x0, 0x7f, 0xc0,
    0x7f, 0xc3, 0x0, 0x3f, 0x7, 0xf8, 0x7f, 0x0,
    0x70, 0x7c, 0x0, 0xfe, 0x0, 0x87, 0x0, 0x3,
    0x0, 0x7, 0x0, 0x1e, 0x0, 0x1e, 0x0, 0x7,
    0x0, 0x3, 0x0, 0x3, 0x0, 0x87, 0x0, 0xfe,
    0x0, 0xfc,

    /* U+2155 "⅕" */
    0x7c, 0x0, 0xfc, 0x0, 0xc, 0x0, 0xc, 0x0,
    0xc, 0x0, 0xc, 0x0, 0xc, 0x0, 0xc, 0x0,
    0xc, 0x0, 0xc, 0x0, 0xc, 0x0, 0x7f, 0x80,
    0x7f, 0x83, 0x0, 0x7f, 0xf, 0xf0, 0xff, 0x0,
    0xe1, 0xfe, 0x1, 0xfe, 0x1, 0x80, 0x1, 0x80,
    0x1, 0xf8, 0x1, 0xfe, 0x0, 0x7, 0x0, 0x3,
    0x0, 0x3, 0x0, 0x3, 0x0, 0x7, 0x1, 0xfe,
    0x1, 0xf8,

    /* U+2156 "⅖" */
    0x3f, 0x0, 0x7f, 0x80, 0x43, 0xc0, 0x1, 0xc0,
    0x1, 0xc0, 0x3, 0x80, 0x3, 0x0, 0x6, 0x0,
    0xc, 0x0, 0x18, 0x0, 0x30, 0x0, 0x7f, 0xc0,
    0x7f, 0xc3, 0x0, 0x7f, 0x7, 0xf8, 0xff, 0x0,
    0x60, 0xfe, 0x0, 0xfe, 0x0, 0xc0, 0x0, 0xc0,
    0x0, 0xfc, 0x0, 0xfe, 0x0, 0x7, 0x0, 0x3,
    0x0, 0x3, 0x0, 0x3, 0x0, 0x7, 0x0, 0xfe,
    0x0, 0xfc,

    /* U+2157 "⅗" */
    0x3e, 0x0, 0x7f, 0x0, 0x43, 0x80, 0x1, 0x80,
    0x3, 0x80, 0x1f, 0x0, 0x1f, 0x0, 0x1, 0x80,
    0x0, 0xc0, 0x0, 0xc0, 0x41, 0xc0, 0x7f, 0x80,
    0x3f, 0x7, 0x0, 0x7f, 0xf, 0xf0, 0xff, 0x0,
    0x60, 0xfe, 0x0, 0xfe, 0x0, 0xc0, 0x0, 0xc0,
    0x0, 0xfc, 0x0, 0xfe, 0x0, 0x7, 0x0, 0x3,
    0x0, 0x3, 0x0, 0x3, 0x0, 0x87, 0x0, 0xfe,
    0x0, 0x7c,

    /* U+2158 "⅘" */
    0x3, 0x0, 0x7, 0x0, 0xf, 0x0, 0xb, 0x0,
    0x13, 0x0, 0x33, 0x0, 0x63, 0x0, 0x43, 0x0,
    0xff, 0xc0, 0xff, 0xc0, 0x3, 0x0, 0x3, 0x0,
    0x3, 0x7, 0x0, 0x7e, 0xf, 0xe0, 0x7e, 0x0,
    0x60, 0xfe, 0x0, 0xfe, 0x0, 0xc0, 0x0, 0xc0,
    0x0, 0xfc, 0x0, 0xfe, 0x0, 0x7, 0x0, 0x3,
    0x0, 0x3, 0x0, 0x3, 0x0, 0x7, 0x0, 0xfe,
    0x0, 0xfc,

    /* U+2159 "⅙" */
    0x7c, 0x0, 0xfc, 0x0, 0xc, 0x0, 0xc, 0x0,
    0xc, 0x0, 0xc, 0x0, 0xc, 0x0, 0xc, 0x0,
    0xc, 0x0, 0xc, 0x0, 0xc, 0x0, 0x7f, 0x80,
    0x7f, 0x86, 0x0, 0x7f, 0x7, 0xf0, 0xff, 0x0,
    0xe0, 0x3c, 0x0, 0xfe, 0x0, 0xe0, 0x1, 0xc0,
    0x1, 0xbc, 0x1, 0xfe, 0x1, 0xc7, 0x1, 0x83,
    0x1, 0x83, 0x1, 0x83, 0x0, 0xc7, 0x0, 0xfe,
    0x0, 0x7c,

    /* U+215A "⅚" */
    0x7f, 0x0, 0x7f, 0x0, 0x60, 0x0, 0x60, 0x0,
    0x7e, 0x0, 0x7f, 0x0, 0x3, 0x80, 0x1, 0x80,
    0x1, 0x80, 0x1, 0x80, 0x83, 0x80, 0xff, 0x0,
    0x7e, 0xf, 0x0, 0xff, 0xf, 0xf0, 0xff, 0x0,
    0xe0, 0x3c, 0x0, 0xfe, 0x0, 0xe0, 0x1, 0xc0,
    0x1, 0xbc, 0x1, 0xfe, 0x1, 0xc7, 0x1, 0x83,
    0x1, 0x83, 0x1, 0x83, 0x0, 0xc7, 0x0, 0xfe,
    0x0, 0x7c,

    /* U+215B "⅛" */
    0x7c, 0x0, 0xfc, 0x0, 0xc, 0x0, 0xc, 0x0,
    0xc, 0x0, 0xc, 0x0, 0xc, 0x0, 0xc, 0x0,
    0xc, 0x0, 0xc, 0x0, 0xc, 0x0, 0x7f, 0x80,
    0x7f, 0x83, 0x0, 0x7f, 0x7, 0xf0, 0xff, 0x0,
    0xe0, 0x7c, 0x0, 0xfe, 0x1, 0xc7, 0x1, 0x83,
    0x1, 0xc7, 0x0, 0xfc, 0x0, 0xfe, 0x1, 0xc7,
    0x1, 0x83, 0x1, 0x83, 0x1, 0xc7, 0x0, 0xfe,
    0x0, 0x7c,

    /* U+215C "⅜" */
    0x3e, 0x0, 0x7f, 0x0, 0x43, 0x80, 0x1, 0x80,
    0x3, 0x80, 0x1f, 0x0, 0x1f, 0x0, 0x3, 0x80,
    0x1, 0xc0, 0x1, 0xc0, 0x43, 0xc0, 0x7f, 0x80,
    0x3f, 0x7, 0x0, 0x7f, 0x7, 0xf0, 0x7f, 0x0,
    0x70, 0x3c, 0x0, 0xff, 0x0, 0xc3, 0x0, 0xc3,
    0x0, 0xc3, 0x0, 0x7e, 0x0, 0x7e, 0x0, 0xc7,
    0x1, 0x83, 0x1, 0x83, 0x1, 0xc7, 0x0, 0xfe,
    0x0, 0x7c,

    /* U+215D "⅝" */
    0x7f, 0x0, 0x7f, 0x0, 0x60, 0x0, 0x60, 0x0,
    0x7e, 0x0, 0x7f, 0x0, 0x3, 0x80, 0x1, 0x80,
    0x1, 0x80, 0x1, 0x80, 0x83, 0x80, 0xff, 0x0,
    0x7e, 0xf, 0x0, 0xff, 0xf, 0xf0, 0xff, 0x0,
    0xe0, 0x7c, 0x0, 0xfe, 0x1, 0xc7, 0x1, 0x83,
    0x1, 0xc7, 0x0, 0xfc, 0x0, 0xfe, 0x1, 0xc7,
    0x1, 0x83, 0x1, 0x83, 0x1, 0xc7, 0x0, 0xfe,
    0x0, 0x7c,

    /* U+215E "⅞" */
    0xff, 0x80, 0xff, 0x80, 0x1, 0x0, 0x3, 0x0,
    0x2, 0x0, 0x6, 0x0, 0x6, 0x0, 0xc, 0x0,
    0xc, 0x0, 0x18, 0x0, 0x18, 0x0, 0x30, 0x0,
    0x30, 0xe, 0x0, 0xfe, 0xf, 0xe0, 0xfe, 0x0,
    0xe0, 0x78, 0x1, 0xfe, 0x1, 0x86, 0x1, 0x86,
    0x1, 0x86, 0x0, 0xfc, 0x0, 0xfc, 0x1, 0xc6,
    0x1, 0x83, 0x1, 0x83, 0x1, 0xc7, 0x0, 0xfe,
    0x0, 0x7c,

    /* U+215F "⅟" */
    0xc, 0x0, 0xfc, 0x0, 0xcc, 0x0, 0xc, 0x0,
    0xc, 0x0, 0xc, 0x0, 0xc, 0x0, 0xc, 0x0,
    0xc, 0x0, 0xc, 0x0, 0xc, 0x0, 0x7f, 0x80,
    0x7f, 0x82, 0x0, 0x3f, 0x3, 0xf8, 0x3f, 0x80,
    0xf8, 0x0, 0x80, 0x0,

    /* U+2189 "↉" */
    0x3e, 0x0, 0x7f, 0x0, 0x63, 0x0, 0xc1, 0x80,
    0xc1, 0x80, 0xdd, 0x80, 0xdd, 0x80, 0xc1, 0x80,
    0xc1, 0x80, 0xc1, 0x80, 0x63, 0x0, 0x7f, 0x0,
    0x3e, 0x1e, 0x1, 0xfe, 0xf, 0xf0, 0xfe, 0x0,
    0xe0, 0xf8, 0x1, 0xfc, 0x1, 0xe, 0x0, 0x6,
    0x0, 0xe, 0x0, 0x7c, 0x0, 0x7c, 0x0, 0x6,
    0x0, 0x3, 0x0, 0x3, 0x1, 0x7, 0x1, 0xfe,
    0x0, 0xfc,

    /* U+2190 "←" */
    0x0, 0x0, 0x18, 0x0, 0x38, 0x0, 0x70, 0x0,
    0xff, 0xff, 0xff, 0xff, 0x70, 0x0, 0x38, 0x0,
    0x18, 0x0, 0x0, 0x0,

    /* U+2191 "↑" */
    0xc, 0x7, 0x83, 0xf1, 0xfe, 0x6d, 0x83, 0x0,
    0xc0, 0x30, 0xc, 0x3, 0x0, 0xc0, 0x30, 0xc,
    0x3, 0x0, 0xc0, 0x30,

    /* U+2192 "→" */
    0x0, 0x0, 0x0, 0x18, 0x0, 0x1c, 0x0, 0xe,
    0xff, 0xff, 0xff, 0xff, 0x0, 0xe, 0x0, 0x1c,
    0x0, 0x18, 0x0, 0x0,

    /* U+2193 "↓" */
    0xc, 0x3, 0x0, 0xc0, 0x30, 0xc, 0x3, 0x0,
    0xc0, 0x30, 0xc, 0x3, 0x0, 0xc1, 0xb6, 0x7f,
    0x8f, 0xc1, 0xe0, 0x30,

    /* U+2194 "↔" */
    0x0, 0x0, 0x18, 0x18, 0x38, 0x1c, 0x70, 0xe,
    0xff, 0xff, 0xff, 0xff, 0x70, 0xe, 0x38, 0x1c,
    0x18, 0x18, 0x0, 0x0,

    /* U+2195 "↕" */
    0xc, 0x7, 0x83, 0xf1, 0xfe, 0x6d, 0x83, 0x0,
    0xc0, 0x30, 0xc, 0x3, 0x0, 0xc1, 0xb6, 0x7f,
    0x8f, 0xc1, 0xe0, 0x30,

    /* U+2196 "↖" */
    0xfe, 0x7, 0xf0, 0x3c, 0x1, 0xf0, 0xd, 0xc0,
    0x67, 0x3, 0x1c, 0x0, 0x70, 0x1, 0xc0, 0x7,
    0x0, 0x1c, 0x0, 0x60, 0x0, 0x0,

    /* U+2197 "↗" */
    0x3, 0xf8, 0x1f, 0xc0, 0x1e, 0x1, 0xf0, 0x1d,
    0x81, 0xcc, 0x1c, 0x61, 0xc0, 0x1c, 0x1, 0xc0,
    0x1c, 0x0, 0xc0, 0x0, 0x0, 0x0,

    /* U+2198 "↘" */
    0x0, 0x3, 0x0, 0x1c, 0x0, 0x70, 0x1, 0xc0,
    0x7, 0x0, 0x1c, 0x60, 0x73, 0x1, 0xd8, 0x7,
    0xc0, 0x1e, 0x7, 0xf0, 0x3f, 0x80,

    /* U+2199 "↙" */
    0x0, 0x0, 0x1, 0x80, 0x1c, 0x1, 0xc0, 0x1c,
    0x1, 0xc3, 0x1c, 0x19, 0xc0, 0xdc, 0x7, 0xc0,
    0x3c, 0x1, 0xfc, 0xf, 0xe0, 0x0,

    /* U+219A "↚" */
    0x0, 0x8, 0x18, 0xc, 0x38, 0x1c, 0x70, 0x18,
    0xff, 0xff, 0xff, 0xff, 0x70, 0x60, 0x38, 0xe0,
    0x19, 0xc0, 0x0, 0x40,

    /* U+219B "↛" */
    0x2, 0x0, 0x3, 0x98, 0x7, 0x1c, 0x6, 0xe,
    0xff, 0xff, 0xff, 0xff, 0x18, 0xe, 0x38, 0x1c,
    0x30, 0x18, 0x10, 0x0,

    /* U+219C "↜" */
    0xfe, 0x3c, 0xfe, 0x7e, 0xf0, 0x66, 0xf0, 0xc2,
    0xd9, 0xc0, 0xdf, 0x80, 0xc7, 0x0,

    /* U+219D "↝" */
    0x3c, 0x7f, 0x7e, 0x7f, 0x66, 0xf, 0x43, 0xf,
    0x3, 0x9b, 0x1, 0xfb, 0x0, 0xe3,

    /* U+219E "↞" */
    0x0, 0x0, 0x18, 0xc0, 0x39, 0x80, 0x73, 0x80,
    0xff, 0xff, 0xff, 0xff, 0x73, 0x80, 0x39, 0xc0,
    0x18, 0xc0, 0x0, 0x0,

    /* U+219F "↟" */
    0xc, 0x7, 0x83, 0xf1, 0xfe, 0x6d, 0x83, 0x1,
    0xe0, 0xfc, 0x7f, 0x9b, 0x20, 0xc0, 0x30, 0xc,
    0x3, 0x0, 0xc0, 0x30,

    /* U+21A0 "↠" */
    0x0, 0x0, 0x3, 0x18, 0x3, 0x9c, 0x1, 0xce,
    0xff, 0xff, 0xff, 0xff, 0x1, 0xce, 0x1, 0x9c,
    0x3, 0x18, 0x0, 0x0,

    /* U+21A1 "↡" */
    0xc, 0x3, 0x0, 0xc0, 0x30, 0xc, 0x3, 0x4,
    0xd9, 0xfe, 0x3f, 0x7, 0x80, 0xc1, 0xb6, 0x7f,
    0x8f, 0xc1, 0xe0, 0x30,

    /* U+21A2 "↢" */
    0x0, 0x0, 0x18, 0x3, 0x38, 0x6, 0x70, 0xc,
    0xff, 0xf8, 0xff, 0xf8, 0x70, 0xc, 0x38, 0x6,
    0x18, 0x3, 0x0, 0x0,

    /* U+21A3 "↣" */
    0x0, 0x0, 0xc0, 0x18, 0x60, 0x1c, 0x30, 0xe,
    0x1f, 0xff, 0x1f, 0xff, 0x30, 0xe, 0x60, 0x1c,
    0xc0, 0x18, 0x0, 0x0,

    /* U+21A4 "↤" */
    0x8, 0x3, 0x1c, 0x3, 0x30, 0x3, 0x7f, 0xff,
    0xff, 0xff, 0x7f, 0xff, 0x30, 0x3, 0x1c, 0x3,
    0x8, 0x3,

    /* U+21A5 "↥" */
    0xc, 0x7, 0x83, 0xf1, 0xfe, 0xed, 0xd3, 0x20,
    0xc0, 0x30, 0xc, 0x3, 0x0, 0xc0, 0x30, 0xc,
    0x3, 0xf, 0xff, 0xff,

    /* U+21A6 "↦" */
    0xc0, 0x10, 0xc0, 0x38, 0xc0, 0xc, 0xff, 0xfe,
    0xff, 0xff, 0xff, 0xfe, 0xc0, 0xc, 0xc0, 0x38,
    0xc0, 0x10,

    /* U+21A7 "↧" */
    0xff, 0xff, 0xf0, 0xc0, 0x30, 0xc, 0x3, 0x0,
    0xc0, 0x30, 0xc, 0x3, 0x4, 0xcb, 0xb7, 0x7f,
    0x8f, 0xc1, 0xe0, 0x30,

    /* U+21A8 "↨" */
    0xc, 0x7, 0x83, 0xf1, 0xfe, 0xed, 0xd3, 0x20,
    0xc0, 0x30, 0xc, 0x13, 0x2e, 0xdd, 0xfe, 0x3f,
    0x7, 0x8f, 0xff, 0xff,

    /* U+21A9 "↩" */
    0x0, 0xc, 0x0, 0xe, 0x8, 0x7, 0x1c, 0x3,
    0x38, 0x3, 0x70, 0x7, 0xff, 0xfe, 0xff, 0xfc,
    0x70, 0x0, 0x38, 0x0, 0x1c, 0x0, 0x8, 0x0,

    /* U+21AA "↪" */
    0x30, 0x0, 0x70, 0x0, 0xe0, 0x10, 0xc0, 0x38,
    0xc0, 0x1c, 0xe0, 0xe, 0x7f, 0xff, 0x3f, 0xff,
    0x0, 0xe, 0x0, 0x1c, 0x0, 0x38, 0x0, 0x10,

    /* U+21AB "↫" */
    0x0, 0x3c, 0x0, 0x7e, 0x8, 0xe7, 0x1c, 0xc3,
    0x38, 0xc3, 0x70, 0xc7, 0xff, 0xfe, 0xff, 0xfc,
    0x70, 0xc0, 0x38, 0xc0, 0x1c, 0xc0, 0x8, 0x0,

    /* U+21AC "↬" */
    0x3c, 0x0, 0x7e, 0x0, 0xe7, 0x10, 0xc3, 0x38,
    0xc3, 0x1c, 0xe3, 0xe, 0x7f, 0xff, 0x3f, 0xff,
    0x3, 0xe, 0x3, 0x1c, 0x3, 0x38, 0x0, 0x10,

    /* U+21AD "↭" */
    0x8, 0x10, 0x18, 0x18, 0x31, 0x8c, 0x63, 0xc6,
    0xfb, 0xdf, 0xfe, 0x7f, 0x7e, 0x7e, 0x38, 0x1c,
    0x18, 0x18, 0x0, 0x0,

    /* U+21AE "↮" */
    0x0, 0xc0, 0x18, 0xd8, 0x39, 0xdc, 0x71, 0x8e,
    0xff, 0xff, 0xff, 0xff, 0x73, 0x8e, 0x3b, 0x1c,
    0x1b, 0x18, 0x3, 0x0,

    /* U+21AF "↯" */
    0x30, 0x0, 0xc0, 0x7, 0x0, 0x1c, 0x6, 0x70,
    0x79, 0x83, 0xe6, 0x3f, 0x9b, 0xec, 0xfe, 0x33,
    0xf0, 0xcf, 0x7, 0x30, 0x1c, 0x80, 0x70, 0x1,
    0x80, 0x6, 0x1, 0x98, 0x7, 0xe4, 0xf, 0xf0,
    0x1f, 0x80, 0x7c, 0x0, 0xc0,

    /* U+21B0 "↰" */
    0x0, 0x1, 0x80, 0x30, 0x6, 0x0, 0xff, 0xff,
    0xff, 0x60, 0x33, 0x3, 0x18, 0x30, 0x3, 0x0,
    0x30, 0x3, 0x0, 0x30, 0x3, 0x0, 0x30, 0x3,
    0x0, 0x30, 0x3, 0x0, 0x30, 0x3,

    /* U+21B1 "↱" */
    0x0, 0x0, 0x18, 0x0, 0xc0, 0x6, 0xff, 0xff,
    0xff, 0xc0, 0x6c, 0xc, 0xc1, 0x8c, 0x0, 0xc0,
    0xc, 0x0, 0xc0, 0xc, 0x0, 0xc0, 0xc, 0x0,
    0xc0, 0xc, 0x0, 0xc0, 0xc, 0x0,

    /* U+21B2 "↲" */
    0x0, 0x30, 0x3, 0x0, 0x30, 0x3, 0x0, 0x30,
    0x3, 0x0, 0x30, 0x3, 0x0, 0x30, 0x3, 0x0,
    0x31, 0x83, 0x30, 0x36, 0x3, 0xff, 0xff, 0xff,
    0x60, 0x3, 0x0, 0x18, 0x0, 0x0,

    /* U+21B3 "↳" */
    0xc0, 0xc, 0x0, 0xc0, 0xc, 0x0, 0xc0, 0xc,
    0x0, 0xc0, 0xc, 0x0, 0xc0, 0xc, 0x0, 0xc0,
    0xc, 0x18, 0xc0, 0xcc, 0x6, 0xff, 0xff, 0xff,
    0x0, 0x60, 0xc, 0x1, 0x80, 0x0,

    /* U+21B4 "↴" */
    0xff, 0x87, 0xfc, 0x0, 0x60, 0x3, 0x0, 0x18,
    0x0, 0xc0, 0x6, 0x0, 0x30, 0x1, 0x80, 0xc,
    0x2, 0x64, 0x3b, 0x70, 0xff, 0x3, 0xf0, 0xf,
    0x0, 0x30,

    /* U+21B5 "↵" */
    0x0, 0x3, 0x0, 0x3, 0x0, 0x3, 0x8, 0x3,
    0x1c, 0x3, 0x38, 0x3, 0x70, 0x3, 0xff, 0xff,
    0xff, 0xff, 0x70, 0x0, 0x38, 0x0, 0x1c, 0x0,
    0x8, 0x0,

    /* U+21B6 "↶" */
    0x0, 0xf8, 0x3, 0xfc, 0x7, 0xe, 0x6, 0x6,
    0x4c, 0x83, 0xed, 0xc3, 0x7f, 0x80, 0x3f, 0x0,
    0x1e, 0x0, 0xc, 0x0,

    /* U+21B7 "↷" */
    0x1f, 0x0, 0x3f, 0xc0, 0x70, 0xe0, 0xe0, 0x60,
    0xc1, 0x32, 0xc3, 0xb6, 0x1, 0xfe, 0x0, 0xfc,
    0x0, 0x78, 0x0, 0x30,

    /* U+21B8 "↸" */
    0xff, 0xff, 0x80, 0x0, 0xf, 0xe0, 0x7, 0xf0,
    0x3, 0xc0, 0x1, 0xf0, 0x0, 0xfc, 0x0, 0x67,
    0x0, 0x31, 0xc0, 0x0, 0x70, 0x0, 0x1c, 0x0,
    0x7, 0x0, 0x1, 0xc0, 0x0, 0x60, 0x0, 0x0,

    /* U+21B9 "↹" */
    0xc2, 0x0, 0xc7, 0x0, 0xce, 0x0, 0xdc, 0x0,
    0xff, 0xff, 0xff, 0xff, 0xdc, 0x0, 0xce, 0x0,
    0xc7, 0x0, 0xc2, 0x43, 0x0, 0xe3, 0x0, 0x33,
    0xff, 0xff, 0xff, 0xff, 0xff, 0xfb, 0x0, 0x33,
    0x0, 0xe3, 0x0, 0x43,

    /* U+21BA "↺" */
    0x0, 0xfe, 0x1, 0xfc, 0x3, 0xc3, 0x7, 0xc6,
    0xd, 0x98, 0x1b, 0xb0, 0x33, 0x60, 0x6, 0xc0,
    0xd, 0x80, 0x19, 0x80, 0x63, 0x0, 0xc3, 0x87,
    0x3, 0xfc, 0x3, 0xf0, 0x0,

    /* U+21BB "↻" */
    0xfe, 0x1, 0xfc, 0x0, 0x78, 0x1, 0xf0, 0x63,
    0x60, 0xce, 0xc0, 0xd9, 0x81, 0xb0, 0x3, 0x60,
    0x6, 0xc0, 0xc, 0xc0, 0x31, 0x80, 0xe1, 0xc3,
    0x81, 0xfe, 0x1, 0xf8, 0x0,

    /* U+21BC "↼" */
    0x0, 0x0, 0x18, 0x0, 0x38, 0x0, 0x70, 0x0,
    0xff, 0xff, 0xff, 0xff,

    /* U+21BD "↽" */
    0xff, 0xff, 0xff, 0xff, 0x70, 0x0, 0x38, 0x0,
    0x18, 0x0, 0x0, 0x0,

    /* U+21BE "↾" */
    0xc3, 0x8f, 0x3e, 0xdb, 0xc, 0x30, 0xc3, 0xc,
    0x30, 0xc3, 0xc, 0x30,

    /* U+21BF "↿" */
    0xc, 0x73, 0xdf, 0x6c, 0x30, 0xc3, 0xc, 0x30,
    0xc3, 0xc, 0x30, 0xc3,

    /* U+21C0 "⇀" */
    0x0, 0x0, 0x0, 0x18, 0x0, 0x1c, 0x0, 0xe,
    0xff, 0xff, 0xff, 0xff,

    /* U+21C1 "⇁" */
    0xff, 0xff, 0xff, 0xff, 0x0, 0xe, 0x0, 0x1c,
    0x0, 0x18, 0x0, 0x0,

    /* U+21C2 "⇂" */
    0xc3, 0xc, 0x30, 0xc3, 0xc, 0x30, 0xc3, 0xc,
    0x36, 0xfb, 0xce, 0x30,

    /* U+21C3 "⇃" */
    0xc, 0x30, 0xc3, 0xc, 0x30, 0xc3, 0xc, 0x30,
    0xdb, 0x7c, 0xf1, 0xc3,

    /* U+21C4 "⇄" */
    0x0, 0x0, 0x0, 0x18, 0x0, 0x1c, 0x0, 0xe,
    0xff, 0xff, 0xff, 0xff, 0x0, 0xe, 0x8, 0x1c,
    0x1c, 0x38, 0x38, 0x10, 0x70, 0x0, 0xff, 0xff,
    0xff, 0xff, 0x70, 0x0, 0x38, 0x0, 0x18, 0x0,
    0x0, 0x0,

    /* U+21C5 "⇅" */
    0xc, 0x18, 0xf, 0xc, 0xf, 0xc6, 0xf, 0xf3,
    0x6, 0xdd, 0x80, 0x64, 0xc0, 0x30, 0x60, 0x18,
    0x30, 0xc, 0x18, 0x6, 0xc, 0x3, 0x26, 0x1,
    0xbb, 0x60, 0xcf, 0xf0, 0x63, 0xf0, 0x30, 0xf0,
    0x18, 0x30,

    /* U+21C6 "⇆" */
    0x0, 0x0, 0x18, 0x0, 0x38, 0x0, 0x70, 0x0,
    0xff, 0xff, 0xff, 0xff, 0x70, 0x0, 0x38, 0x10,
    0x1c, 0x38, 0x8, 0x1c, 0x0, 0xe, 0xff, 0xff,
    0xff, 0xff, 0x0, 0xe, 0x0, 0x1c, 0x0, 0x18,
    0x0, 0x0,

    /* U+21C7 "⇇" */
    0x0, 0x0, 0x18, 0x0, 0x38, 0x0, 0x70, 0x0,
    0xff, 0xff, 0xff, 0xff, 0x70, 0x0, 0x38, 0x0,
    0x1c, 0x0, 0x38, 0x0, 0x70, 0x0, 0xff, 0xff,
    0xff, 0xff, 0x70, 0x0, 0x38, 0x0, 0x18, 0x0,
    0x0, 0x0,

    /* U+21C8 "⇈" */
    0xc, 0x18, 0xf, 0x1e, 0xf, 0xdf, 0x8f, 0xff,
    0xe6, 0xdd, 0xb0, 0x64, 0xc0, 0x30, 0x60, 0x18,
    0x30, 0xc, 0x18, 0x6, 0xc, 0x3, 0x6, 0x1,
    0x83, 0x0, 0xc1, 0x80, 0x60, 0xc0, 0x30, 0x60,
    0x18, 0x30,

    /* U+21C9 "⇉" */
    0x0, 0x0, 0x0, 0x18, 0x0, 0x1c, 0x0, 0xe,
    0xff, 0xff, 0xff, 0xff, 0x0, 0xe, 0x0, 0x1c,
    0x0, 0x38, 0x0, 0x1c, 0x0, 0xe, 0xff, 0xff,
    0xff, 0xff, 0x0, 0xe, 0x0, 0x1c, 0x0, 0x18,
    0x0, 0x0,

    /* U+21CA "⇊" */
    0xc, 0x18, 0x6, 0xc, 0x3, 0x6, 0x1, 0x83,
    0x0, 0xc1, 0x80, 0x60, 0xc0, 0x30, 0x60, 0x18,
    0x30, 0xc, 0x18, 0x6, 0xc, 0x3, 0x26, 0xd,
    0xbb, 0x67, 0xff, 0xf1, 0xfb, 0xf0, 0x78, 0xf0,
    0x18, 0x30,

    /* U+21CB "⇋" */
    0x0, 0x0, 0x18, 0x0, 0x38, 0x0, 0x70, 0x0,
    0xff, 0xff, 0xff, 0xff, 0x0, 0x0, 0x0, 0x0,
    0x0, 0x0, 0xff, 0xff, 0xff, 0xff, 0x0, 0xe,
    0x0, 0x1c, 0x0, 0x18, 0x0, 0x0,

    /* U+21CC "⇌" */
    0x0, 0x0, 0x0, 0x18, 0x0, 0x1c, 0x0, 0xe,
    0xff, 0xff, 0xff, 0xff, 0x0, 0x0, 0x0, 0x0,
    0x0, 0x0, 0xff, 0xff, 0xff, 0xff, 0x70, 0x0,
    0x38, 0x0, 0x18, 0x0, 0x0, 0x0,

    /* U+21CD "⇍" */
    0x18, 0x18, 0x38, 0x18, 0x7f, 0xff, 0xe0, 0x20,
    0xc0, 0x60, 0xe0, 0x60, 0x7f, 0xff, 0x39, 0x80,
    0x19, 0x80,

    /* U+21CE "⇎" */
    0x0, 0xc0, 0x18, 0xd8, 0x39, 0x9c, 0x7f, 0xfe,
    0xe1, 0x87, 0xc1, 0x83, 0xe1, 0x87, 0x7f, 0xfe,
    0x3b, 0x1c, 0x1b, 0x18,

    /* U+21CF "⇏" */
    0x1, 0x98, 0x1, 0x9c, 0xff, 0xfe, 0x6, 0x7,
    0x6, 0x3, 0x4, 0x7, 0xff, 0xfe, 0x18, 0x1c,
    0x18, 0x18,

    /* U+21D0 "⇐" */
    0x18, 0x0, 0x38, 0x0, 0x7f, 0xff, 0xe0, 0x0,
    0xc0, 0x0, 0xe0, 0x0, 0x7f, 0xff, 0x38, 0x0,
    0x18, 0x0,

    /* U+21D1 "⇑" */
    0x1c, 0x1f, 0x1d, 0xdc, 0x7e, 0x39, 0x10, 0x88,
    0x44, 0x22, 0x11, 0x8, 0x84, 0x42, 0x21, 0x10,
    0x88, 0x44,

    /* U+21D2 "⇒" */
    0x0, 0x18, 0x0, 0x1c, 0xff, 0xfe, 0x0, 0x7,
    0x0, 0x3, 0x0, 0x7, 0xff, 0xfe, 0x0, 0x1c,
    0x0, 0x18,

    /* U+21D3 "⇓" */
    0x22, 0x11, 0x8, 0x84, 0x42, 0x21, 0x10, 0x88,
    0x44, 0x22, 0x11, 0x8, 0x9c, 0x7e, 0x3b, 0xb8,
    0xf8, 0x38,

    /* U+21D4 "⇔" */
    0x18, 0x18, 0x38, 0x1c, 0x7f, 0xfe, 0xe0, 0x7,
    0xc0, 0x3, 0xe0, 0x7, 0x7f, 0xfe, 0x38, 0x1c,
    0x18, 0x18,

    /* U+21D5 "⇕" */
    0x1c, 0x1f, 0x1d, 0xdc, 0x7e, 0x39, 0x10, 0x88,
    0x44, 0x22, 0x11, 0x8, 0x9c, 0x7e, 0x3b, 0xb8,
    0xf8, 0x38,

    /* U+21D6 "⇖" */
    0xfe, 0x3, 0xf8, 0xc, 0xc0, 0x31, 0x80, 0xe3,
    0x3, 0xc6, 0xd, 0x8c, 0x3, 0x18, 0x6, 0x30,
    0xc, 0x60, 0x18, 0x80, 0x30, 0x0, 0x60, 0x0,
    0x0,

    /* U+21D7 "⇗" */
    0x1, 0xfc, 0x7, 0xf0, 0xc, 0xc0, 0x63, 0x3,
    0x1c, 0x18, 0xf0, 0xc6, 0xc6, 0x30, 0x31, 0x81,
    0x8c, 0x4, 0x60, 0x3, 0x0, 0x18, 0x0, 0x0,
    0x0,

    /* U+21D8 "⇘" */
    0x0, 0x0, 0x60, 0x0, 0xc0, 0x11, 0x80, 0x63,
    0x0, 0xc6, 0x1, 0x8c, 0x3, 0x1b, 0x6, 0x3c,
    0xc, 0x70, 0x18, 0xc0, 0x33, 0x1, 0xfc, 0x7,
    0xf0,

    /* U+21D9 "⇙" */
    0x0, 0x0, 0x1, 0x80, 0xc, 0x0, 0x62, 0x3,
    0x18, 0x18, 0xc0, 0xc6, 0x36, 0x30, 0xf1, 0x83,
    0x8c, 0xc, 0x60, 0x33, 0x0, 0xfe, 0x3, 0xf8,
    0x0,

    /* U+21DA "⇚" */
    0x18, 0x0, 0x3f, 0xff, 0x70, 0x0, 0xe0, 0x0,
    0xff, 0xff, 0xe0, 0x0, 0x70, 0x0, 0x3f, 0xff,
    0x18, 0x0,

    /* U+21DB "⇛" */
    0x0, 0x18, 0xff, 0xfc, 0x0, 0xe, 0x0, 0x7,
    0xff, 0xff, 0x0, 0x7, 0x0, 0xe, 0xff, 0xfc,
    0x0, 0x18,

    /* U+21DC "⇜" */
    0x0, 0x0, 0x18, 0x0, 0x38, 0x8, 0x71, 0x88,
    0xff, 0xdd, 0xff, 0xf7, 0x76, 0x63, 0x38, 0x0,
    0x18, 0x0, 0x0, 0x0,

    /* U+21DD "⇝" */
    0x0, 0x0, 0x0, 0x18, 0x10, 0x1c, 0x11, 0x8e,
    0xbb, 0xff, 0xef, 0xff, 0xc6, 0x6e, 0x0, 0x1c,
    0x0, 0x18, 0x0, 0x0,

    /* U+21DE "⇞" */
    0xc, 0x7, 0x83, 0xf1, 0xb6, 0xcc, 0xc3, 0x0,
    0xc3, 0xff, 0xff, 0xc3, 0x0, 0xc3, 0xff, 0xff,
    0xc3, 0x0, 0xc0, 0x30,

    /* U+21DF "⇟" */
    0xc, 0x3, 0x0, 0xc3, 0xff, 0xff, 0xc3, 0x0,
    0xc3, 0xff, 0xff, 0xc3, 0x0, 0xc3, 0x33, 0x6d,
    0x8f, 0xc1, 0xe0, 0x30,

    /* U+21E0 "⇠" */
    0x0, 0x0, 0x18, 0x0, 0x38, 0x0, 0x70, 0x0,
    0xfe, 0x77, 0xfe, 0x77, 0x70, 0x0, 0x38, 0x0,
    0x18, 0x0, 0x0, 0x0,

    /* U+21E1 "⇡" */
    0xc, 0x7, 0x83, 0xf1, 0xfe, 0x6d, 0x83, 0x0,
    0xc0, 0x0, 0x0, 0x3, 0x0, 0xc0, 0x0, 0x0,
    0x0, 0x0, 0xc0, 0x30,

    /* U+21E2 "⇢" */
    0x0, 0x0, 0x0, 0x6, 0x0, 0x3, 0x80, 0x0,
    0xee, 0x73, 0xff, 0x39, 0xfc, 0x0, 0x1c, 0x0,
    0x1c, 0x0, 0xc, 0x0, 0x0, 0x0,

    /* U+21E3 "⇣" */
    0xc, 0x3, 0x0, 0x0, 0x0, 0xc, 0x3, 0x0,
    0xc0, 0x0, 0x0, 0x3, 0x0, 0xc1, 0xb6, 0x7f,
    0x8f, 0xc1, 0xe0, 0x30,

    /* U+21E4 "⇤" */
    0xc2, 0x0, 0xc6, 0x0, 0xcc, 0x0, 0xff, 0xff,
    0xff, 0xff, 0xff, 0xff, 0xcc, 0x0, 0xc6, 0x0,
    0xc2, 0x0,

    /* U+21E5 "⇥" */
    0x0, 0x43, 0x0, 0x63, 0x0, 0x33, 0xff, 0xff,
    0xff, 0xff, 0xff, 0xff, 0x0, 0x33, 0x0, 0x63,
    0x0, 0x43,

    /* U+21E6 "⇦" */
    0x0, 0x0, 0x8, 0x0, 0x18, 0x0, 0x2f, 0xff,
    0x40, 0x1, 0x80, 0x1, 0x40, 0x1, 0x2f, 0xff,
    0x18, 0x0, 0x8, 0x0, 0x0, 0x0,

    /* U+21E7 "⇧" */
    0x4, 0x1, 0x40, 0x44, 0x10, 0x47, 0x1c, 0x22,
    0x4, 0x40, 0x88, 0x11, 0x2, 0x20, 0x44, 0x8,
    0x81, 0x10, 0x22, 0x4, 0x40, 0xf8,

    /* U+21E8 "⇨" */
    0x0, 0x0, 0x0, 0x10, 0x0, 0x18, 0xff, 0xf4,
    0x80, 0x2, 0x80, 0x1, 0x80, 0x2, 0xff, 0xf4,
    0x0, 0x18, 0x0, 0x10, 0x0, 0x0,

    /* U+21E9 "⇩" */
    0x1f, 0x2, 0x20, 0x44, 0x8, 0x81, 0x10, 0x22,
    0x4, 0x40, 0x88, 0x11, 0x2, 0x20, 0x44, 0x8,
    0x87, 0x1c, 0x41, 0x4, 0x40, 0x50, 0x4, 0x0,

    /* U+21EA "⇪" */
    0x4, 0x1, 0x40, 0x44, 0x10, 0x47, 0x1c, 0x22,
    0x4, 0x40, 0x88, 0x11, 0x3, 0xe0, 0x0, 0x0,
    0x1, 0xf0, 0x22, 0x4, 0x40, 0xf8,

    /* U+21EB "⇫" */
    0x4, 0x1, 0x40, 0x44, 0x10, 0x47, 0x1c, 0x22,
    0x4, 0x40, 0x88, 0x11, 0x2, 0x20, 0x44, 0x8,
    0x8f, 0x1f, 0x0, 0x60, 0xf, 0xff,

    /* U+21EC "⇬" */
    0x4, 0x1, 0xc0, 0x6c, 0x1f, 0xc6, 0xd, 0xe3,
    0xc4, 0x40, 0x88, 0x11, 0x2, 0x20, 0x44, 0x8,
    0x81, 0x11, 0xe3, 0xe0, 0xc, 0x1, 0xff, 0xe0,

    /* U+21ED "⇭" */
    0x4, 0x1, 0xc0, 0x54, 0x12, 0x47, 0x5c, 0x2a,
    0x5, 0x40, 0xa8, 0x15, 0x2, 0xa0, 0x54, 0xa,
    0x8f, 0x5f, 0x8, 0x61, 0xf, 0xff,

    /* U+21EE "⇮" */
    0x4, 0x1, 0x40, 0x44, 0x12, 0x47, 0xbc, 0x63,
    0x8, 0x23, 0x8e, 0x11, 0x2, 0x20, 0x44, 0x8,
    0x81, 0x10, 0x22, 0x4, 0x40, 0xf8,

    /* U+21EF "⇯" */
    0x4, 0x1, 0x40, 0x44, 0x12, 0x47, 0xbc, 0x63,
    0x18, 0x37, 0x8f, 0x11, 0x2, 0x20, 0x44, 0x8,
    0x8f, 0x1f, 0x0, 0x60, 0xf, 0xff,

    /* U+21F0 "⇰" */
    0xf0, 0x0, 0x90, 0x10, 0x90, 0x18, 0x9f, 0xf4,
    0x80, 0x2, 0x80, 0x1, 0x80, 0x2, 0x9f, 0xf4,
    0x90, 0x18, 0x90, 0x10, 0xf0, 0x0,

    /* U+21F1 "⇱" */
    0xff, 0xff, 0x80, 0x0, 0x80, 0x0, 0x9f, 0xc0,
    0x9f, 0xc0, 0x9e, 0x0, 0x9f, 0x0, 0x9b, 0x80,
    0x99, 0xc0, 0x98, 0xe0, 0x80, 0x70, 0x80, 0x38,
    0x80, 0x1c, 0x80, 0xe, 0x80, 0x7, 0x80, 0x2,

    /* U+21F2 "⇲" */
    0x40, 0x1, 0xe0, 0x1, 0x70, 0x1, 0x38, 0x1,
    0x1c, 0x1, 0xe, 0x1, 0x7, 0x19, 0x3, 0x99,
    0x1, 0xd9, 0x0, 0xf9, 0x0, 0x79, 0x3, 0xf9,
    0x3, 0xf9, 0x0, 0x1, 0x0, 0x1, 0xff, 0xff,

    /* U+21F3 "⇳" */
    0x4, 0x1, 0x40, 0x44, 0x10, 0x47, 0x1c, 0x22,
    0x4, 0x40, 0x88, 0x11, 0x2, 0x20, 0x44, 0x38,
    0xe2, 0x8, 0x22, 0x2, 0x80, 0x20,

    /* U+21F4 "⇴" */
    0x0, 0x10, 0x1e, 0x18, 0x31, 0x9c, 0x31, 0x8e,
    0xff, 0xff, 0xff, 0xff, 0x31, 0x8e, 0x31, 0x9c,
    0x1e, 0x18, 0x0, 0x10,

    /* U+21F5 "⇵" */
    0xc, 0x18, 0x6, 0x1e, 0x3, 0x1f, 0x81, 0x9f,
    0xe0, 0xdd, 0xb0, 0x64, 0xc0, 0x30, 0x60, 0x18,
    0x30, 0xc, 0x18, 0x6, 0xc, 0x3, 0x26, 0xd,
    0xbb, 0x7, 0xf9, 0x81, 0xf8, 0xc0, 0x78, 0x60,
    0x18, 0x30,

    /* U+21F6 "⇶" */
    0x0, 0x0, 0x0, 0x18, 0x0, 0x1c, 0x0, 0xe,
    0xff, 0xff, 0xff, 0xff, 0x0, 0xe, 0x0, 0x1c,
    0x0, 0x38, 0x0, 0x1c, 0x0, 0xe, 0xff, 0xff,
    0xff, 0xff, 0x0, 0xe, 0x0, 0x1c, 0x0, 0x38,
    0x0, 0x1c, 0x0, 0xe, 0xff, 0xff, 0xff, 0xff,
    0x0, 0xe, 0x0, 0x1c, 0x0, 0x18, 0x0, 0x0,

    /* U+21F7 "⇷" */
    0x8, 0xe0, 0x18, 0xe0, 0x30, 0xe0, 0xff, 0xff,
    0xff, 0xff, 0xff, 0xff, 0x30, 0xe0, 0x18, 0xe0,
    0x8, 0xe0,

    /* U+21F8 "⇸" */
    0x7, 0x10, 0x7, 0x18, 0x7, 0xc, 0xff, 0xff,
    0xff, 0xff, 0xff, 0xff, 0x7, 0xc, 0x7, 0x18,
    0x7, 0x10,

    /* U+21F9 "⇹" */
    0x9, 0x90, 0x19, 0x98, 0x31, 0x8c, 0xff, 0xff,
    0xff, 0xff, 0xff, 0xff, 0x31, 0x8c, 0x19, 0x98,
    0x9, 0x90,

    /* U+21FA "⇺" */
    0x9, 0x98, 0x19, 0x98, 0x31, 0x98, 0xff, 0xff,
    0xff, 0xff, 0xff, 0xff, 0x31, 0x98, 0x19, 0x98,
    0x9, 0x98,

    /* U+21FB "⇻" */
    0x19, 0x90, 0x19, 0x98, 0x19, 0x8c, 0xff, 0xff,
    0xff, 0xff, 0xff, 0xff, 0x19, 0x8c, 0x19, 0x98,
    0x19, 0x90,

    /* U+21FC "⇼" */
    0xb, 0xd0, 0x1b, 0xd8, 0x33, 0xcc, 0xff, 0xff,
    0xff, 0xff, 0xff, 0xff, 0x33, 0xcc, 0x1b, 0xd8,
    0xb, 0xd0,

    /* U+21FD "⇽" */
    0x8, 0x0, 0x18, 0x0, 0x38, 0x0, 0x68, 0x0,
    0xcf, 0xff, 0xcf, 0xff, 0x68, 0x0, 0x38, 0x0,
    0x18, 0x0, 0x8, 0x0,

    /* U+21FE "⇾" */
    0x0, 0x10, 0x0, 0x18, 0x0, 0x1c, 0x0, 0x16,
    0xff, 0xf3, 0xff, 0xf3, 0x0, 0x16, 0x0, 0x1c,
    0x0, 0x18, 0x0, 0x10,

    /* U+21FF "⇿" */
    0x8, 0x8, 0xc, 0x6, 0xe, 0x3, 0x8d, 0x1,
    0x6c, 0xff, 0x9e, 0x7f, 0xcd, 0xa0, 0x2c, 0x70,
    0x1c, 0x18, 0xc, 0x4, 0x4, 0x0,

    /* U+2200 "∀" */
    0xe0, 0x7, 0x70, 0x3, 0xb8, 0x1, 0xce, 0x0,
    0xe7, 0x0, 0xe3, 0x80, 0x71, 0xff, 0xf8, 0x7f,
    0xf8, 0x38, 0x1c, 0x1c, 0xe, 0x7, 0xe, 0x3,
    0x87, 0x1, 0xc3, 0x80, 0x61, 0x80, 0x39, 0xc0,
    0x1c, 0xe0, 0x6, 0x60, 0x3, 0xf0, 0x1, 0xf8,
    0x0, 0x7c, 0x0, 0x3c, 0x0, 0x1e, 0x0,

    /* U+2201 "∁" */
    0x7, 0xc0, 0x3f, 0xe0, 0xf1, 0xe3, 0xc0, 0xe7,
    0x1, 0xce, 0x1, 0xb8, 0x0, 0x70, 0x0, 0xe0,
    0x1, 0xc0, 0x3, 0x80, 0x7, 0x0, 0xe, 0x0,
    0x1c, 0x0, 0x38, 0x0, 0x70, 0x0, 0x70, 0xc,
    0xe0, 0x39, 0xe0, 0x71, 0xe3, 0xc1, 0xff, 0x0,
    0xf8, 0x0,

    /* U+2202 "∂" */
    0xf, 0x80, 0x7f, 0x0, 0x3c, 0x0, 0xe0, 0x7,
    0x80, 0x1c, 0x0, 0xe0, 0x7, 0x1f, 0x39, 0xfd,
    0xde, 0x3e, 0xe0, 0xfe, 0x7, 0x70, 0x3b, 0x81,
    0xdc, 0x1c, 0xe0, 0xe3, 0x8e, 0x1f, 0xe0, 0x3c,
    0x0,

    /* U+2203 "∃" */
    0xff, 0xff, 0xff, 0xc0, 0xe, 0x0, 0x70, 0x3,
    0x80, 0x1c, 0x0, 0xe0, 0x7, 0x0, 0x38, 0x1,
    0xff, 0xff, 0xff, 0xf0, 0x3, 0x80, 0x1c, 0x0,
    0xe0, 0x7, 0x0, 0x38, 0x1, 0xc0, 0xe, 0x0,
    0x7f, 0xff, 0xff, 0xfc,

    /* U+2204 "∄" */
    0x1, 0xc7, 0xff, 0xff, 0xfe, 0x7, 0x70, 0x3b,
    0x81, 0x9c, 0xc, 0xe0, 0xe7, 0x7, 0x38, 0x31,
    0xc1, 0x8f, 0xff, 0xff, 0xff, 0x86, 0x1c, 0x30,
    0xe3, 0x87, 0x18, 0x38, 0xc1, 0xce, 0xe, 0x70,
    0x73, 0x3, 0xff, 0xff, 0xff, 0xec, 0x0,

    /* U+2205 "∅" */
    0x7, 0xe2, 0x1f, 0xff, 0x3c, 0x3e, 0x70, 0x1e,
    0x60, 0x36, 0xc0, 0x63, 0xc0, 0xc3, 0xc1, 0x83,
    0xc7, 0x3, 0xce, 0x3, 0x7c, 0x6, 0x78, 0xe,
    0x7c, 0x3c, 0xff, 0xf8, 0x47, 0xe0,

    /* U+2206 "∆" */
    0x1, 0xe0, 0x0, 0x78, 0x0, 0x3f, 0x0, 0xf,
    0xc0, 0x3, 0x30, 0x1, 0xce, 0x0, 0x73, 0x80,
    0x18, 0x70, 0xe, 0x1c, 0x3, 0x87, 0x1, 0xc0,
    0xe0, 0x70, 0x38, 0x1c, 0xe, 0xe, 0x1, 0xc3,
    0x80, 0x70, 0xe0, 0xc, 0x70, 0x3, 0x9c, 0x0,
    0xef, 0xff, 0xff, 0xff, 0xff,

    /* U+2207 "∇" */
    0xff, 0xff, 0xff, 0xff, 0xf7, 0x0, 0x39, 0xc0,
    0xe, 0x38, 0x3, 0x8e, 0x1, 0xc3, 0x80, 0x70,
    0x70, 0x38, 0x1c, 0xe, 0x7, 0x3, 0x80, 0xe1,
    0xc0, 0x38, 0x70, 0x6, 0x1c, 0x1, 0xce, 0x0,
    0x73, 0x80, 0xc, 0xc0, 0x3, 0xf0, 0x0, 0xfc,
    0x0, 0x1e, 0x0, 0x7, 0x80,

    /* U+2208 "∈" */
    0x7, 0xfc, 0x7f, 0xf1, 0xc0, 0xc, 0x0, 0x70,
    0x1, 0x80, 0x6, 0x0, 0x38, 0x0, 0xe0, 0x3,
    0xff, 0xff, 0xff, 0xf8, 0x0, 0xe0, 0x3, 0x80,
    0x6, 0x0, 0x1c, 0x0, 0x70, 0x0, 0xe0, 0x1,
    0xc0, 0x7, 0xff, 0x7, 0xfc,

    /* U+2209 "∉" */
    0x0, 0x20, 0x0, 0xe0, 0x3, 0x1, 0xff, 0x1f,
    0xfc, 0x71, 0x83, 0xe, 0x1c, 0x38, 0x60, 0xc1,
    0x83, 0xe, 0x1c, 0x38, 0x70, 0xff, 0xff, 0xff,
    0xfe, 0x38, 0x38, 0xc0, 0xe7, 0x3, 0x9c, 0x6,
    0x60, 0x1d, 0x80, 0x3e, 0x0, 0xf8, 0x1, 0xff,
    0xc7, 0xff, 0x1c, 0x0, 0x60, 0x0, 0x0, 0x0,

    /* U+220A "∊" */
    0xf, 0xfc, 0x7f, 0xf7, 0x80, 0x1c, 0x0, 0xe0,
    0x3, 0x80, 0xf, 0xff, 0xff, 0xff, 0xe0, 0x1,
    0xc0, 0x7, 0x80, 0x7, 0xff, 0xf, 0xfc,

    /* U+220B "∋" */
    0xff, 0x83, 0xff, 0x80, 0xe, 0x0, 0x1c, 0x0,
    0x38, 0x0, 0x60, 0x1, 0x80, 0x7, 0x0, 0x1f,
    0xff, 0xff, 0xff, 0xc0, 0x7, 0x0, 0x1c, 0x0,
    0x70, 0x1, 0x80, 0xe, 0x0, 0x38, 0x1, 0xc0,
    0xe, 0x3f, 0xf8, 0xff, 0x80,

    /* U+220C "∌" */
    0x0, 0x0, 0x1, 0x80, 0xe, 0x3f, 0xf8, 0xff,
    0xe0, 0x7, 0xc0, 0x1f, 0x0, 0x6e, 0x3, 0x98,
    0xe, 0x60, 0x31, 0xc1, 0xc7, 0xff, 0xff, 0xff,
    0xf0, 0xe1, 0xc3, 0x87, 0xe, 0x1c, 0x30, 0x61,
    0xc3, 0x87, 0xe, 0x18, 0x70, 0x63, 0x8f, 0xfe,
    0x3f, 0xe0, 0x30, 0x1, 0xc0, 0x1, 0x0, 0x0,

    /* U+220D "∍" */
    0xff, 0xc3, 0xff, 0x80, 0x7, 0x0, 0xe, 0x0,
    0x1c, 0x0, 0x7f, 0xff, 0xff, 0xff, 0x0, 0x1c,
    0x0, 0xe0, 0x7, 0xbf, 0xf8, 0xff, 0xc0,

    /* U+220E "∎" */
    0xff, 0xff, 0xff, 0xff, 0xff, 0xff, 0xff, 0xff,
    0xff, 0xff, 0xff, 0xff, 0xff, 0xff, 0xff, 0xff,
    0xff, 0xff, 0xff, 0xff, 0xff, 0xff, 0xff, 0xff,
    0xff, 0xff, 0x80,

    /* U+220F "∏" */
    0xff, 0xff, 0xff, 0xf0, 0x7, 0x80, 0x3c, 0x1,
    0xe0, 0xf, 0x0, 0x78, 0x3, 0xc0, 0x1e, 0x0,
    0xf0, 0x7, 0x80, 0x3c, 0x1, 0xe0, 0xf, 0x0,
    0x78, 0x3, 0xc0, 0x1e, 0x0, 0xf0, 0x7, 0x80,
    0x3c, 0x1, 0xe0, 0xf, 0x0, 0x78, 0x3, 0xc0,
    0x1e, 0x0, 0xf0, 0x7, 0x80, 0x3c, 0x1, 0x80,

    /* U+2210 "∐" */
    0xc0, 0x1e, 0x0, 0xf0, 0x7, 0x80, 0x3c, 0x1,
    0xe0, 0xf, 0x0, 0x78, 0x3, 0xc0, 0x1e, 0x0,
    0xf0, 0x7, 0x80, 0x3c, 0x1, 0xe0, 0xf, 0x0,
    0x78, 0x3, 0xc0, 0x1e, 0x0, 0xf0, 0x7, 0x80,
    0x3c, 0x1, 0xe0, 0xf, 0x0, 0x78, 0x3, 0xc0,
    0x1e, 0x0, 0xf0, 0x7, 0xff, 0xff, 0xff, 0x80,

    /* U+2211 "∑" */
    0xff, 0xff, 0xff, 0xf6, 0x0, 0x1c, 0x0, 0x38,
    0x0, 0x60, 0x1, 0xc0, 0x3, 0x80, 0x6, 0x0,
    0x1c, 0x0, 0x38, 0x0, 0x60, 0x1, 0xc0, 0x3,
    0x80, 0xc, 0x0, 0x60, 0x3, 0x80, 0xc, 0x0,
    0x60, 0x3, 0x80, 0xc, 0x0, 0x70, 0x1, 0x80,
    0xc, 0x0, 0x70, 0x1, 0x80, 0xf, 0xff, 0xff,
    0xff,

    /* U+2212 "−" */
    0xff, 0xff, 0xff, 0xfc,

    /* U+2213 "∓" */
    0xff, 0xff, 0xff, 0xfc, 0x0, 0x0, 0x0, 0x0,
    0x0, 0x0, 0x70, 0x0, 0xe0, 0x1, 0xc0, 0x3,
    0x80, 0x7, 0x3, 0xff, 0xff, 0xff, 0xf0, 0x38,
    0x0, 0x70, 0x0, 0xe0, 0x1, 0xc0, 0x3, 0x80,

    /* U+2215 "∕" */
    0x0, 0xe, 0x0, 0x38, 0x0, 0x70, 0x1, 0xc0,
    0x3, 0x80, 0xe, 0x0, 0x1c, 0x0, 0x30, 0x0,
    0xe0, 0x1, 0x80, 0x7, 0x0, 0xe, 0x0, 0x38,
    0x0, 0x70, 0x1, 0xc0, 0x3, 0x80, 0xe, 0x0,
    0x1c, 0x0, 0x70, 0x0, 0xe0, 0x3, 0x80, 0x7,
    0x0, 0xc, 0x0, 0x38, 0x0, 0x60, 0x0,

    /* U+2217 "∗" */
    0x3, 0x0, 0xc, 0x0, 0x30, 0x38, 0xc7, 0x3b,
    0x70, 0x3f, 0x0, 0x78, 0x3, 0xf0, 0x3b, 0x73,
    0x8c, 0x70, 0x30, 0x0, 0xc0, 0x3, 0x0,

    /* U+2218 "∘" */
    0x3c, 0x3f, 0xb8, 0xf8, 0x3c, 0x1e, 0xf, 0x8e,
    0xfe, 0x3e, 0x0,

    /* U+2219 "∙" */
    0x3e, 0x3f, 0xbf, 0xff, 0xff, 0xff, 0xfd, 0xfc,
    0x7c,

    /* U+221A "√" */
    0x0, 0x3, 0x0, 0x3, 0x0, 0x7, 0x0, 0x6,
    0x0, 0x6, 0x0, 0xe, 0x0, 0xc, 0x0, 0xc,
    0x0, 0x1c, 0x0, 0x18, 0x0, 0x18, 0x30, 0x18,
    0xf8, 0x30, 0xf8, 0x30, 0x18, 0x30, 0x1c, 0x60,
    0xc, 0x60, 0xc, 0x60, 0xc, 0xc0, 0x6, 0xc0,
    0x6, 0xc0, 0x7, 0xc0, 0x7, 0x80, 0x3, 0x80,
    0x3, 0x80, 0x3, 0x0,

    /* U+221B "∛" */
    0x3f, 0x0, 0x21, 0xc0, 0x0, 0xc0, 0x0, 0xc3,
    0x1, 0x83, 0xf, 0x7, 0x1, 0xc6, 0x0, 0xc6,
    0x0, 0xce, 0x0, 0xcc, 0x41, 0xcc, 0x7f, 0x1c,
    0x0, 0x18, 0x0, 0x18, 0x78, 0x18, 0xf8, 0x30,
    0x98, 0x30, 0xc, 0x30, 0xc, 0x60, 0xc, 0x60,
    0xe, 0x60, 0x6, 0xc0, 0x6, 0xc0, 0x6, 0xc0,
    0x3, 0xc0, 0x3, 0x80, 0x3, 0x80, 0x3, 0x80,

    /* U+221C "∜" */
    0x7, 0x0, 0x7, 0x0, 0xf, 0x0, 0x1b, 0x3,
    0x13, 0x7, 0x33, 0x6, 0x63, 0x6, 0x43, 0xe,
    0xff, 0xcc, 0x3, 0xc, 0x3, 0x1c, 0x3, 0x18,
    0x0, 0x18, 0x10, 0x38, 0xf0, 0x30, 0xf0, 0x30,
    0x18, 0x70, 0x18, 0x60, 0x18, 0x60, 0xc, 0xe0,
    0xc, 0xc0, 0xc, 0xc0, 0xf, 0xc0, 0x7, 0x80,
    0x7, 0x80, 0x7, 0x80, 0x3, 0x0, 0x3, 0x0,

    /* U+221D "∝" */
    0x3c, 0x1b, 0xf1, 0xd8, 0xdd, 0x87, 0xcc, 0x1c,
    0x60, 0xe3, 0x7, 0x18, 0x7c, 0x63, 0x63, 0xf1,
    0xcf, 0x6,

    /* U+221E "∞" */
    0x3c, 0x1e, 0x3f, 0x1f, 0x98, 0xd8, 0xd8, 0x6c,
    0x3c, 0x1c, 0x1e, 0xe, 0xf, 0x7, 0x7, 0x87,
    0xc3, 0x63, 0x63, 0x3f, 0x1f, 0x8f, 0x7, 0x80,

    /* U+221F "∟" */
    0xe0, 0x1, 0xc0, 0x3, 0x80, 0x7, 0x0, 0xe,
    0x0, 0x1c, 0x0, 0x38, 0x0, 0x70, 0x0, 0xe0,
    0x1, 0xc0, 0x3, 0x80, 0x7, 0x0, 0xf, 0xff,
    0xff, 0xff, 0xc0,

    /* U+2220 "∠" */
    0x0, 0x1c, 0x0, 0xe0, 0x7, 0x0, 0x18, 0x0,
    0xc0, 0x7, 0x0, 0x38, 0x1, 0xc0, 0xe, 0x0,
    0x30, 0x1, 0xc0, 0xe, 0x0, 0x7f, 0xff, 0xff,
    0xf0,

    /* U+2223 "∣" */
    0xff, 0xff, 0xff, 0xff, 0xff, 0xff, 0xff, 0xff,
    0xff, 0xff, 0xff, 0xc0,

    /* U+2227 "∧" */
    0x7, 0x80, 0x1e, 0x0, 0xfc, 0x3, 0xf0, 0xf,
    0xc0, 0x33, 0x1, 0xce, 0x7, 0x38, 0x1c, 0xe0,
    0x61, 0xc3, 0x87, 0xe, 0x1c, 0x30, 0x31, 0xc0,
    0xe7, 0x3, 0x9c, 0xe, 0x60, 0x1c,

    /* U+2228 "∨" */
    0x60, 0x19, 0xc0, 0xe7, 0x3, 0x9c, 0xe, 0x38,
    0x70, 0xe1, 0xc3, 0x87, 0x6, 0x18, 0x1c, 0xe0,
    0x73, 0x81, 0xce, 0x3, 0xb0, 0xf, 0xc0, 0x3f,
    0x0, 0x78, 0x1, 0xe0, 0x7, 0x80,

    /* U+2229 "∩" */
    0xf, 0xc0, 0xff, 0xc7, 0x87, 0x9c, 0xe, 0xe0,
    0x1f, 0x80, 0x7e, 0x1, 0xf8, 0x7, 0xe0, 0x1f,
    0x80, 0x7e, 0x1, 0xf8, 0x7, 0xe0, 0x1f, 0x80,
    0x7e, 0x1, 0xf8, 0x7, 0xe0, 0x1c,

    /* U+222A "∪" */
    0xe0, 0x1f, 0x80, 0x7e, 0x1, 0xf8, 0x7, 0xe0,
    0x1f, 0x80, 0x7e, 0x1, 0xf8, 0x7, 0xe0, 0x1f,
    0x80, 0x7e, 0x1, 0xf8, 0x7, 0xe0, 0x1d, 0xc0,
    0xe7, 0x87, 0x8f, 0xfc, 0xf, 0xc0,

    /* U+222B "∫" */
    0x0, 0xf8, 0x3, 0xfc, 0xe, 0x10, 0x1c, 0x0,
    0x38, 0x0, 0x70, 0x0, 0xe0, 0x1, 0xc0, 0x3,
    0x80, 0x7, 0x0, 0xe, 0x0, 0x1c, 0x0, 0x38,
    0x0, 0x70, 0x0, 0xe0, 0x1, 0xc0, 0x3, 0x80,
    0x7, 0x0, 0xe, 0x0, 0x1c, 0x0, 0x38, 0x0,
    0x70, 0x0, 0xe0, 0x1, 0xc0, 0x3, 0x80, 0x7,
    0x0, 0xe, 0x0, 0x1c, 0x4, 0x38, 0x1f, 0xe0,
    0xf, 0x80, 0x0,

    /* U+222C "∬" */
    0x3, 0x8f, 0x3, 0xef, 0x83, 0x8e, 0x41, 0xc7,
    0x0, 0xe3, 0x80, 0x71, 0xc0, 0x38, 0xe0, 0x1c,
    0x70, 0xe, 0x38, 0x7, 0x1c, 0x3, 0x8e, 0x1,
    0xc7, 0x0, 0xe3, 0x80, 0x71, 0xc0, 0x38, 0xe0,
    0x1c, 0x70, 0xe, 0x38, 0x7, 0x1c, 0x3, 0x8e,
    0x1, 0xc7, 0x0, 0xe3, 0x80, 0x71, 0xc0, 0x38,
    0xe0, 0x1c, 0x70, 0xe, 0x38, 0x7, 0x1c, 0x3,
    0x8e, 0x1, 0xc7, 0x0, 0xe3, 0x82, 0x71, 0xc1,
    0xf7, 0xc0, 0xf1, 0xc0,

    /* U+222D "∭" */
    0x1e, 0xf7, 0x8f, 0x7b, 0xce, 0x73, 0x87, 0x39,
    0xc3, 0x9c, 0xe1, 0xce, 0x70, 0xe7, 0x38, 0x73,
    0x9c, 0x39, 0xce, 0x1c, 0xe7, 0xe, 0x73, 0x87,
    0x39, 0xc3, 0x9c, 0xe1, 0xce, 0x70, 0xe7, 0x38,
    0x73, 0x9c, 0x39, 0xce, 0x1c, 0xe7, 0xe, 0x73,
    0x87, 0x39, 0xc3, 0x9c, 0xe1, 0xce, 0x70, 0xe7,
    0x38, 0x73, 0x9c, 0x39, 0xce, 0x1c, 0xe7, 0xe,
    0x73, 0x87, 0x39, 0xc3, 0x9c, 0xe7, 0xbd, 0xe3,
    0xde, 0xf0,

    /* U+2234 "∴" */
    0x7, 0x0, 0x70, 0x7, 0x0, 0x70, 0x0, 0x0,
    0x0, 0x0, 0x0, 0x0, 0x0, 0x0, 0x0, 0x0,
    0xf, 0xf, 0xf0, 0xff, 0xf, 0xf0, 0xf0,

    /* U+2235 "∵" */
    0xf0, 0xff, 0xf, 0xf0, 0xff, 0xf, 0x0, 0x0,
    0x0, 0x0, 0x0, 0x0, 0x0, 0x0, 0x0, 0x0,
    0x0, 0x70, 0x7, 0x0, 0x70, 0x7, 0x0,

    /* U+2236 "∶" */
    0xff, 0xff, 0x0, 0x0, 0x0, 0xf, 0xff, 0xf0,

    /* U+2237 "∷" */
    0xf0, 0x7f, 0x83, 0xfc, 0x1f, 0xe0, 0xf0, 0x0,
    0x0, 0x0, 0x0, 0x0, 0x0, 0x0, 0x0, 0x0,
    0x0, 0x1, 0xe0, 0xff, 0x7, 0xf8, 0x3f, 0xc1,
    0xe0,

    /* U+2238 "∸" */
    0x3, 0x80, 0x7, 0x0, 0xe, 0x0, 0x1c, 0x0,
    0x0, 0x0, 0x0, 0x0, 0x0, 0x7f, 0xff, 0xff,
    0xfe,

    /* U+2239 "∹" */
    0x0, 0xf, 0x0, 0xf, 0x0, 0xf, 0x0, 0xf,
    0x0, 0x0, 0x0, 0x0, 0x0, 0x0, 0xff, 0xe0,
    0xff, 0xe0, 0x0, 0x0, 0x0, 0x0, 0x0, 0xf,
    0x0, 0xf, 0x0, 0xf, 0x0, 0xf,

    /* U+223A "∺" */
    0xf0, 0x1f, 0xe0, 0x3f, 0xc0, 0x7f, 0x80, 0xf0,
    0x0, 0x0, 0x0, 0x0, 0x0, 0x7f, 0xff, 0xff,
    0xfe, 0x0, 0x0, 0x0, 0x7, 0x80, 0xff, 0x1,
    0xfe, 0x3, 0xfc, 0x7, 0x80,

    /* U+223B "∻" */
    0x3, 0x80, 0x7, 0x0, 0xe, 0x0, 0x1c, 0x0,
    0x0, 0x1, 0x0, 0x1f, 0xc0, 0xff, 0xc3, 0xff,
    0xff, 0x1, 0xf0, 0x0, 0x0, 0x1c, 0x0, 0x38,
    0x0, 0x70, 0x0, 0xe0, 0x0,

    /* U+223C "∼" */
    0x3c, 0x1, 0xff, 0xf, 0xff, 0xfc, 0x7, 0xc0,

    /* U+223D "∽" */
    0x0, 0x79, 0x87, 0xfb, 0xff, 0xf9, 0xf0, 0x10,

    /* U+2241 "≁" */
    0x0, 0xc0, 0x1, 0x80, 0x6, 0x0, 0xc, 0x3,
    0xd8, 0x1f, 0xf0, 0xff, 0xff, 0xc1, 0xfc, 0x3,
    0x0, 0x6, 0x0, 0xc, 0x0, 0x30, 0x0, 0x20,
    0x0,

    /* U+2242 "≂" */
    0xff, 0xff, 0xff, 0xfc, 0x0, 0x0, 0x0, 0x1,
    0xc0, 0xf, 0xf0, 0xff, 0xff, 0xc0, 0x7c,

    /* U+2243 "≃" */
    0x3c, 0x1, 0xff, 0xf, 0xff, 0xfc, 0x7, 0xc0,
    0x0, 0x0, 0x0, 0x0, 0x0, 0x7f, 0xff, 0xff,
    0xfe,

    /* U+2244 "≄" */
    0x0, 0x20, 0x0, 0x60, 0x1, 0xc0, 0x3, 0x3,
    0xee, 0x3f, 0xff, 0xf0, 0xff, 0xc1, 0xfc, 0x3,
    0x0, 0x6, 0x0, 0x18, 0x7, 0xff, 0xff, 0xff,
    0xe3, 0x80, 0xe, 0x0, 0x18, 0x0, 0x10, 0x0,

    /* U+2245 "≅" */
    0x3c, 0x1, 0xff, 0xf, 0xff, 0xfc, 0x7, 0xc0,
    0x0, 0x0, 0x0, 0x0, 0x0, 0x7f, 0xff, 0xff,
    0xfe, 0x0, 0x0, 0x0, 0x0, 0x0, 0xf, 0xff,
    0xff, 0xff, 0xc0,

    /* U+2246 "≆" */
    0x3c, 0x1, 0xff, 0xf, 0xff, 0xfc, 0x7, 0xc0,
    0x2, 0x0, 0x6, 0x0, 0x1c, 0x7f, 0xff, 0xff,
    0xfe, 0x3, 0x0, 0xe, 0x0, 0x18, 0xf, 0xff,
    0xff, 0xff, 0xc7, 0x0, 0x4, 0x0,

    /* U+2247 "≇" */
    0x0, 0x60, 0x0, 0xe0, 0xf1, 0x87, 0xff, 0x3f,
    0xff, 0xf0, 0x1f, 0x0, 0x70, 0x0, 0xc0, 0x1,
    0x81, 0xff, 0xff, 0xff, 0xf8, 0x18, 0x0, 0x70,
    0x0, 0xc0, 0x3f, 0xff, 0xff, 0xff, 0xc, 0x0,
    0x38, 0x0, 0x20, 0x0,

    /* U+2248 "≈" */
    0x3c, 0x1, 0xff, 0xf, 0xff, 0xfc, 0x7, 0xc0,
    0x0, 0x7, 0x80, 0x3f, 0xe1, 0xff, 0xff, 0x80,
    0xf8,

    /* U+2249 "≉" */
    0x0, 0x0, 0x0, 0xc0, 0x3, 0x0, 0x6, 0x3,
    0xcc, 0x1f, 0xf8, 0xff, 0xff, 0xc0, 0xfc, 0x3,
    0x80, 0x7e, 0x3, 0xfe, 0x1f, 0xff, 0xf8, 0x6f,
    0x80, 0xc0, 0x1, 0x80, 0x6, 0x0, 0x4, 0x0,

    /* U+224A "≊" */
    0x3c, 0x1, 0xff, 0xf, 0xff, 0xfc, 0x7, 0xc0,
    0x0, 0x7, 0x80, 0x3f, 0xe1, 0xff, 0xff, 0x80,
    0xf8, 0x0, 0x0, 0x0, 0x0, 0x0, 0xf, 0xff,
    0xff, 0xff, 0xc0,

    /* U+224B "≋" */
    0x3c, 0x1, 0xff, 0xf, 0xff, 0xfc, 0x7, 0xc0,
    0x0, 0x7, 0x80, 0x3f, 0xe1, 0xff, 0xff, 0x80,
    0xf8, 0x0, 0x0, 0x20, 0x3, 0xf0, 0x1f, 0xf8,
    0x7f, 0xff, 0xe0, 0x3e, 0x0,

    /* U+224C "≌" */
    0x0, 0x79, 0x87, 0xfb, 0xff, 0xf9, 0xf0, 0x10,
    0x0, 0x0, 0x0, 0x0, 0x0, 0x7f, 0xff, 0xff,
    0xfe, 0x0, 0x0, 0x0, 0x0, 0x0, 0xf, 0xff,
    0xff, 0xff, 0xc0,

    /* U+224D "≍" */
    0xc0, 0x7, 0xf0, 0x7d, 0xff, 0xf0, 0x7f, 0x0,
    0x0, 0x0, 0x0, 0x0, 0x0, 0x7, 0xf0, 0x7f,
    0xfd, 0xf0, 0x7f, 0x0, 0x18,

    /* U+224E "≎" */
    0x3, 0x80, 0xf, 0x80, 0x31, 0x80, 0x63, 0x1,
    0x83, 0x1f, 0x7, 0xfe, 0xf, 0x80, 0x0, 0x0,
    0x0, 0x0, 0x0, 0x0, 0x7, 0xc1, 0xff, 0x83,
    0xe3, 0xe, 0x3, 0x18, 0x7, 0xf0, 0x3, 0x80,

    /* U+224F "≏" */
    0x3, 0x80, 0xf, 0x80, 0x31, 0x80, 0x63, 0x1,
    0x83, 0x1f, 0x7, 0xfe, 0xf, 0x80, 0x0, 0x0,
    0x0, 0x0, 0x0, 0x0, 0x7, 0xff, 0xff, 0xff,
    0xe0,

    /* U+2250 "≐" */
    0x3, 0x80, 0x7, 0x0, 0xe, 0x0, 0x1c, 0x0,
    0x0, 0x0, 0x0, 0x3f, 0xff, 0xff, 0xff, 0x0,
    0x0, 0x0, 0x0, 0x0, 0x0, 0x0, 0xf, 0xff,
    0xff, 0xff, 0xc0,

    /* U+2251 "≑" */
    0x3, 0x80, 0x7, 0x0, 0xe, 0x0, 0x1c, 0x0,
    0x0, 0x0, 0x0, 0x3f, 0xff, 0xff, 0xff, 0x0,
    0x0, 0x0, 0x0, 0x0, 0x0, 0x0, 0xf, 0xff,
    0xff, 0xff, 0xc0, 0x0, 0x1, 0xc0, 0x3, 0x80,
    0x7, 0x0, 0xe, 0x0,

    /* U+2252 "≒" */
    0xf0, 0x1, 0xe0, 0x3, 0xc0, 0x7, 0x80, 0x0,
    0x0, 0x0, 0x0, 0x3f, 0xff, 0xff, 0xff, 0x0,
    0x0, 0x0, 0x0, 0x0, 0x0, 0x0, 0xf, 0xff,
    0xff, 0xff, 0xc0, 0x0, 0x0, 0xf, 0x0, 0x1e,
    0x0, 0x3c, 0x0, 0x78,

    /* U+2253 "≓" */
    0x0, 0xf, 0x0, 0xf, 0x0, 0xf, 0x0, 0xf,
    0x0, 0x0, 0x0, 0x0, 0xff, 0xff, 0xff, 0xff,
    0x0, 0x0, 0x0, 0x0, 0x0, 0x0, 0x0, 0x0,
    0xff, 0xff, 0xff, 0xff, 0x0, 0x0, 0xf0, 0x0,
    0xf0, 0x0, 0xf0, 0x0, 0xf0, 0x0,

    /* U+2254 "≔" */
    0xe0, 0x1, 0xdf, 0xff, 0xbf, 0xff, 0x0, 0x0,
    0x0, 0x0, 0x0, 0x38, 0x0, 0x77, 0xff, 0xef,
    0xff, 0xc0, 0x0,

    /* U+2255 "≕" */
    0x0, 0x7, 0xff, 0xe7, 0xff, 0xe7, 0x0, 0x7,
    0x0, 0x0, 0x0, 0x0, 0x0, 0x7, 0xff, 0xe7,
    0xff, 0xe7, 0x0, 0x7,

    /* U+2256 "≖" */
    0xff, 0xff, 0xff, 0xfc, 0x31, 0x80, 0x63, 0x0,
    0xc6, 0x1, 0x8c, 0x3f, 0xff, 0xff, 0xff,

    /* U+2257 "≗" */
    0x7, 0xc0, 0x18, 0xc0, 0x20, 0x80, 0xc1, 0x80,
    0x82, 0x1, 0x8c, 0x1, 0xf0, 0x0, 0x0, 0x0,
    0x1, 0xff, 0xff, 0xff, 0xf8, 0x0, 0x0, 0x0,
    0x0, 0x0, 0x0, 0x0, 0x7f, 0xff, 0xff, 0xfe,

    /* U+2258 "≘" */
    0xf, 0xe0, 0x7f, 0xf1, 0xe0, 0xf3, 0x0, 0x64,
    0x0, 0x40, 0x0, 0x0, 0x0, 0x7f, 0xff, 0xff,
    0xfe, 0x0, 0x0, 0x0, 0x0, 0x0, 0x0, 0x0,
    0x1f, 0xff, 0xff, 0xff, 0x80,

    /* U+2259 "≙" */
    0x3, 0x80, 0x7, 0x0, 0x1f, 0x0, 0x36, 0x0,
    0x6c, 0x1, 0x8c, 0x3, 0x18, 0x6, 0x30, 0x18,
    0x30, 0x0, 0x3, 0xff, 0xff, 0xff, 0xf0, 0x0,
    0x0, 0x0, 0x0, 0x0, 0x0, 0x0, 0xff, 0xff,
    0xff, 0xfc,

    /* U+225A "≚" */
    0x18, 0x30, 0x18, 0xc0, 0x31, 0x80, 0x63, 0x0,
    0x6c, 0x0, 0xd8, 0x1, 0xf0, 0x1, 0xc0, 0x3,
    0x80, 0x0, 0x3, 0xff, 0xff, 0xff, 0xf0, 0x0,
    0x0, 0x0, 0x0, 0x0, 0x0, 0x0, 0xff, 0xff,
    0xff, 0xfc,

    /* U+225B "≛" */
    0x1, 0x0, 0x2, 0x0, 0x4, 0x0, 0xff, 0x80,
    0xfe, 0x0, 0xf8, 0x1, 0xf0, 0x3, 0x60, 0x4,
    0x40, 0x0, 0x0, 0x0, 0x7, 0xff, 0xff, 0xff,
    0xe0, 0x0, 0x0, 0x0, 0x0, 0x0, 0x0, 0x1,
    0xff, 0xff, 0xff, 0xf8,

    /* U+225C "≜" */
    0x1, 0x0, 0x7, 0x0, 0xa, 0x0, 0x36, 0x0,
    0x6c, 0x1, 0x88, 0x3, 0x18, 0x6, 0x30, 0x1f,
    0xf0, 0x0, 0x0, 0x0, 0x0, 0x0, 0xf, 0xff,
    0xff, 0xff, 0xc0, 0x0, 0x0, 0x0, 0x0, 0x0,
    0x0, 0x3, 0xff, 0xff, 0xff, 0xf0,

    /* U+225D "≝" */
    0x8, 0x7, 0x8, 0x4, 0x79, 0xee, 0x8b, 0x14,
    0x8a, 0x14, 0x8b, 0xf4, 0x8a, 0x4, 0xdb, 0x4,
    0x79, 0xe4, 0x0, 0x0, 0xff, 0xfe, 0xff, 0xfe,
    0x0, 0x0, 0x0, 0x0, 0x0, 0x0, 0x0, 0x0,
    0xff, 0xfe, 0xff, 0xfe,

    /* U+225E "≞" */
    0x2e, 0x70, 0x67, 0x30, 0x84, 0x21, 0x8, 0x42,
    0x10, 0x84, 0x21, 0x8, 0x42, 0x10, 0x84, 0x0,
    0x0, 0x0, 0x3, 0xff, 0xff, 0xff, 0xf0, 0x0,
    0x0, 0x0, 0x0, 0x0, 0x0, 0x0, 0xff, 0xff,
    0xff, 0xfc,

    /* U+225F "≟" */
    0x7, 0x80, 0x11, 0x80, 0x1, 0x0, 0x6, 0x0,
    0x18, 0x0, 0x60, 0x0, 0x80, 0x1, 0x0, 0x0,
    0x0, 0x0, 0x0, 0x8, 0x0, 0x10, 0x0, 0x0,
    0x1f, 0xff, 0xff, 0xff, 0x80, 0x0, 0x0, 0x0,
    0x0, 0x0, 0x0, 0x7, 0xff, 0xff, 0xff, 0xe0,

    /* U+2260 "≠" */
    0x0, 0x0, 0x0, 0x18, 0x0, 0x70, 0x1, 0xc0,
    0x3, 0x9f, 0xff, 0xff, 0xff, 0x80, 0xe0, 0x3,
    0x80, 0x7, 0x0, 0x1c, 0x7, 0xff, 0xff, 0xff,
    0xe7, 0x0, 0xe, 0x0, 0x38, 0x0, 0x60, 0x0,
    0x0, 0x0,

    /* U+2261 "≡" */
    0xff, 0xff, 0xff, 0xfc, 0x0, 0x0, 0x0, 0x0,
    0x0, 0x0, 0x0, 0x3f, 0xff, 0xff, 0xff, 0x0,
    0x0, 0x0, 0x0, 0x0, 0x7, 0xff, 0xff, 0xff,
    0xe0,

    /* U+2262 "≢" */
    0x0, 0x20, 0x0, 0x60, 0x1, 0xc7, 0xff, 0xff,
    0xff, 0xe0, 0x18, 0x0, 0x30, 0x0, 0xe0, 0x1,
    0x81, 0xff, 0xff, 0xff, 0xf8, 0x18, 0x0, 0x70,
    0x0, 0xc0, 0x3f, 0xff, 0xff, 0xff, 0x1c, 0x0,
    0x30, 0x0, 0x20, 0x0,

    /* U+2263 "≣" */
    0xff, 0xff, 0xff, 0xfc, 0x0, 0x0, 0x0, 0x0,
    0x0, 0x1f, 0xff, 0xff, 0xff, 0x80, 0x0, 0x0,
    0x0, 0x0, 0x3, 0xff, 0xff, 0xff, 0xf0, 0x0,
    0x0, 0x0, 0x0, 0x0, 0x0, 0x0, 0xff, 0xff,
    0xff, 0xfc,

    /* U+2264 "≤" */
    0x0, 0xe, 0x0, 0xfc, 0xf, 0xf0, 0xff, 0xf,
    0xe0, 0x1e, 0x0, 0x3f, 0x80, 0x1f, 0xe0, 0x7,
    0xf8, 0x1, 0xfc, 0x0, 0x78, 0x0, 0x10, 0x0,
    0x1f, 0xff, 0xff, 0xff, 0x80,

    /* U+2265 "≥" */
    0xe0, 0x1, 0xf8, 0x1, 0xfe, 0x0, 0x7f, 0x80,
    0xf, 0xe0, 0x3, 0xc0, 0x1f, 0x83, 0xfc, 0x3f,
    0xc1, 0xfc, 0x3, 0xc0, 0x4, 0x0, 0x0, 0x0,
    0x1f, 0xff, 0xff, 0xff, 0x80,

    /* U+2266 "≦" */
    0x0, 0xe, 0x0, 0xfc, 0xf, 0xf0, 0xff, 0xf,
    0xe0, 0x1e, 0x0, 0x3f, 0x80, 0x1f, 0xe0, 0x7,
    0xf8, 0x1, 0xfc, 0x0, 0x78, 0x0, 0x10, 0x0,
    0x1f, 0xff, 0xff, 0xff, 0x80, 0x0, 0x0, 0x1,
    0xff, 0xff, 0xff, 0xf8,

    /* U+2267 "≧" */
    0xe0, 0x1, 0xf8, 0x1, 0xfe, 0x0, 0x7f, 0x80,
    0x1f, 0xe0, 0x3, 0xc0, 0x3f, 0x83, 0xfc, 0x3f,
    0xc1, 0xfc, 0x3, 0xc0, 0x4, 0x0, 0x0, 0x0,
    0x1f, 0xff, 0xff, 0xff, 0x80, 0x0, 0x0, 0x1,
    0xff, 0xff, 0xff, 0xf8,

    /* U+2268 "≨" */
    0x0, 0xe, 0x0, 0xfc, 0xf, 0xf0, 0xff, 0xf,
    0xe0, 0x1e, 0x0, 0x3f, 0x80, 0x1f, 0xe0, 0x7,
    0xf8, 0x1, 0xfc, 0x0, 0x78, 0x1, 0x90, 0x7,
    0x9f, 0xff, 0xff, 0xff, 0x81, 0xe0, 0x3, 0x81,
    0xff, 0xff, 0xff, 0xf9, 0xe0, 0x1, 0x80, 0x0,

    /* U+2269 "≩" */
    0xe0, 0x1, 0xf8, 0x1, 0xfe, 0x0, 0x7f, 0x80,
    0x1f, 0xe0, 0x3, 0xc0, 0x3f, 0x83, 0xfc, 0x3f,
    0xc1, 0xfc, 0x3, 0xc0, 0x4, 0x1, 0x80, 0x7,
    0x9f, 0xff, 0xff, 0xff, 0x81, 0xe0, 0x3, 0x81,
    0xff, 0xff, 0xff, 0xf9, 0xe0, 0x1, 0x80, 0x0,

    /* U+226D "≭" */
    0x0, 0x0, 0x0, 0x70, 0x0, 0xc0, 0x3, 0x8c,
    0x6, 0x7f, 0x1f, 0xdf, 0xff, 0xf, 0xf8, 0x1,
    0x80, 0x7, 0x0, 0xc, 0x0, 0xff, 0x87, 0xff,
    0xdf, 0xc7, 0xf3, 0x1, 0x8e, 0x0, 0x18, 0x0,
    0x70, 0x0, 0x0, 0x0,

    /* U+226E "≮" */
    0x0, 0x30, 0x0, 0x30, 0x0, 0x71, 0x0, 0x77,
    0x0, 0x7f, 0x0, 0xfc, 0x7, 0xf0, 0x3f, 0xc0,
    0xfd, 0xc0, 0xf1, 0xc0, 0xfd, 0x80, 0x3f, 0x80,
    0x7, 0xe0, 0x3, 0xfc, 0x3, 0x3f, 0x7, 0xf,
    0x6, 0x1, 0x6, 0x0, 0xe, 0x0,

    /* U+226F "≯" */
    0x0, 0x70, 0x0, 0x60, 0x80, 0x60, 0xe0, 0xe0,
    0xfc, 0xe0, 0x3f, 0xc0, 0xf, 0xe0, 0x1, 0xfc,
    0x1, 0xbf, 0x3, 0x8f, 0x3, 0xbf, 0x3, 0xfc,
    0x7, 0xf0, 0x3f, 0x80, 0xfe, 0x0, 0xf6, 0x0,
    0x8e, 0x0, 0xe, 0x0, 0xc, 0x0,

    /* U+2270 "≰" */
    0x0, 0x70, 0x0, 0xe0, 0x1, 0x80, 0x3, 0x70,
    0xf, 0xe0, 0x7f, 0x87, 0xf8, 0x7f, 0xe0, 0xf1,
    0xc1, 0xff, 0x0, 0xff, 0x0, 0x3f, 0xc0, 0x3f,
    0xe0, 0xe3, 0xc1, 0xc0, 0x83, 0x0, 0xff, 0xff,
    0xff, 0xfc, 0x30, 0x0, 0xe0, 0x1, 0xc0, 0x0,
    0x0, 0x0,

    /* U+2271 "≱" */
    0x0, 0xe0, 0x1, 0x80, 0x3, 0x7, 0xe, 0xf,
    0xd8, 0xf, 0xf0, 0x3, 0xfc, 0x1, 0xff, 0x3,
    0x1e, 0xf, 0xfc, 0x1f, 0xe1, 0xfe, 0xf, 0xe0,
    0x1f, 0xc0, 0x23, 0x0, 0xe, 0x0, 0xff, 0xff,
    0xff, 0xfc, 0xe0, 0x1, 0xc0, 0x3, 0x0, 0x0,
    0x0, 0x0,

    /* U+2272 "≲" */
    0x0, 0x6, 0x0, 0x7c, 0x7, 0xf8, 0x7f, 0x87,
    0xf0, 0x1f, 0x0, 0x3f, 0x0, 0x3f, 0xc0, 0xf,
    0xf0, 0x3, 0xfc, 0x0, 0xf8, 0x0, 0x31, 0xc0,
    0x1f, 0xf0, 0xff, 0xff, 0xc0, 0x7c,

    /* U+2273 "≳" */
    0xc0, 0x1, 0xf0, 0x3, 0xfc, 0x0, 0xff, 0x0,
    0x3f, 0xc0, 0x7, 0xc0, 0x1f, 0x81, 0xfe, 0x1f,
    0xe1, 0xfe, 0x3, 0xe0, 0x6, 0x0, 0x1, 0xc0,
    0x1f, 0xf0, 0xff, 0xff, 0xc0, 0x7c,

    /* U+2274 "≴" */
    0x0, 0x30, 0x0, 0xe0, 0x1, 0xc0, 0x3, 0x30,
    0xf, 0xe0, 0x3f, 0xc3, 0xfc, 0x3f, 0xe0, 0xf9,
    0xc1, 0xfb, 0x1, 0xfe, 0x0, 0x7f, 0x80, 0x3f,
    0xe0, 0xe7, 0xc1, 0xc1, 0x8f, 0x0, 0xff, 0x87,
    0xff, 0xfe, 0x33, 0xe0, 0xe0, 0x1, 0xc0, 0x1,
    0x0, 0x0,

    /* U+2275 "≵" */
    0x0, 0xc0, 0x1, 0xc0, 0x3, 0x6, 0xe, 0xf,
    0x9c, 0x1f, 0xf0, 0x7, 0xf8, 0x1, 0xfe, 0x3,
    0x3e, 0x6, 0xfc, 0x1f, 0xf0, 0xff, 0xf, 0xf0,
    0x1f, 0xc0, 0x33, 0x0, 0xe, 0x0, 0xff, 0x87,
    0xff, 0xfe, 0x63, 0xe1, 0xc0, 0x3, 0x0, 0x2,
    0x0, 0x0,

    /* U+2276 "≶" */
    0x0, 0x6, 0x0, 0x7c, 0x7, 0xf8, 0x7f, 0x87,
    0xf8, 0x1f, 0x0, 0x3e, 0x0, 0x3f, 0xc0, 0xf,
    0xf1, 0xc3, 0xff, 0xf0, 0xfb, 0xfc, 0x30, 0xff,
    0x0, 0x1f, 0xc0, 0x7, 0x80, 0x7f, 0x7, 0xf8,
    0x7f, 0x83, 0xf8, 0x7, 0x80, 0x8, 0x0, 0x0,

    /* U+2277 "≷" */
    0xc0, 0x1, 0xf0, 0x3, 0xfc, 0x0, 0xff, 0x0,
    0x3f, 0xc0, 0x7, 0xc0, 0xf, 0x81, 0xfe, 0x1f,
    0xe1, 0xfe, 0x1f, 0xe1, 0xfe, 0x1f, 0xe1, 0xfe,
    0x1f, 0xc0, 0x3c, 0x0, 0x7f, 0x0, 0x3f, 0xc0,
    0xf, 0xf0, 0x3, 0xf8, 0x0, 0xf0, 0x0, 0x20,

    /* U+2278 "≸" */
    0x0, 0x38, 0x0, 0x60, 0x1, 0xc0, 0x3, 0xb0,
    0x7, 0xe0, 0x3f, 0xc3, 0xfc, 0x3f, 0xe0, 0xf8,
    0xc1, 0xf3, 0x81, 0xfe, 0x0, 0x7f, 0x8e, 0x3f,
    0xff, 0xf7, 0xdf, 0xe1, 0x87, 0xf8, 0x7, 0xfe,
    0xe, 0x3c, 0x1b, 0xf8, 0x7f, 0xc3, 0xfc, 0x1f,
    0xc0, 0x3f, 0x0, 0x4e, 0x0, 0x18, 0x0, 0x30,
    0x0, 0x20, 0x0,

    /* U+2279 "≹" */
    0x0, 0x38, 0x0, 0x60, 0x1, 0xc6, 0x3, 0x8f,
    0x86, 0x1f, 0xec, 0x7, 0xf8, 0x1, 0xfe, 0x0,
    0xfe, 0x3, 0xfc, 0xf, 0xf0, 0xff, 0xf, 0xf8,
    0xff, 0x7f, 0xf0, 0xff, 0xf, 0xf0, 0xff, 0x1,
    0xee, 0x3, 0xf8, 0x1, 0xfe, 0x0, 0xff, 0x81,
    0x9f, 0xc3, 0x7, 0x8e, 0x1, 0x18, 0x0, 0x30,
    0x0, 0x20, 0x0,

    /* U+227A "≺" */
    0x0, 0x1, 0x0, 0x3, 0x0, 0x7, 0x0, 0xe,
    0x0, 0x3c, 0x0, 0x78, 0x1, 0xf0, 0xf, 0xc0,
    0xff, 0x0, 0xf8, 0x0, 0xff, 0x0, 0x1f, 0xc0,
    0x3, 0xf0, 0x0, 0xf8, 0x0, 0x3c, 0x0, 0xe,
    0x0, 0x7, 0x0, 0x3, 0x0, 0x1, 0x0, 0x0,

    /* U+227B "≻" */
    0x80, 0x0, 0xc0, 0x0, 0xe0, 0x0, 0x70, 0x0,
    0x3c, 0x0, 0x1e, 0x0, 0xf, 0x80, 0x3, 0xf0,
    0x0, 0xff, 0x0, 0x1f, 0x0, 0xff, 0x3, 0xf8,
    0xf, 0xc0, 0x1f, 0x0, 0x3c, 0x0, 0x70, 0x0,
    0xe0, 0x0, 0xc0, 0x0, 0x80, 0x0, 0x0, 0x0,

    /* U+227C "≼" */
    0x0, 0x2, 0x0, 0xc, 0x0, 0x38, 0x0, 0xf0,
    0x7, 0xc0, 0x3e, 0x3, 0xf8, 0x7f, 0xc0, 0xfc,
    0x1, 0xfe, 0x0, 0xff, 0x0, 0x1f, 0x80, 0xf,
    0x9e, 0x7, 0xbf, 0x7, 0xff, 0x87, 0xf, 0xc2,
    0x7, 0xc0, 0x3, 0xc0, 0x3, 0xe0, 0x1, 0xe0,
    0x1, 0xc0, 0x1, 0x80, 0x1, 0x0, 0x0,

    /* U+227D "≽" */
    0x80, 0x1, 0x80, 0x3, 0x80, 0x7, 0x80, 0x7,
    0xc0, 0x3, 0xe0, 0x3, 0xf8, 0x1, 0xff, 0x0,
    0x7e, 0x3, 0xfc, 0x1f, 0xc0, 0xfc, 0x3, 0xe0,
    0xf, 0x1, 0xfc, 0x1f, 0xf0, 0xff, 0x87, 0xe0,
    0x1f, 0x0, 0xf8, 0x3, 0xe0, 0xf, 0x0, 0x1c,
    0x0, 0x30, 0x0, 0x40, 0x0, 0x0, 0x0,

    /* U+227E "≾" */
    0x0, 0x0, 0x0, 0x4, 0x0, 0x18, 0x0, 0x70,
    0x3, 0xc0, 0xf, 0x0, 0xfc, 0x7, 0xf0, 0xff,
    0x1, 0xf0, 0x3, 0xfc, 0x0, 0xfe, 0x0, 0x3f,
    0x0, 0x1f, 0x0, 0xf, 0x0, 0xf, 0x0, 0x6,
    0x0, 0x4, 0x0, 0x1, 0xe0, 0xf, 0xf8, 0x7f,
    0xff, 0xe0, 0x3e, 0x0,

    /* U+227F "≿" */
    0x0, 0x1, 0x0, 0x3, 0x0, 0x7, 0x0, 0x7,
    0x80, 0x7, 0x80, 0x7, 0xe0, 0x7, 0xf0, 0x3,
    0xfe, 0x0, 0x7c, 0x7, 0xf8, 0x3f, 0x81, 0xf8,
    0x7, 0xc0, 0x1e, 0x0, 0x70, 0x0, 0xc0, 0x1,
    0x0, 0x0, 0x0, 0x1, 0xe0, 0xf, 0xf8, 0x7f,
    0xff, 0xe0, 0x3e, 0x0,

    /* U+2280 "⊀" */
    0x0, 0x18, 0x0, 0x38, 0x0, 0x39, 0x0, 0x3b,
    0x0, 0x37, 0x0, 0x7e, 0x0, 0x7c, 0x0, 0x78,
    0x1, 0xf0, 0xf, 0xe0, 0xff, 0xc0, 0xf9, 0xc0,
    0xff, 0xc0, 0x1f, 0xc0, 0x3, 0xf0, 0x3, 0xf8,
    0x3, 0xbc, 0x3, 0xe, 0x7, 0x7, 0x7, 0x3,
    0x6, 0x1, 0xe, 0x0, 0xe, 0x0,

    /* U+2281 "⊁" */
    0x0, 0x70, 0x0, 0x70, 0x80, 0x60, 0xc0, 0xe0,
    0xe0, 0xe0, 0x70, 0xc0, 0x3c, 0xc0, 0x1f, 0xc0,
    0xf, 0xc0, 0x3, 0xf0, 0x3, 0xff, 0x3, 0x9f,
    0x3, 0xff, 0x7, 0xf8, 0xf, 0xc0, 0x1f, 0x0,
    0x3e, 0x0, 0x7e, 0x0, 0xee, 0x0, 0xcc, 0x0,
    0x9c, 0x0, 0x1c, 0x0, 0x18, 0x0,

    /* U+2282 "⊂" */
    0xf, 0xfe, 0x3f, 0xfc, 0xe0, 0x3, 0x0, 0xe,
    0x0, 0x18, 0x0, 0x30, 0x0, 0x60, 0x0, 0xc0,
    0x1, 0xc0, 0x1, 0x80, 0x1, 0xc0, 0x1, 0xff,
    0xe1, 0xff, 0xc0,

    /* U+2283 "⊃" */
    0xff, 0xe1, 0xff, 0xe0, 0x0, 0xe0, 0x0, 0x60,
    0x0, 0xe0, 0x0, 0xc0, 0x1, 0x80, 0x3, 0x0,
    0x6, 0x0, 0x1c, 0x0, 0x30, 0x1, 0xcf, 0xff,
    0x1f, 0xfc, 0x0,

    /* U+2284 "⊄" */
    0x0, 0x70, 0x0, 0xe0, 0x1, 0x80, 0x7f, 0xf1,
    0xff, 0xe7, 0x18, 0x18, 0x70, 0x70, 0xe0, 0xc1,
    0x81, 0x87, 0x3, 0xe, 0x6, 0x18, 0xe, 0x70,
    0xc, 0xe0, 0x1f, 0x80, 0x1f, 0xff, 0xf, 0xfe,
    0x18, 0x0, 0x70, 0x0, 0xe0, 0x0,

    /* U+2285 "⊅" */
    0x0, 0x70, 0x0, 0xe0, 0x1, 0x87, 0xff, 0xf,
    0xff, 0x80, 0x1f, 0x0, 0x73, 0x0, 0xe7, 0x1,
    0x86, 0x7, 0xc, 0xe, 0x18, 0x18, 0x30, 0x70,
    0xe0, 0xe1, 0x81, 0x8e, 0x7f, 0xf8, 0xff, 0xe0,
    0x18, 0x0, 0x70, 0x0, 0xe0, 0x0,

    /* U+2286 "⊆" */
    0xf, 0xfe, 0x3f, 0xfc, 0xe0, 0x3, 0x0, 0xe,
    0x0, 0x18, 0x0, 0x30, 0x0, 0x60, 0x0, 0xc0,
    0x1, 0xc0, 0x1, 0x80, 0x1, 0xc0, 0x1, 0xff,
    0xe1, 0xff, 0xc0, 0x0, 0x0, 0x0, 0x0, 0x1,
    0xff, 0xff, 0xff, 0xf8,

    /* U+2287 "⊇" */
    0xff, 0xe1, 0xff, 0xe0, 0x0, 0xe0, 0x0, 0x60,
    0x0, 0xe0, 0x0, 0xc0, 0x1, 0x80, 0x3, 0x0,
    0x6, 0x0, 0x1c, 0x0, 0x30, 0x1, 0xcf, 0xff,
    0x1f, 0xfc, 0x0, 0x0, 0x0, 0x0, 0x0, 0x1,
    0xff, 0xff, 0xff, 0xf8,

    /* U+2288 "⊈" */
    0x0, 0x30, 0x0, 0x60, 0x1, 0xc0, 0x7f, 0xf1,
    0xff, 0xe7, 0x1c, 0x18, 0x38, 0x70, 0x60, 0xc1,
    0xc1, 0x83, 0x83, 0x6, 0x6, 0xc, 0xe, 0x38,
    0xc, 0x60, 0xe, 0xc0, 0x1f, 0xff, 0xf, 0xfe,
    0xc, 0x0, 0x38, 0x0, 0x70, 0xf, 0xff, 0xff,
    0xff, 0xc7, 0x0, 0xc, 0x0, 0x18, 0x0,

    /* U+2289 "⊉" */
    0x0, 0x30, 0x0, 0x60, 0x1, 0xc7, 0xff, 0x8f,
    0xff, 0x0, 0x1f, 0x0, 0x3b, 0x0, 0x67, 0x1,
    0xc6, 0x3, 0x8c, 0x6, 0x18, 0xc, 0x30, 0x38,
    0xe0, 0x61, 0x80, 0xce, 0x7f, 0xf8, 0xff, 0xe0,
    0xc, 0x0, 0x38, 0x0, 0x70, 0xf, 0xff, 0xff,
    0xff, 0xc7, 0x0, 0xc, 0x0, 0x18, 0x0,

    /* U+228A "⊊" */
    0xf, 0xfe, 0x3f, 0xfc, 0xe0, 0x3, 0x0, 0xe,
    0x0, 0x18, 0x0, 0x30, 0x0, 0x60, 0x0, 0xc0,
    0x1, 0xc0, 0x1, 0x80, 0x1, 0xc0, 0x1, 0xff,
    0xe1, 0xff, 0xc0, 0x38, 0x0, 0x70, 0x1, 0xc1,
    0xff, 0xff, 0xff, 0xf8, 0x38, 0x0, 0xe0, 0x0,
    0x80, 0x0,

    /* U+228B "⊋" */
    0xff, 0xe1, 0xff, 0xe0, 0x0, 0xe0, 0x0, 0x60,
    0x0, 0xe0, 0x0, 0xc0, 0x1, 0x80, 0x3, 0x0,
    0x6, 0x0, 0x1c, 0x0, 0x30, 0x1, 0xcf, 0xff,
    0x9f, 0xfc, 0x0, 0x38, 0x0, 0x70, 0x1, 0xc1,
    0xff, 0xff, 0xff, 0xf8, 0x38, 0x0, 0xe0, 0x0,
    0x80, 0x0,

    /* U+228D "⊍" */
    0xe0, 0xf, 0xc0, 0x1f, 0x80, 0x3f, 0x0, 0x7e,
    0x0, 0xfc, 0x1, 0xf8, 0x3, 0xf0, 0x7, 0xe0,
    0xf, 0xc7, 0x1f, 0x8e, 0x3f, 0x1c, 0x7e, 0x0,
    0xfc, 0x1, 0xf8, 0x3, 0xb8, 0xe, 0x78, 0x3c,
    0x7f, 0xf0, 0x3f, 0x80,

    /* U+228E "⊎" */
    0xe0, 0xf, 0xc0, 0x1f, 0x80, 0x3f, 0x0, 0x7e,
    0x0, 0xfc, 0x1, 0xf8, 0x3, 0xf0, 0x87, 0xe1,
    0xf, 0xdf, 0xdf, 0xbf, 0xbf, 0x8, 0x7e, 0x10,
    0xfc, 0x1, 0xdc, 0x7, 0x3c, 0x1e, 0x3f, 0xf8,
    0x1f, 0xc0,

    /* U+228F "⊏" */
    0xff, 0xff, 0xff, 0xff, 0x0, 0x6, 0x0, 0xc,
    0x0, 0x18, 0x0, 0x30, 0x0, 0x60, 0x0, 0xc0,
    0x1, 0x80, 0x3, 0x0, 0x6, 0x0, 0xc, 0x0,
    0x1f, 0xff, 0xff, 0xff, 0x80,

    /* U+2290 "⊐" */
    0xff, 0xff, 0xff, 0xfc, 0x0, 0x18, 0x0, 0x30,
    0x0, 0x60, 0x0, 0xc0, 0x1, 0x80, 0x3, 0x0,
    0x6, 0x0, 0xc, 0x0, 0x18, 0x0, 0x30, 0x0,
    0x7f, 0xff, 0xff, 0xff, 0x80,

    /* U+2291 "⊑" */
    0xff, 0xff, 0xff, 0xff, 0x0, 0x6, 0x0, 0xc,
    0x0, 0x18, 0x0, 0x30, 0x0, 0x60, 0x0, 0xc0,
    0x1, 0x80, 0x3, 0x0, 0x7, 0xff, 0xff, 0xff,
    0xe0, 0x0, 0x0, 0x0, 0x0, 0x0, 0xff, 0xff,
    0xff, 0xfc,

    /* U+2292 "⊒" */
    0xff, 0xff, 0xff, 0xfc, 0x0, 0x18, 0x0, 0x30,
    0x0, 0x60, 0x0, 0xc0, 0x1, 0x80, 0x3, 0x0,
    0x6, 0x0, 0xc, 0x0, 0x1f, 0xff, 0xff, 0xff,
    0xe0, 0x0, 0x0, 0x0, 0x0, 0x0, 0xff, 0xff,
    0xff, 0xfc,

    /* U+2293 "⊓" */
    0xff, 0xff, 0xff, 0xff, 0x80, 0x1f, 0x0, 0x3e,
    0x0, 0x7c, 0x0, 0xf8, 0x1, 0xf0, 0x3, 0xe0,
    0x7, 0xc0, 0xf, 0x80, 0x1f, 0x0, 0x3e, 0x0,
    0x7c, 0x0, 0xf8, 0x1, 0xf0, 0x3, 0xe0, 0x7,
    0xc0, 0xc,

    /* U+2294 "⊔" */
    0xe0, 0x7, 0xc0, 0xf, 0x80, 0x1f, 0x0, 0x3e,
    0x0, 0x7c, 0x0, 0xf8, 0x1, 0xf0, 0x3, 0xe0,
    0x7, 0xc0, 0xf, 0x80, 0x1f, 0x0, 0x3e, 0x0,
    0x7c, 0x0, 0xf8, 0x1, 0xf0, 0x3, 0xff, 0xff,
    0xff, 0xfc,

    /* U+2295 "⊕" */
    0x7, 0xe0, 0x1f, 0xf8, 0x3c, 0x3c, 0x71, 0x8e,
    0x61, 0x86, 0xc1, 0x83, 0xc1, 0x83, 0xdf, 0xfb,
    0xdf, 0xfb, 0xc1, 0x83, 0x61, 0x86, 0x71, 0x8e,
    0x38, 0x1c, 0x1f, 0xf8, 0x7, 0xe0,

    /* U+2296 "⊖" */
    0x7, 0xe0, 0x1f, 0xf8, 0x3c, 0x3c, 0x70, 0xe,
    0x60, 0x6, 0xc0, 0x3, 0xc0, 0x3, 0xdf, 0xfb,
    0xdf, 0xfb, 0xc0, 0x3, 0x60, 0x6, 0x70, 0xe,
    0x38, 0x1c, 0x1f, 0xf8, 0x7, 0xe0,

    /* U+2297 "⊗" */
    0x7, 0xe0, 0x1f, 0xf8, 0x3c, 0x3c, 0x70, 0xe,
    0x6c, 0x36, 0xce, 0x73, 0xc7, 0xe3, 0xc3, 0xc3,
    0xc7, 0xe3, 0xce, 0x73, 0x6c, 0x36, 0x70, 0xe,
    0x38, 0x1c, 0x1f, 0xf8, 0x7, 0xe0,

    /* U+2298 "⊘" */
    0x7, 0xe0, 0x1f, 0xf8, 0x3c, 0x3c, 0x70, 0xe,
    0x60, 0x36, 0xc0, 0x73, 0xc0, 0xe3, 0xc3, 0xc3,
    0xc7, 0x3, 0xce, 0x3, 0x6c, 0x6, 0x70, 0xe,
    0x38, 0x1c, 0x1f, 0xf8, 0x7, 0xe0,

    /* U+2299 "⊙" */
    0x7, 0xe0, 0x1f, 0xf8, 0x3c, 0x3c, 0x70, 0xe,
    0x60, 0x6, 0xc0, 0x3, 0xc3, 0xc3, 0xc3, 0xc3,
    0xc3, 0xc3, 0xc3, 0xc3, 0x60, 0x6, 0x70, 0xe,
    0x38, 0x1c, 0x1f, 0xf8, 0x7, 0xe0,

    /* U+229A "⊚" */
    0x7, 0xe0, 0x1f, 0xf8, 0x3c, 0x3c, 0x70, 0xe,
    0x63, 0xc6, 0xc7, 0xe3, 0xce, 0x73, 0xcc, 0x33,
    0xcc, 0x33, 0xce, 0x73, 0x67, 0xe6, 0x73, 0xce,
    0x38, 0x1c, 0x1f, 0xf8, 0x7, 0xe0,

    /* U+229B "⊛" */
    0x7, 0xe0, 0x1f, 0xf8, 0x3d, 0xbc, 0x71, 0x8e,
    0x61, 0x86, 0xf9, 0x9f, 0xcf, 0xf3, 0xc3, 0xe3,
    0xc3, 0xc3, 0xcf, 0xf3, 0xf9, 0x9f, 0x71, 0x86,
    0x71, 0x8e, 0x3d, 0xbc, 0x1f, 0xf8, 0x7, 0xe0,

    /* U+229C "⊜" */
    0x7, 0xe0, 0x1f, 0xf8, 0x3c, 0x3c, 0x70, 0xe,
    0x60, 0x6, 0xdf, 0xf3, 0xc0, 0x3, 0xc0, 0x3,
    0xc0, 0x3, 0xdf, 0xf3, 0x60, 0x6, 0x70, 0xe,
    0x38, 0x1c, 0x1f, 0xf8, 0x7, 0xe0,

    /* U+229D "⊝" */
    0x7, 0xe0, 0x1f, 0xf8, 0x3c, 0x3c, 0x70, 0xe,
    0x60, 0x6, 0xc0, 0x3, 0xc0, 0x3, 0xc7, 0xe3,
    0xc7, 0xe3, 0xc0, 0x3, 0x60, 0x6, 0x70, 0xe,
    0x38, 0x1c, 0x1f, 0xf8, 0x7, 0xe0,

    /* U+229E "⊞" */
    0xff, 0xff, 0xff, 0xff, 0xc1, 0x83, 0xc1, 0x83,
    0xc1, 0x83, 0xc1, 0x83, 0xc1, 0x83, 0xff, 0xff,
    0xff, 0xff, 0xc1, 0x83, 0xc1, 0x83, 0xc1, 0x83,
    0xc1, 0x83, 0xff, 0xff, 0xff, 0xff,

    /* U+229F "⊟" */
    0xff, 0xff, 0xff, 0xff, 0xc0, 0x3, 0xc0, 0x3,
    0xc0, 0x3, 0xc0, 0x3, 0xc0, 0x3, 0xdf, 0xfb,
    0xdf, 0xfb, 0xc0, 0x3, 0xc0, 0x3, 0xc0, 0x3,
    0xc0, 0x3, 0xff, 0xff, 0xff, 0xff,

    /* U+22A0 "⊠" */
    0xff, 0xff, 0xff, 0xff, 0xc0, 0x3, 0xd8, 0x1b,
    0xdc, 0x3b, 0xce, 0x73, 0xc7, 0xe3, 0xc1, 0xc3,
    0xc7, 0xe3, 0xce, 0x73, 0xdc, 0x3b, 0xd8, 0x1b,
    0xc0, 0x3, 0xff, 0xff, 0xff, 0xff,

    /* U+22A1 "⊡" */
    0xff, 0xff, 0xff, 0xff, 0xc0, 0x3, 0xc0, 0x3,
    0xc0, 0x3, 0xc0, 0x3, 0xc3, 0xc3, 0xc3, 0xc3,
    0xc3, 0xc3, 0xc3, 0xc3, 0xc0, 0x3, 0xc0, 0x3,
    0xc0, 0x3, 0xff, 0xff, 0xff, 0xff,

    /* U+22A2 "⊢" */
    0xc0, 0x1, 0x80, 0x3, 0x0, 0x6, 0x0, 0xc,
    0x0, 0x18, 0x0, 0x30, 0x0, 0x60, 0x0, 0xff,
    0xff, 0xff, 0xff, 0xff, 0xfe, 0x0, 0xc, 0x0,
    0x18, 0x0, 0x30, 0x0, 0x60, 0x0, 0xc0, 0x1,
    0x80, 0x3, 0x0, 0x0,

    /* U+22A3 "⊣" */
    0x0, 0x6, 0x0, 0xc, 0x0, 0x18, 0x0, 0x30,
    0x0, 0x60, 0x0, 0xc0, 0x1, 0x80, 0x3, 0xff,
    0xff, 0xff, 0xff, 0xff, 0xf8, 0x0, 0x30, 0x0,
    0x60, 0x0, 0xc0, 0x1, 0x80, 0x3, 0x0, 0x6,
    0x0, 0xc, 0x0, 0x18,

    /* U+22A4 "⊤" */
    0xff, 0xff, 0xff, 0xfc, 0xe, 0x0, 0x1c, 0x0,
    0x38, 0x0, 0x70, 0x0, 0xe0, 0x1, 0xc0, 0x3,
    0x80, 0x7, 0x0, 0xe, 0x0, 0x1c, 0x0, 0x38,
    0x0, 0x70, 0x0, 0xe0, 0x1, 0xc0, 0x3, 0x80,
    0x7, 0x0,

    /* U+22A5 "⊥" */
    0x3, 0x80, 0x7, 0x0, 0xe, 0x0, 0x1c, 0x0,
    0x38, 0x0, 0x70, 0x0, 0xe0, 0x1, 0xc0, 0x3,
    0x80, 0x7, 0x0, 0xe, 0x0, 0x1c, 0x0, 0x38,
    0x0, 0x70, 0x0, 0xe0, 0x1, 0xc0, 0xff, 0xff,
    0xff, 0xfc,

    /* U+22B2 "⊲" */
    0x0, 0x2, 0x0, 0x1c, 0x1, 0xf8, 0xf, 0xf0,
    0x7e, 0x67, 0xf0, 0xff, 0x1, 0xf0, 0x3, 0xf8,
    0x6, 0x7e, 0xc, 0x3f, 0x98, 0xf, 0xf0, 0x7,
    0xe0, 0x3, 0xc0, 0x0, 0x80,

    /* U+22B3 "⊳" */
    0x80, 0x1, 0xc0, 0x3, 0xf0, 0x7, 0xf8, 0xc,
    0xfc, 0x18, 0x7f, 0x30, 0x1f, 0xe0, 0x7, 0xc0,
    0x3f, 0x83, 0xf3, 0x3f, 0x87, 0xf8, 0xf, 0xc0,
    0x1e, 0x0, 0x20, 0x0, 0x0,

    /* U+22B4 "⊴" */
    0x0, 0xe, 0x0, 0xfc, 0xf, 0xf8, 0xff, 0x3f,
    0xe0, 0x7e, 0x0, 0xff, 0x81, 0x9f, 0xe3, 0x7,
    0xfe, 0x1, 0xfc, 0x0, 0x78, 0x0, 0x10, 0x0,
    0x1f, 0xff, 0xff, 0xff, 0x80,

    /* U+22B5 "⊵" */
    0xe0, 0x1, 0xf8, 0x3, 0xfe, 0x6, 0x7f, 0x8c,
    0xf, 0xf8, 0x3, 0xf0, 0x1f, 0xe3, 0xfc, 0xff,
    0xc1, 0xfc, 0x3, 0xc0, 0x4, 0x0, 0x0, 0x0,
    0x1f, 0xff, 0xff, 0xff, 0x80,

    /* U+22B8 "⊸" */
    0x0, 0x1e, 0x0, 0x1f, 0x80, 0x1c, 0xe0, 0xc,
    0x3f, 0xfe, 0x1f, 0xff, 0xc, 0x1, 0xce, 0x0,
    0x7e, 0x0, 0x1e, 0x0,

    /* U+22C2 "⋂" */
    0xf, 0xe0, 0x7f, 0xf1, 0xe0, 0xf3, 0x80, 0xee,
    0x0, 0xfc, 0x1, 0xf8, 0x3, 0xf0, 0x7, 0xe0,
    0xf, 0xc0, 0x1f, 0x80, 0x3f, 0x0, 0x7e, 0x0,
    0xfc, 0x1, 0xf8, 0x3, 0xf0, 0x7, 0xe0, 0xf,
    0xc0, 0x1f, 0x80, 0x3f, 0x0, 0x7e, 0x0, 0xfc,
    0x1, 0xf8, 0x3, 0xf0, 0x7, 0xe0, 0xf, 0xc0,
    0x1f, 0x80, 0x3f, 0x0, 0x7e, 0x0, 0xe0,

    /* U+22C3 "⋃" */
    0xe0, 0xf, 0xc0, 0x1f, 0x80, 0x3f, 0x0, 0x7e,
    0x0, 0xfc, 0x1, 0xf8, 0x3, 0xf0, 0x7, 0xe0,
    0xf, 0xc0, 0x1f, 0x80, 0x3f, 0x0, 0x7e, 0x0,
    0xfc, 0x1, 0xf8, 0x3, 0xf0, 0x7, 0xe0, 0xf,
    0xc0, 0x1f, 0x80, 0x3f, 0x0, 0x7e, 0x0, 0xfc,
    0x1, 0xf8, 0x3, 0xf0, 0x7, 0xe0, 0xe, 0xe0,
    0x39, 0xe0, 0xf1, 0xff, 0xc0, 0xfe, 0x0,

    /* U+22C4 "⋄" */
    0x0, 0x0, 0x6, 0x0, 0x1e, 0x0, 0x7e, 0x1,
    0xce, 0x7, 0xe, 0x1c, 0xe, 0x70, 0xe, 0xf0,
    0x3c, 0xf0, 0xf0, 0xf3, 0xc0, 0xff, 0x0, 0xfc,
    0x0, 0xf0, 0x0, 0xc0, 0x0,

    /* U+22C5 "⋅" */
    0xff, 0xff,

    /* U+22C6 "⋆" */
    0x0, 0x2, 0x0, 0xc0, 0x30, 0x7f, 0xcf, 0xc1,
    0xe0, 0x78, 0x33, 0x8, 0x0,

    /* U+22CD "⋍" */
    0x0, 0x79, 0x87, 0xfb, 0xff, 0xf9, 0xf0, 0x10,
    0x0, 0x0, 0x0, 0x0, 0x0, 0x7f, 0xff, 0xff,
    0xfe,

    /* U+22CE "⋎" */
    0xf0, 0x3, 0xce, 0x1, 0xc1, 0xc0, 0xe0, 0x38,
    0x78, 0xf, 0x3c, 0x1, 0xce, 0x0, 0x7f, 0x80,
    0xf, 0xc0, 0x3, 0xf0, 0x0, 0x78, 0x0, 0x1e,
    0x0, 0x7, 0x80, 0x1, 0xe0, 0x0, 0x38, 0x0,
    0xc, 0x0, 0x3, 0x0, 0x0, 0xc0, 0x0, 0x30,
    0x0, 0xc, 0x0,

    /* U+22CF "⋏" */
    0x0, 0xc0, 0x0, 0x30, 0x0, 0xc, 0x0, 0x3,
    0x0, 0x0, 0xc0, 0x0, 0x70, 0x0, 0x1e, 0x0,
    0x7, 0x80, 0x1, 0xe0, 0x0, 0x78, 0x0, 0x3f,
    0x0, 0xf, 0xc0, 0x7, 0xf0, 0x1, 0xce, 0x0,
    0xf3, 0xc0, 0x78, 0x70, 0x1c, 0xe, 0xe, 0x1,
    0xc7, 0x0, 0x38,

    /* U+22D0 "⋐" */
    0x1, 0xff, 0xf, 0xff, 0x1e, 0x0, 0x3c, 0x0,
    0x78, 0x0, 0x70, 0xff, 0xf3, 0xff, 0xe7, 0x80,
    0xe7, 0x0, 0xe7, 0x0, 0xe7, 0x0, 0xe7, 0x80,
    0xf3, 0xff, 0x70, 0xff, 0x78, 0x0, 0x3c, 0x0,
    0x1e, 0x0, 0xf, 0xff, 0x3, 0xff,

    /* U+22D1 "⋑" */
    0xff, 0x80, 0xff, 0xf0, 0x0, 0x78, 0x0, 0x3c,
    0x0, 0x1e, 0xff, 0xe, 0xff, 0xcf, 0x1, 0xe7,
    0x0, 0xe7, 0x0, 0xe7, 0x0, 0xe7, 0x1, 0xe7,
    0xff, 0xcf, 0xff, 0xe, 0x0, 0x1e, 0x0, 0x3c,
    0x0, 0x78, 0xff, 0xf0, 0xff, 0xc0,

    /* U+22DA "⋚" */
    0x0, 0xe, 0x0, 0xfc, 0xf, 0xf0, 0xff, 0xf,
    0xf0, 0x1e, 0x0, 0x3f, 0x80, 0x1f, 0xe0, 0x7,
    0xf8, 0x1, 0xfc, 0x0, 0x78, 0x0, 0x10, 0x0,
    0x1f, 0xff, 0xff, 0xff, 0x80, 0x0, 0x80, 0x1,
    0xe0, 0x3, 0xf8, 0x1, 0xfe, 0x0, 0x7f, 0x80,
    0x1f, 0xc0, 0x7, 0x80, 0x7f, 0xf, 0xf0, 0xff,
    0x3, 0xf0, 0x7, 0x0, 0x0,

    /* U+22DB "⋛" */
    0xe0, 0x1, 0xf8, 0x1, 0xfe, 0x0, 0x7f, 0x80,
    0x1f, 0xe0, 0x3, 0xc0, 0x3f, 0x83, 0xfc, 0x3f,
    0xc1, 0xfc, 0x3, 0xc0, 0x4, 0x0, 0x0, 0x0,
    0x1f, 0xff, 0xff, 0xff, 0x80, 0x0, 0x0, 0x2,
    0x0, 0x3c, 0x3, 0xf8, 0x3f, 0xc3, 0xfc, 0x1f,
    0x80, 0x3c, 0x0, 0x7f, 0x0, 0x1f, 0xe0, 0x7,
    0xf8, 0x1, 0xf8, 0x0, 0x70,

    /* U+22DC "⋜" */
    0xff, 0xff, 0xff, 0xfc, 0x0, 0x0, 0x0, 0x10,
    0x1, 0xe0, 0x1f, 0xc1, 0xfe, 0x1f, 0xe0, 0xfe,
    0x1, 0xe0, 0x3, 0xfc, 0x0, 0xff, 0x0, 0x3f,
    0xc0, 0xf, 0xc0, 0x3, 0x80,

    /* U+22DD "⋝" */
    0xff, 0xff, 0xff, 0xfc, 0x0, 0x4, 0x0, 0xf,
    0x0, 0x1f, 0xc0, 0xf, 0xf0, 0x3, 0xfc, 0x0,
    0xfe, 0x0, 0x3c, 0x3, 0xf8, 0x7f, 0x87, 0xf8,
    0x1f, 0x80, 0x38, 0x0, 0x0,

    /* U+22DE "⋞" */
    0x0, 0x2, 0x0, 0xc, 0x0, 0x38, 0x0, 0xf0,
    0x3, 0xc0, 0xf, 0x0, 0x7c, 0x3, 0xe1, 0x7f,
    0x87, 0xfc, 0x1f, 0xe0, 0xf0, 0x3, 0xc0, 0x1f,
    0x1, 0xf8, 0x3f, 0xe0, 0x7e, 0x0, 0xff, 0x0,
    0x3f, 0x80, 0xf, 0xc0, 0x7, 0xc0, 0x3, 0xc0,
    0x3, 0xc0, 0x1, 0x80, 0x1, 0x0, 0x0,

    /* U+22DF "⋟" */
    0x80, 0x1, 0x80, 0x3, 0x80, 0x7, 0x80, 0x7,
    0x80, 0x7, 0x80, 0x7, 0xc0, 0x43, 0xe0, 0xc3,
    0xfd, 0xc1, 0xfd, 0xe0, 0xf9, 0xe0, 0x1, 0xf0,
    0x0, 0xfc, 0x0, 0xff, 0x80, 0x3f, 0x1, 0xfe,
    0xf, 0xe0, 0x7e, 0x1, 0xf0, 0x7, 0x80, 0x1c,
    0x0, 0x30, 0x0, 0x40, 0x0, 0x0, 0x0,

    /* U+22E0 "⋠" */
    0x0, 0x18, 0x0, 0x30, 0x0, 0xe8, 0x1, 0xf0,
    0x3, 0xe0, 0xf, 0xc0, 0x1f, 0x0, 0xf8, 0xf,
    0xe1, 0xff, 0xc3, 0xf3, 0x7, 0xfe, 0x3, 0xfc,
    0x0, 0x7e, 0x0, 0x7e, 0x79, 0xde, 0xff, 0x9f,
    0xfe, 0x1c, 0x3f, 0x8, 0x3f, 0x0, 0x6f, 0x0,
    0xcf, 0x83, 0x87, 0x86, 0x7, 0xc, 0x6, 0x38,
    0x4, 0x70, 0x0, 0xc0, 0x0,

    /* U+22E1 "⋡" */
    0x0, 0x30, 0x0, 0x62, 0x1, 0xc6, 0x3, 0x8e,
    0x6, 0x1e, 0x1c, 0x1f, 0x38, 0xf, 0xe0, 0xf,
    0xe0, 0x7, 0xfc, 0x7, 0xf8, 0xf, 0xf0, 0x7f,
    0x83, 0xf0, 0xf, 0xc0, 0x3f, 0x8f, 0xf7, 0x7f,
    0x8f, 0xfe, 0x1f, 0x80, 0x7c, 0x1, 0xe0, 0xf,
    0x80, 0x3f, 0x0, 0x7e, 0x0, 0xd8, 0x1, 0x70,
    0x0, 0xe0, 0x1, 0x80, 0x0,

    /* U+22E2 "⋢" */
    0x0, 0x30, 0x0, 0x70, 0x0, 0xc0, 0x3, 0x8f,
    0xff, 0xff, 0xff, 0xf0, 0x30, 0x60, 0xe0, 0xc1,
    0xc1, 0x83, 0x3, 0xe, 0x6, 0x1c, 0xc, 0x30,
    0x18, 0xe0, 0x31, 0x80, 0x67, 0x0, 0xce, 0x1,
    0xff, 0xff, 0xff, 0xf8, 0xc0, 0x3, 0x80, 0x7,
    0x0, 0xc, 0x0, 0x0,

    /* U+22E3 "⋣" */
    0x0, 0x18, 0x0, 0x70, 0x0, 0xe0, 0x1, 0x8f,
    0xff, 0xff, 0xff, 0xc0, 0x39, 0x80, 0x73, 0x0,
    0xc6, 0x3, 0x8c, 0x6, 0x18, 0x1c, 0x30, 0x38,
    0x60, 0x60, 0xc1, 0xc1, 0x83, 0x83, 0x6, 0x7,
    0xff, 0xff, 0xff, 0xf8, 0xe0, 0x1, 0x80, 0x7,
    0x0, 0x6, 0x0, 0x0,

    /* U+22E4 "⋤" */
    0xff, 0xff, 0xff, 0xff, 0x0, 0x6, 0x0, 0xc,
    0x0, 0x18, 0x0, 0x30, 0x0, 0x60, 0x0, 0xc0,
    0x1, 0x80, 0x3, 0x0, 0x7, 0xff, 0xff, 0xff,
    0xe0, 0x1c, 0x0, 0x38, 0x0, 0xe0, 0xff, 0xff,
    0xff, 0xfc, 0x1c, 0x0, 0x70, 0x0, 0x40, 0x0,

    /* U+22E5 "⋥" */
    0xff, 0xff, 0xff, 0xfc, 0x0, 0x18, 0x0, 0x30,
    0x0, 0x60, 0x0, 0xc0, 0x1, 0x80, 0x3, 0x0,
    0x6, 0x0, 0xc, 0x0, 0x1f, 0xff, 0xff, 0xff,
    0xe0, 0x1c, 0x0, 0x38, 0x0, 0xe0, 0xff, 0xff,
    0xff, 0xfc, 0x1c, 0x0, 0x70, 0x0, 0x40, 0x0,

    /* U+22E6 "⋦" */
    0x0, 0x6, 0x0, 0x7c, 0x7, 0xf8, 0x7f, 0x87,
    0xf0, 0x1f, 0x0, 0x3f, 0x0, 0x3f, 0xc0, 0xf,
    0xf0, 0x3, 0xfc, 0x6, 0xf8, 0xc, 0x31, 0xd8,
    0x1f, 0xf0, 0xff, 0xff, 0xc1, 0xfc, 0x3, 0x0,
    0x6, 0x0, 0xc, 0x0,

    /* U+22E7 "⋧" */
    0xc0, 0x1, 0xf0, 0x3, 0xfc, 0x0, 0xff, 0x0,
    0x3f, 0xc0, 0x7, 0xc0, 0x1f, 0x81, 0xfe, 0x1f,
    0xe1, 0xff, 0x83, 0xe6, 0x6, 0xc, 0x1, 0xd8,
    0x1f, 0xf0, 0xff, 0xff, 0xc1, 0xfc, 0x3, 0x0,
    0x6, 0x0, 0xc, 0x0,

    /* U+22E8 "⋨" */
    0x0, 0x0, 0x0, 0x4, 0x0, 0x18, 0x0, 0x70,
    0x3, 0xc0, 0xf, 0x0, 0xfc, 0x7, 0xf0, 0xff,
    0x1, 0xf0, 0x3, 0xfc, 0x0, 0xfe, 0x0, 0x3f,
    0x0, 0x1f, 0x0, 0xf, 0x0, 0x6f, 0x0, 0xc6,
    0x3, 0x4, 0x6, 0x1, 0xec, 0xf, 0xf8, 0x7f,
    0xff, 0xe0, 0xfe, 0x1, 0x80, 0x3, 0x0, 0x6,
    0x0, 0x18, 0x0, 0x10, 0x0,

    /* U+22E9 "⋩" */
    0x0, 0x1, 0x0, 0x3, 0x0, 0x7, 0x0, 0x7,
    0x80, 0x7, 0x80, 0x7, 0xe0, 0x7, 0xf0, 0x3,
    0xfe, 0x0, 0x7c, 0x7, 0xf8, 0x3f, 0x81, 0xf8,
    0x7, 0xc0, 0x1e, 0x0, 0x70, 0x60, 0xc0, 0xc1,
    0x3, 0x0, 0x6, 0x1, 0xec, 0xf, 0xf8, 0x7f,
    0xff, 0xe0, 0xfe, 0x1, 0x80, 0x3, 0x0, 0x6,
    0x0, 0x18, 0x0, 0x10, 0x0,

    /* U+22EF "⋯" */
    0xf3, 0xcf, 0xf3, 0xcf, 0xf3, 0xcf, 0xf3, 0xcf,

    /* U+2300 "⌀" */
    0x7, 0xe2, 0x1f, 0xff, 0x3c, 0x3e, 0x70, 0x1e,
    0x60, 0x36, 0xc0, 0x63, 0xc0, 0xc3, 0xc1, 0x83,
    0xc7, 0x3, 0xce, 0x3, 0x7c, 0x6, 0x78, 0xe,
    0x7c, 0x3c, 0xff, 0xf8, 0x47, 0xe0,

    /* U+2301 "⌁" */
    0x2, 0x2, 0xe, 0xe, 0x3e, 0x3e, 0xfe, 0x3f,
    0x7c, 0x7c, 0x70, 0x70, 0x40, 0x40,

    /* U+2302 "⌂" */
    0x3, 0x0, 0xc, 0x0, 0x78, 0x3, 0xf0, 0x1c,
    0xe0, 0xe1, 0xc7, 0x3, 0x98, 0x6, 0xe0, 0x1f,
    0x0, 0x3c, 0x0, 0xf0, 0x3, 0xc0, 0xf, 0x0,
    0x3c, 0x0, 0xf0, 0x3, 0xff, 0xff, 0xff, 0xf0,

    /* U+2303 "⌃" */
    0x3, 0x0, 0xc, 0x0, 0x78, 0x3, 0xf0, 0xc,
    0xc0, 0x61, 0x83, 0x87, 0xc, 0xc, 0x60, 0x1b,
    0x80, 0x70,

    /* U+2304 "⌄" */
    0x60, 0x19, 0xc0, 0xe3, 0x3, 0x6, 0x18, 0x1c,
    0xe0, 0x33, 0x0, 0x78, 0x1, 0xe0, 0x3, 0x0,
    0x0, 0x0,

    /* U+2305 "⌅" */
    0xff, 0xfc, 0x0, 0x0, 0x0, 0x0, 0xc0, 0x3,
    0x0, 0x1e, 0x0, 0xfc, 0x7, 0x38, 0x18, 0x60,
    0xe1, 0xc7, 0x3, 0x98, 0x6, 0xc0, 0xc,

    /* U+2306 "⌆" */
    0xff, 0xfc, 0x0, 0x0, 0x0, 0x0, 0x0, 0xff,
    0xfc, 0x0, 0x0, 0x0, 0x0, 0xc0, 0x3, 0x0,
    0x1e, 0x0, 0xfc, 0x7, 0x38, 0x18, 0x60, 0xe1,
    0xc7, 0x3, 0x98, 0x6, 0xc0, 0xc,

    /* U+2308 "⌈" */
    0xff, 0xff, 0x87, 0xe, 0x1c, 0x38, 0x70, 0xe1,
    0xc3, 0x87, 0xe, 0x1c, 0x38, 0x70, 0xe1, 0xc3,
    0x87, 0xe, 0x1c, 0x38, 0x70, 0xe1, 0xc3, 0x80,

    /* U+2309 "⌉" */
    0xff, 0xfc, 0x38, 0x70, 0xe1, 0xc3, 0x87, 0xe,
    0x1c, 0x38, 0x70, 0xe1, 0xc3, 0x87, 0xe, 0x1c,
    0x38, 0x70, 0xe1, 0xc3, 0x87, 0xe, 0x1c, 0x38,

    /* U+230A "⌊" */
    0xe1, 0xc3, 0x87, 0xe, 0x1c, 0x38, 0x70, 0xe1,
    0xc3, 0x87, 0xe, 0x1c, 0x38, 0x70, 0xe1, 0xc3,
    0x87, 0xe, 0x1c, 0x38, 0x70, 0xe1, 0xff, 0xf8,

    /* U+230B "⌋" */
    0xe, 0x1c, 0x38, 0x70, 0xe1, 0xc3, 0x87, 0xe,
    0x1c, 0x38, 0x70, 0xe1, 0xc3, 0x87, 0xe, 0x1c,
    0x38, 0x70, 0xe1, 0xc3, 0x87, 0xf, 0xff, 0xf8,

    /* U+230C "⌌" */
    0x1f, 0xc0, 0x0, 0x3, 0x0, 0xc0, 0x30, 0xc,
    0x3, 0x0, 0xc0, 0x30, 0x0,

    /* U+230D "⌍" */
    0xfe, 0x0, 0x0, 0x0, 0x3, 0x0, 0xc0, 0x30,
    0xc, 0x3, 0x0, 0xc0, 0x30,

    /* U+230E "⌎" */
    0xc0, 0x30, 0xc, 0x3, 0x0, 0xc0, 0x30, 0xc,
    0x0, 0x0, 0x0, 0x7, 0xf0,

    /* U+230F "⌏" */
    0x0, 0xc0, 0x30, 0xc, 0x3, 0x0, 0xc0, 0x30,
    0xc, 0x0, 0x0, 0x3f, 0x80,

    /* U+2310 "⌐" */
    0xff, 0xff, 0xff, 0xff, 0x0, 0x6, 0x0, 0xc,
    0x0, 0x18, 0x0, 0x30, 0x0, 0x0,

    /* U+2311 "⌑" */
    0x40, 0x2, 0x7f, 0xfe, 0x6f, 0xf6, 0x60, 0x6,
    0x20, 0x4, 0x20, 0x4, 0x20, 0x4, 0x20, 0x4,
    0x20, 0x4, 0x20, 0x4, 0x20, 0x4, 0x60, 0x6,
    0x67, 0xe6, 0x7f, 0xfe, 0x60, 0x6,

    /* U+2312 "⌒" */
    0x3, 0xf0, 0x3, 0xff, 0x1, 0xe1, 0xe0, 0xe0,
    0x1c, 0x70, 0x3, 0x98, 0x0, 0x6c, 0x0, 0xf,
    0x0, 0x3, 0xc0, 0x0, 0xc0,

    /* U+2313 "⌓" */
    0x3, 0xf0, 0x3, 0xff, 0x3, 0xc0, 0xf1, 0xc0,
    0xc, 0x60, 0x1, 0xb8, 0x0, 0x7c, 0x0, 0xf,
    0xff, 0xff,

    /* U+2314 "⌔" */
    0x1f, 0x87, 0xfe, 0xf0, 0xfe, 0x7, 0x60, 0x63,
    0xc, 0x19, 0x80, 0xf8, 0xf, 0x0, 0x60, 0x0,
    0x0,

    /* U+2315 "⌕" */
    0x7, 0xc0, 0x7f, 0x7, 0x1c, 0x70, 0x73, 0x1,
    0x98, 0xc, 0xc0, 0x67, 0x7, 0x1c, 0x71, 0xff,
    0x1d, 0xf1, 0xc0, 0x4, 0x0, 0x0,

    /* U+2318 "⌘" */
    0x38, 0x1e, 0xec, 0x33, 0xc6, 0x33, 0xc6, 0x33,
    0xe6, 0x33, 0x7f, 0xfe, 0x6, 0x30, 0x6, 0x30,
    0x6, 0x30, 0x7f, 0xfe, 0xe6, 0x33, 0xc6, 0x33,
    0xc6, 0x33, 0xec, 0x33, 0x38, 0x1e,

    /* U+2319 "⌙" */
    0xc0, 0x1, 0x80, 0x3, 0x0, 0x6, 0x0, 0xc,
    0x0, 0x1f, 0xff, 0xff, 0xff, 0x80,

    /* U+231C "⌜" */
    0xff, 0xf0, 0xc, 0x3, 0x0, 0xc0, 0x30, 0xc,
    0x3, 0x0, 0xc0, 0x0,

    /* U+231D "⌝" */
    0xff, 0xc0, 0x30, 0xc, 0x3, 0x0, 0xc0, 0x30,
    0xc, 0x3, 0x0, 0xc0,

    /* U+231E "⌞" */
    0xc0, 0x30, 0xc, 0x3, 0x0, 0xc0, 0x30, 0xc,
    0x3, 0x0, 0xff, 0xc0,

    /* U+231F "⌟" */
    0x0, 0xc0, 0x30, 0xc, 0x3, 0x0, 0xc0, 0x30,
    0xc, 0x3, 0xff, 0xc0,

    /* U+2320 "⌠" */
    0xf, 0x1b, 0x8d, 0xcc, 0x6, 0x3, 0x3, 0x81,
    0xc0, 0xe0, 0x70, 0x38, 0x1c, 0xe, 0x7, 0x3,
    0x81, 0xc0, 0xe0, 0x70, 0x38, 0x1c, 0xe, 0x7,
    0x3, 0x81, 0xc0, 0xe0, 0x70, 0x38, 0x1c, 0xe,
    0x7, 0x3, 0x81, 0xc0, 0xe0, 0x70, 0x38, 0x0,

    /* U+2321 "⌡" */
    0x3, 0x81, 0xc0, 0xe0, 0x70, 0x38, 0x1c, 0xe,
    0x7, 0x3, 0x81, 0xc0, 0xe0, 0x70, 0x38, 0x1c,
    0xe, 0x7, 0x3, 0x81, 0xc0, 0xe0, 0x70, 0x38,
    0x1c, 0xe, 0x7, 0x3, 0x81, 0xc0, 0xe0, 0x70,
    0x30, 0x18, 0xc, 0x6, 0x76, 0x3b, 0x1e, 0x0,

    /* U+2325 "⌥" */
    0xf8, 0x7f, 0xf8, 0xff, 0xf1, 0xf8, 0x70, 0x0,
    0xe0, 0x0, 0xe0, 0x1, 0xc0, 0x1, 0xc0, 0x3,
    0x80, 0x3, 0x80, 0x7, 0x0, 0x7, 0x0, 0xf,
    0xe0, 0xf, 0xc0, 0x1f, 0x80,

    /* U+2326 "⌦" */
    0xff, 0xf0, 0x36, 0x33, 0xc, 0xcc, 0x63, 0x3e,
    0xc, 0xc7, 0x1, 0xb0, 0xc0, 0x3c, 0x70, 0x1b,
    0x3e, 0xc, 0xcc, 0xc6, 0x36, 0x33, 0xf, 0xff,
    0x0,

    /* U+2327 "⌧" */
    0xff, 0xff, 0x98, 0xcf, 0x1b, 0x1e, 0x36, 0x3c,
    0x38, 0x78, 0x70, 0xf0, 0xe1, 0xe3, 0x63, 0xc6,
    0xc7, 0x98, 0xcf, 0xff, 0xf8,

    /* U+2328 "⌨" */
    0xff, 0xff, 0xc0, 0x0, 0x64, 0xe2, 0xb6, 0xf7,
    0xd8, 0x0, 0x6d, 0x21, 0x86, 0xbd, 0xdb, 0x2f,
    0xc5, 0x80, 0x0, 0xff, 0xff, 0xc0,

    /* U+232B "⌫" */
    0x3, 0xff, 0xc3, 0x31, 0xb1, 0x8c, 0xcc, 0xc1,
    0xf3, 0x60, 0x38, 0xf0, 0xc, 0x36, 0x3, 0x8c,
    0xc1, 0xf3, 0x18, 0xcc, 0xc3, 0x31, 0xb0, 0x3f,
    0xfc,

    /* U+2335 "⌵" */
    0x0, 0x0, 0xc0, 0x3, 0x60, 0x6, 0x30, 0xc,
    0x18, 0x18, 0xc, 0x30, 0x6, 0x60, 0x3, 0xc0,
    0x1, 0x80, 0x0, 0x0,

    /* U+2336 "⌶" */
    0xff, 0xff, 0xff, 0xfc, 0xe, 0x0, 0x1c, 0x0,
    0x38, 0x0, 0x70, 0x0, 0xe0, 0x1, 0xc0, 0x3,
    0x80, 0x7, 0x0, 0xe, 0x0, 0x1c, 0x0, 0x38,
    0x0, 0x70, 0x0, 0xe0, 0x1, 0xc0, 0x3, 0x81,
    0xff, 0xff, 0xff, 0xf8,

    /* U+2337 "⌷" */
    0xff, 0xf8, 0xf, 0x1, 0xe0, 0x3c, 0x7, 0x80,
    0xf0, 0x1e, 0x3, 0xc0, 0x78, 0xf, 0x1, 0xe0,
    0x3c, 0x7, 0x80, 0xf0, 0x1e, 0x3, 0xc0, 0x78,
    0xf, 0x1, 0xe0, 0x3c, 0x7, 0x80, 0xf0, 0x1e,
    0x3, 0xc0, 0x78, 0xf, 0x1, 0xff, 0xf0,

    /* U+2338 "⌸" */
    0xff, 0xff, 0xf0, 0x0, 0x3c, 0x0, 0xf, 0x0,
    0x3, 0xc0, 0x0, 0xf0, 0x0, 0x3c, 0x0, 0xf,
    0x0, 0x3, 0xc0, 0x0, 0xf0, 0x0, 0x3c, 0x0,
    0xf, 0x0, 0x3, 0xff, 0xff, 0xff, 0xff, 0xfc,
    0x0, 0xf, 0x0, 0x3, 0xc0, 0x0, 0xf0, 0x0,
    0x3f, 0xff, 0xff, 0xff, 0xff, 0xc0, 0x0, 0xf0,
    0x0, 0x3c, 0x0, 0xf, 0x0, 0x3, 0xc0, 0x0,
    0xf0, 0x0, 0x3c, 0x0, 0xf, 0xff, 0xff,

    /* U+2339 "⌹" */
    0xff, 0xff, 0xf0, 0x0, 0x3c, 0x0, 0xf, 0x0,
    0x3, 0xc0, 0x0, 0xf0, 0x0, 0x3c, 0x0, 0xf,
    0x0, 0x3, 0xc0, 0x0, 0xf0, 0x78, 0x3c, 0x1e,
    0xf, 0x7, 0x83, 0xc0, 0x0, 0xf0, 0x0, 0x3c,
    0x0, 0xf, 0xff, 0xff, 0xff, 0xff, 0xf0, 0x0,
    0x3c, 0x0, 0xf, 0x0, 0x3, 0xc1, 0xe0, 0xf0,
    0x78, 0x3c, 0x1e, 0xf, 0x0, 0x3, 0xc0, 0x0,
    0xf0, 0x0, 0x3c, 0x0, 0xf, 0xff, 0xff,

    /* U+233A "⌺" */
    0xff, 0xff, 0xf0, 0x0, 0x3c, 0x0, 0xf, 0x0,
    0x3, 0xc0, 0x0, 0xf0, 0x30, 0x3c, 0x1e, 0xf,
    0xf, 0xc3, 0xc3, 0x30, 0xf1, 0x86, 0x3c, 0xc0,
    0xcf, 0x60, 0x3b, 0xf0, 0x7, 0xfc, 0x0, 0xfe,
    0x0, 0x1f, 0xc0, 0xf, 0xf8, 0x7, 0xf7, 0x3,
    0xbc, 0xe1, 0xcf, 0x1c, 0xe3, 0xc3, 0xf0, 0xf0,
    0x78, 0x3c, 0xc, 0xf, 0x0, 0x3, 0xc0, 0x0,
    0xf0, 0x0, 0x3c, 0x0, 0xf, 0xff, 0xff,

    /* U+233B "⌻" */
    0xff, 0xff, 0xf0, 0x0, 0x3c, 0x0, 0xf, 0x0,
    0x3, 0xc0, 0x0, 0xf0, 0x0, 0x3c, 0x0, 0xf,
    0x0, 0x3, 0xc0, 0x0, 0xf0, 0x0, 0x3c, 0x1e,
    0xf, 0xf, 0xc3, 0xc7, 0x38, 0xf1, 0x86, 0x3c,
    0x61, 0x8f, 0x1c, 0xe3, 0xc3, 0xf0, 0xf0, 0x78,
    0x3c, 0x0, 0xf, 0x0, 0x3, 0xc0, 0x0, 0xf0,
    0x0, 0x3c, 0x0, 0xf, 0x0, 0x3, 0xc0, 0x0,
    0xf0, 0x0, 0x3c, 0x0, 0xf, 0xff, 0xff,

    /* U+233C "⌼" */
    0xff, 0xff, 0xf0, 0x0, 0x3c, 0x0, 0xf, 0x0,
    0x3, 0xc0, 0x0, 0xf0, 0xfc, 0x3c, 0xff, 0xcf,
    0x78, 0x7b, 0xf8, 0x7, 0xfc, 0x0, 0xfe, 0x0,
    0x1f, 0x0, 0x3, 0xc0, 0x0, 0xf0, 0x0, 0x3c,
    0x0, 0xf, 0x0, 0x3, 0xc0, 0x0, 0xf8, 0x0,
    0x7f, 0x0, 0x3f, 0xe0, 0x1f, 0xde, 0x1e, 0xf3,
    0xff, 0x3c, 0x3f, 0xf, 0x0, 0x3, 0xc0, 0x0,
    0xf0, 0x0, 0x3c, 0x0, 0xf, 0xff, 0xff,

    /* U+233D "⌽" */
    0x0, 0xc0, 0x0, 0x30, 0x0, 0xc, 0x0, 0x3,
    0x0, 0x0, 0xc0, 0x0, 0x30, 0x0, 0xc, 0x0,
    0x7, 0x80, 0x7, 0xf8, 0x7, 0xb7, 0x83, 0x8c,
    0x71, 0xc3, 0xe, 0x60, 0xc1, 0xb0, 0x30, 0x3c,
    0xc, 0xf, 0x3, 0x3, 0xc0, 0xc0, 0xf0, 0x30,
    0x3c, 0xc, 0xd, 0x83, 0x6, 0x60, 0xc1, 0x8c,
    0x30, 0xc1, 0xcc, 0xe0, 0x3f, 0xf0, 0x3, 0xf0,
    0x0, 0x30, 0x0, 0xc, 0x0, 0x3, 0x0, 0x0,
    0xc0, 0x0, 0x30, 0x0, 0xc, 0x0, 0x3, 0x0,

    /* U+233E "⌾" */
    0x3, 0xf0, 0x3, 0xff, 0x1, 0xe1, 0xe0, 0xe0,
    0x1c, 0x70, 0x3, 0x98, 0x78, 0x6c, 0x3f, 0xf,
    0x1c, 0xe3, 0xc6, 0x18, 0xf1, 0x86, 0x3c, 0x73,
    0x8f, 0xf, 0xc3, 0x61, 0xe1, 0x9c, 0x0, 0xe3,
    0x80, 0x70, 0x78, 0x78, 0xf, 0xfc, 0x0, 0xfc,
    0x0,

    /* U+233F "⌿" */
    0x0, 0x1c, 0x0, 0x30, 0x0, 0xe0, 0x1, 0x80,
    0x7, 0x0, 0xc, 0x0, 0x38, 0x0, 0x70, 0x1,
    0xc0, 0x3, 0x80, 0xe, 0x7, 0xff, 0xff, 0xff,
    0xe0, 0xe0, 0x3, 0x80, 0x7, 0x0, 0xc, 0x0,
    0x38, 0x0, 0x60, 0x1, 0xc0, 0x3, 0x0, 0xe,
    0x0, 0x1c, 0x0, 0x70, 0x0,

    /* U+2340 "⍀" */
    0x60, 0x0, 0xe0, 0x1, 0xc0, 0x1, 0xc0, 0x3,
    0x80, 0x3, 0x80, 0x7, 0x0, 0x6, 0x0, 0xe,
    0x0, 0xc, 0x0, 0x1c, 0x7, 0xff, 0xff, 0xff,
    0xe0, 0x30, 0x0, 0x70, 0x0, 0x60, 0x0, 0xe0,
    0x1, 0xc0, 0x1, 0xc0, 0x3, 0x80, 0x3, 0x0,
    0x7, 0x0, 0x6, 0x0, 0xe,

    /* U+2341 "⍁" */
    0xff, 0xff, 0xf0, 0x0, 0xfc, 0x0, 0x7f, 0x0,
    0x1b, 0xc0, 0xe, 0xf0, 0x3, 0x3c, 0x1, 0xcf,
    0x0, 0x63, 0xc0, 0x38, 0xf0, 0xc, 0x3c, 0x7,
    0xf, 0x1, 0x83, 0xc0, 0xe0, 0xf0, 0x30, 0x3c,
    0x1c, 0xf, 0x6, 0x3, 0xc3, 0x80, 0xf0, 0xc0,
    0x3c, 0x30, 0xf, 0x18, 0x3, 0xc6, 0x0, 0xf3,
    0x80, 0x3c, 0xc0, 0xf, 0x70, 0x3, 0xd8, 0x0,
    0xfe, 0x0, 0x3f, 0x0, 0xf, 0xff, 0xff,

    /* U+2342 "⍂" */
    0xff, 0xff, 0xfc, 0x0, 0x3f, 0x80, 0xf, 0x60,
    0x3, 0xdc, 0x0, 0xf3, 0x0, 0x3c, 0xe0, 0xf,
    0x18, 0x3, 0xc7, 0x0, 0xf0, 0xc0, 0x3c, 0x38,
    0xf, 0x6, 0x3, 0xc1, 0xc0, 0xf0, 0x30, 0x3c,
    0xe, 0xf, 0x1, 0x83, 0xc0, 0x70, 0xf0, 0xc,
    0x3c, 0x3, 0xf, 0x0, 0x63, 0xc0, 0x18, 0xf0,
    0x3, 0x3c, 0x0, 0xcf, 0x0, 0x3b, 0xc0, 0x6,
    0xf0, 0x1, 0xfc, 0x0, 0x3f, 0xff, 0xff,

    /* U+2343 "⍃" */
    0xff, 0xff, 0xf0, 0x0, 0x3c, 0x0, 0xf, 0x0,
    0x3, 0xc0, 0x0, 0xf0, 0x0, 0x3c, 0x0, 0xf,
    0x0, 0xf, 0xc0, 0x1f, 0xf0, 0x1f, 0xfc, 0x1f,
    0x8f, 0x3f, 0x83, 0xff, 0x0, 0xff, 0x0, 0x3f,
    0xc0, 0xf, 0xfc, 0x3, 0xcf, 0xc0, 0xf0, 0xfe,
    0x3c, 0x7, 0xef, 0x0, 0x7f, 0xc0, 0x7, 0xf0,
    0x0, 0x3c, 0x0, 0xf, 0x0, 0x3, 0xc0, 0x0,
    0xf0, 0x0, 0x3c, 0x0, 0xf, 0xff, 0xff,

    /* U+2344 "⍄" */
    0xff, 0xff, 0xf0, 0x0, 0x3c, 0x0, 0xf, 0x0,
    0x3, 0xc0, 0x0, 0xf0, 0x0, 0x3c, 0x0, 0xf,
    0xc0, 0x3, 0xfe, 0x0, 0xff, 0xe0, 0x3c, 0x7e,
    0xf, 0x7, 0xf3, 0xc0, 0x3f, 0xf0, 0x3, 0xfc,
    0x0, 0xff, 0x0, 0xff, 0xc0, 0xfc, 0xf1, 0xfc,
    0x3d, 0xf8, 0xf, 0xf8, 0x3, 0xf8, 0x0, 0xf0,
    0x0, 0x3c, 0x0, 0xf, 0x0, 0x3, 0xc0, 0x0,
    0xf0, 0x0, 0x3c, 0x0, 0xf, 0xff, 0xff,

    /* U+2345 "⍅" */
    0x0, 0xc0, 0x0, 0xc0, 0x0, 0xc0, 0x0, 0xc0,
    0x0, 0xc0, 0x0, 0xc0, 0x0, 0xc0, 0x0, 0xc0,
    0x0, 0xc0, 0x0, 0xc0, 0x0, 0xc0, 0x0, 0xc0,
    0x18, 0xc0, 0x38, 0xc0, 0x70, 0xc0, 0xff, 0xff,
    0xff, 0xff, 0x7f, 0xff, 0x70, 0xc0, 0x38, 0xc0,
    0x18, 0xc0, 0x0, 0xc0, 0x0, 0xc0, 0x0, 0xc0,
    0x0, 0xc0, 0x0, 0xc0, 0x0, 0xc0, 0x0, 0xc0,
    0x0, 0xc0, 0x0, 0xc0, 0x0, 0xc0, 0x0, 0xc0,

    /* U+2346 "⍆" */
    0x3, 0x0, 0x3, 0x0, 0x3, 0x0, 0x3, 0x0,
    0x3, 0x0, 0x3, 0x0, 0x3, 0x0, 0x3, 0x0,
    0x3, 0x0, 0x3, 0x0, 0x3, 0x0, 0x3, 0x0,
    0x3, 0x18, 0x3, 0x1c, 0x3, 0xe, 0xff, 0xff,
    0xff, 0xff, 0xff, 0xff, 0x3, 0xe, 0x3, 0x1c,
    0x3, 0x18, 0x3, 0x0, 0x3, 0x0, 0x3, 0x0,
    0x3, 0x0, 0x3, 0x0, 0x3, 0x0, 0x3, 0x0,
    0x3, 0x0, 0x3, 0x0, 0x3, 0x0, 0x3, 0x0,

    /* U+2347 "⍇" */
    0xff, 0xff, 0xf0, 0x0, 0x3c, 0x0, 0xf, 0x0,
    0x3, 0xc0, 0x0, 0xf0, 0x0, 0x3c, 0x0, 0xf,
    0x0, 0x3, 0xc0, 0x0, 0xf0, 0x0, 0x3c, 0x40,
    0xf, 0x38, 0x3, 0xcc, 0x0, 0xf6, 0x0, 0x3f,
    0xff, 0xff, 0xff, 0xff, 0xd8, 0x0, 0xf3, 0x0,
    0x3c, 0x60, 0xf, 0x0, 0x3, 0xc0, 0x0, 0xf0,
    0x0, 0x3c, 0x0, 0xf, 0x0, 0x3, 0xc0, 0x0,
    0xf0, 0x0, 0x3c, 0x0, 0xf, 0xff, 0xff,

    /* U+2348 "⍈" */
    0xff, 0xff, 0xf0, 0x0, 0x3c, 0x0, 0xf, 0x0,
    0x3, 0xc0, 0x0, 0xf0, 0x0, 0x3c, 0x0, 0xf,
    0x0, 0x3, 0xc0, 0x0, 0xf0, 0x0, 0x3c, 0x0,
    0x8f, 0x0, 0x73, 0xc0, 0xc, 0xf0, 0x1, 0xbf,
    0xff, 0xff, 0xff, 0xff, 0xc0, 0x6, 0xf0, 0x3,
    0x3c, 0x1, 0x8f, 0x0, 0x3, 0xc0, 0x0, 0xf0,
    0x0, 0x3c, 0x0, 0xf, 0x0, 0x3, 0xc0, 0x0,
    0xf0, 0x0, 0x3c, 0x0, 0xf, 0xff, 0xff,

    /* U+2349 "⍉" */
    0x1c, 0x0, 0x7, 0x0, 0x0, 0xff, 0x0, 0x3f,
    0xf0, 0x1e, 0x1e, 0xf, 0xc1, 0xc7, 0x30, 0x39,
    0x8e, 0x6, 0xc3, 0x80, 0xf0, 0x70, 0x3c, 0x1c,
    0xf, 0x3, 0x83, 0xc0, 0xe0, 0xf0, 0x18, 0x36,
    0x7, 0x19, 0xc0, 0xce, 0x38, 0x3f, 0x7, 0x87,
    0x80, 0xff, 0xc0, 0xf, 0xf0, 0x0, 0xe, 0x0,
    0x3, 0x80, 0x0, 0x70,

    /* U+234A "⍊" */
    0x3, 0x80, 0x7, 0x0, 0xe, 0x0, 0x1c, 0x0,
    0x38, 0x0, 0x70, 0x0, 0xe0, 0x1, 0xc0, 0x3,
    0x80, 0x7, 0x0, 0xe, 0x0, 0x1c, 0x0, 0x38,
    0x0, 0x70, 0x0, 0xe0, 0x1, 0xc0, 0xff, 0xff,
    0xff, 0xfc, 0x0, 0x0, 0x0, 0xf, 0xff, 0xe0,

    /* U+234B "⍋" */
    0x1, 0x80, 0x1, 0x80, 0x1, 0x80, 0x1, 0x80,
    0x1, 0x80, 0x3, 0xc0, 0x3, 0xc0, 0x3, 0xc0,
    0x7, 0xe0, 0x7, 0xe0, 0x7, 0xe0, 0xf, 0xf0,
    0xf, 0xf0, 0xd, 0xb0, 0x1d, 0xb8, 0x1d, 0xb8,
    0x1d, 0xb8, 0x19, 0x98, 0x39, 0x9c, 0x39, 0x9c,
    0x39, 0x9c, 0x71, 0x8e, 0x71, 0x8e, 0x71, 0x8e,
    0xff, 0xff, 0xff, 0xff, 0xff, 0xff, 0x1, 0x80,
    0x1, 0x80, 0x1, 0x80, 0x1, 0x80, 0x1, 0x80,

    /* U+234C "⍌" */
    0xff, 0xff, 0xf0, 0x0, 0x3c, 0x0, 0xf, 0x0,
    0x3, 0xc0, 0x0, 0xf0, 0x0, 0x3e, 0x0, 0x1f,
    0x80, 0x7, 0xf0, 0x3, 0xfc, 0x0, 0xff, 0x0,
    0x3f, 0xe0, 0x1f, 0xd8, 0x6, 0xf7, 0x3, 0xbc,
    0xc0, 0xcf, 0x38, 0x73, 0xce, 0x1c, 0xf1, 0x86,
    0x3c, 0x73, 0x8f, 0xc, 0xc3, 0xc3, 0xf0, 0xf0,
    0x78, 0x3c, 0x1e, 0xf, 0x3, 0x3, 0xc0, 0x0,
    0xf0, 0x0, 0x3c, 0x0, 0xf, 0xff, 0xff,

    /* U+234D "⍍" */
    0xff, 0xff, 0xf0, 0x0, 0x3c, 0x0, 0xf, 0x0,
    0x3, 0xc1, 0xe0, 0xf0, 0x78, 0x3c, 0x1e, 0xf,
    0xf, 0xc3, 0xc3, 0x30, 0xf0, 0xcc, 0x3c, 0x33,
    0xf, 0x1c, 0xe3, 0xc7, 0x38, 0xf1, 0x86, 0x3c,
    0x61, 0x8f, 0x38, 0x73, 0xce, 0x1c, 0xf3, 0x3,
    0x3d, 0xc0, 0xef, 0x70, 0x3b, 0xdc, 0xe, 0xf6,
    0x1, 0xbf, 0x80, 0x7f, 0xff, 0xff, 0xff, 0xff,
    0xf0, 0x0, 0x3c, 0x0, 0xf, 0xff, 0xff,

    /* U+234E "⍎" */
    0x3, 0x80, 0x7, 0x0, 0xe, 0x0, 0x1c, 0x0,
    0x7c, 0x1, 0xfc, 0x3, 0xf8, 0x5, 0xd0, 0xf,
    0xe0, 0x1f, 0xc0, 0x1f, 0x0, 0x1c, 0x0, 0x38,
    0x0, 0x70, 0x0, 0xe0, 0x1, 0xc0, 0xff, 0xff,
    0xff, 0xfc,

    /* U+234F "⍏" */
    0x3, 0x80, 0xf, 0x80, 0x3f, 0x80, 0xff, 0x81,
    0xbb, 0x0, 0x70, 0x0, 0xe0, 0x1, 0xc0, 0x3,
    0x80, 0x7, 0x0, 0xe, 0x7, 0xff, 0xff, 0xff,
    0xe0, 0x70, 0x0, 0xe0, 0x1, 0xc0, 0x3, 0x80,
    0x7, 0x0, 0xe, 0x0, 0x1c, 0x0, 0x38, 0x0,
    0x70, 0x0,

    /* U+2350 "⍐" */
    0xff, 0xff, 0xf0, 0x30, 0x3c, 0x1e, 0xf, 0xf,
    0xc3, 0xc7, 0xf8, 0xf1, 0xb6, 0x3c, 0xc, 0x8f,
    0x3, 0x3, 0xc0, 0xc0, 0xf0, 0x30, 0x3c, 0xc,
    0xf, 0x3, 0x3, 0xc0, 0xc0, 0xf0, 0x30, 0x3c,
    0xc, 0xf, 0x3, 0x3, 0xc0, 0xc0, 0xf0, 0x30,
    0x3c, 0xc, 0xf, 0x3, 0x3, 0xc0, 0xc0, 0xf0,
    0x30, 0x3c, 0xc, 0xf, 0x3, 0x3, 0xc0, 0xc0,
    0xf0, 0x30, 0x3c, 0xc, 0xf, 0xff, 0xff,

    /* U+2351 "⍑" */
    0xff, 0xff, 0xff, 0xfc, 0x0, 0x7, 0xff, 0xff,
    0xff, 0xe0, 0x70, 0x0, 0xe0, 0x1, 0xc0, 0x3,
    0x80, 0x7, 0x0, 0xe, 0x0, 0x1c, 0x0, 0x38,
    0x0, 0x70, 0x0, 0xe0, 0x1, 0xc0, 0x3, 0x80,
    0x7, 0x0, 0xe, 0x0, 0x1c, 0x0, 0x38, 0x0,

    /* U+2352 "⍒" */
    0x1, 0x80, 0x1, 0x80, 0x1, 0x80, 0x1, 0x80,
    0x1, 0x80, 0xff, 0xff, 0xff, 0xff, 0xff, 0xff,
    0x71, 0x8e, 0x71, 0x8e, 0x71, 0x8e, 0x31, 0x9c,
    0x39, 0x9c, 0x39, 0x9c, 0x19, 0x9c, 0x1d, 0xb8,
    0x1d, 0xb8, 0x1d, 0xb8, 0xd, 0xb0, 0xf, 0xf0,
    0xf, 0xf0, 0x7, 0xe0, 0x7, 0xe0, 0x7, 0xe0,
    0x3, 0xc0, 0x3, 0xc0, 0x3, 0xc0, 0x1, 0x80,
    0x1, 0x80, 0x1, 0x80, 0x1, 0x80, 0x1, 0x80,

    /* U+2353 "⍓" */
    0xff, 0xff, 0xf0, 0x0, 0x3c, 0x0, 0xf, 0x0,
    0x3, 0xc0, 0xc0, 0xf0, 0x78, 0x3c, 0x1e, 0xf,
    0xf, 0xc3, 0xc3, 0x30, 0xf1, 0xce, 0x3c, 0x61,
    0x8f, 0x38, 0x73, 0xce, 0x1c, 0xf3, 0x3, 0x3d,
    0xc0, 0xef, 0x60, 0x1b, 0xf8, 0x7, 0xfc, 0x0,
    0xff, 0x0, 0x3f, 0xc0, 0x7, 0xe0, 0x1, 0xf8,
    0x0, 0x7c, 0x0, 0xf, 0x0, 0x3, 0xc0, 0x0,
    0xf0, 0x0, 0x3c, 0x0, 0xf, 0xff, 0xff,

    /* U+2354 "⍔" */
    0xff, 0xff, 0xf0, 0x0, 0x3c, 0x0, 0xf, 0xff,
    0xff, 0xff, 0xff, 0xfe, 0x1, 0xfd, 0x80, 0x6f,
    0x70, 0x3b, 0xdc, 0xe, 0xf7, 0x3, 0xbc, 0xc0,
    0xcf, 0x38, 0x73, 0xce, 0x1c, 0xf1, 0x86, 0x3c,
    0x61, 0x8f, 0x18, 0xe3, 0xc7, 0x38, 0xf0, 0xcc,
    0x3c, 0x33, 0xf, 0xc, 0xc3, 0xc3, 0xf0, 0xf0,
    0x78, 0x3c, 0x1e, 0xf, 0x7, 0x83, 0xc0, 0x0,
    0xf0, 0x0, 0x3c, 0x0, 0xf, 0xff, 0xff,

    /* U+2355 "⍕" */
    0xff, 0xff, 0xff, 0xfc, 0xe, 0x0, 0x1c, 0x0,
    0x7c, 0x1, 0xfc, 0x3, 0xf8, 0x5, 0xd0, 0xf,
    0xe0, 0x1f, 0xc0, 0x1f, 0x0, 0x1c, 0x0, 0x38,
    0x0, 0x70, 0x0, 0xe0, 0x1, 0xc0, 0x3, 0x80,
    0x7, 0x0,

    /* U+2356 "⍖" */
    0x3, 0x80, 0x7, 0x0, 0xe, 0x0, 0x1c, 0x0,
    0x38, 0x0, 0x70, 0x0, 0xe0, 0x1, 0xc0, 0x3,
    0x80, 0x7, 0x0, 0xe, 0x7, 0xff, 0xff, 0xff,
    0xe0, 0x70, 0x0, 0xe0, 0x1, 0xc0, 0x3, 0x80,
    0x37, 0x60, 0x7f, 0xc0, 0x7f, 0x0, 0x7c, 0x0,
    0x70, 0x0,

    /* U+2357 "⍗" */
    0xff, 0xff, 0xf0, 0x30, 0x3c, 0xc, 0xf, 0x3,
    0x3, 0xc0, 0xc0, 0xf0, 0x30, 0x3c, 0xc, 0xf,
    0x3, 0x3, 0xc0, 0xc0, 0xf0, 0x30, 0x3c, 0xc,
    0xf, 0x3, 0x3, 0xc0, 0xc0, 0xf0, 0x30, 0x3c,
    0xc, 0xf, 0x3, 0x3, 0xc0, 0xc0, 0xf0, 0x30,
    0x3c, 0xc, 0xf, 0x3, 0x3, 0xc0, 0xc0, 0xf1,
    0x30, 0x3c, 0x6d, 0x8f, 0x1f, 0xe3, 0xc3, 0xf0,
    0xf0, 0x78, 0x3c, 0xc, 0xf, 0xff, 0xff,

    /* U+2358 "⍘" */
    0xe, 0x1, 0xc0, 0x38, 0x7, 0x0, 0xe0, 0x1c,
    0x3, 0x80, 0x70, 0x0, 0x0, 0x0, 0x0, 0x0,
    0x0, 0x0, 0x0, 0x0, 0x0, 0x0, 0x0, 0x0,
    0x0, 0x0, 0x0, 0x0, 0x0, 0x0, 0x0, 0x0,
    0x0, 0xff, 0xe0,

    /* U+2359 "⍙" */
    0x1, 0xe0, 0x0, 0x78, 0x0, 0x3f, 0x0, 0xf,
    0xc0, 0x3, 0x30, 0x1, 0xce, 0x0, 0x73, 0x80,
    0x1c, 0xe0, 0xe, 0x1c, 0x3, 0x87, 0x0, 0xe1,
    0xc0, 0x70, 0x38, 0x1c, 0xe, 0x7, 0x3, 0x81,
    0xc0, 0xe0, 0xe0, 0x1c, 0x38, 0x7, 0xe, 0x1,
    0xc7, 0x0, 0x39, 0xff, 0xfe, 0x7f, 0xff, 0x80,
    0x0, 0x0, 0x0, 0x3, 0xff, 0xff,

    /* U+235A "⍚" */
    0x0, 0x0, 0x0, 0x30, 0x0, 0x1e, 0x0, 0xc,
    0xe0, 0x6, 0x1c, 0x3, 0x3, 0x81, 0x80, 0x70,
    0xc0, 0xe, 0x60, 0x1, 0xd8, 0x0, 0x63, 0x0,
    0x30, 0x60, 0x18, 0xc, 0xc, 0x1, 0x86, 0x0,
    0x33, 0x0, 0x7, 0x80, 0x0, 0xc0, 0x0, 0x0,
    0x0, 0x0, 0x0, 0x0, 0x0, 0x0, 0x0, 0x3f,
    0xff, 0xf0,

    /* U+235B "⍛" */
    0xe, 0x7, 0xf0, 0xc6, 0x30, 0x66, 0xc, 0x63,
    0xf, 0xe0, 0xf8, 0x0, 0x0, 0x0, 0x0, 0x0,
    0x0, 0x0, 0x0, 0x0, 0x0, 0x0, 0x0, 0x1f,
    0xfc,

    /* U+235C "⍜" */
    0x3, 0xf0, 0x3, 0xff, 0x1, 0xc1, 0xe0, 0xe0,
    0x1c, 0x60, 0x1, 0x98, 0x0, 0x6c, 0x0, 0xf,
    0x0, 0x3, 0xc0, 0x0, 0xf0, 0x0, 0x3c, 0x0,
    0xf, 0x0, 0x3, 0x60, 0x1, 0x98, 0x0, 0x63,
    0x80, 0x70, 0x78, 0x78, 0xf, 0xfc, 0x0, 0xfc,
    0x0, 0x0, 0x0, 0x0, 0x0, 0x0, 0x0, 0x0,
    0x0, 0xf, 0xff, 0xfc,

    /* U+235D "⍝" */
    0xf, 0xc0, 0xff, 0xc7, 0x87, 0x9c, 0x6, 0xe0,
    0x1b, 0x9e, 0x7e, 0xfd, 0xff, 0x3f, 0xf8, 0x7f,
    0xe1, 0xff, 0xcf, 0xfb, 0xf7, 0xe7, 0x9f, 0x80,
    0x7e, 0x1, 0xf8, 0x7, 0xe0, 0x1f, 0x80, 0x7e,
    0x1, 0xf8, 0x7,

    /* U+235E "⍞" */
    0xff, 0xff, 0xf0, 0x0, 0x3c, 0x0, 0xf, 0x3,
    0x83, 0xc0, 0xe0, 0xf0, 0x38, 0x3c, 0xe, 0xf,
    0x3, 0x83, 0xc0, 0xe0, 0xf0, 0x38, 0x3c, 0xe,
    0xf, 0x0, 0x3, 0xc0, 0x0, 0xf0, 0x0, 0x3c,
    0x0, 0xf, 0x0, 0x3, 0xc0, 0x0, 0xf0, 0x0,
    0x3c, 0x0, 0xf, 0x0, 0x3, 0xc0, 0x0, 0xf0,
    0x0, 0x3c, 0x0, 0xf, 0x0, 0x3, 0xc0, 0x0,
    0xf0, 0x0, 0x3c, 0x0, 0xf, 0xff, 0xff,

    /* U+235F "⍟" */
    0x1, 0xf0, 0x1, 0xff, 0x80, 0x78, 0x3c, 0x1c,
    0x1, 0xc7, 0x4, 0x1c, 0xc0, 0x81, 0xb8, 0x10,
    0x3e, 0x7, 0x3, 0xc7, 0xfc, 0x78, 0x7f, 0xf,
    0x7, 0xc1, 0xe0, 0xf8, 0x3e, 0x1b, 0xe, 0xc4,
    0x11, 0x9c, 0x0, 0x71, 0xc0, 0x1c, 0x1e, 0xf,
    0x1, 0xff, 0xc0, 0x7, 0xc0, 0x0,

    /* U+2360 "⍠" */
    0xff, 0xff, 0xf0, 0x0, 0x3c, 0x0, 0xf, 0x0,
    0x3, 0xc0, 0x0, 0xf0, 0x0, 0x3c, 0x0, 0xf,
    0x0, 0x3, 0xc0, 0x0, 0xf0, 0x0, 0x3c, 0x1e,
    0xf, 0x7, 0x83, 0xc1, 0xe0, 0xf0, 0x78, 0x3c,
    0x0, 0xf, 0x0, 0x3, 0xc0, 0x0, 0xf0, 0x0,
    0x3c, 0x0, 0xf, 0x0, 0x3, 0xc0, 0x0, 0xf0,
    0x78, 0x3c, 0x1e, 0xf, 0x7, 0x83, 0xc1, 0xe0,
    0xf0, 0x0, 0x3c, 0x0, 0xf, 0xff, 0xff,

    /* U+2361 "⍡" */
    0x1c, 0x70, 0x38, 0xe0, 0x71, 0xc0, 0x0, 0x0,
    0x0, 0x0, 0x0, 0x3f, 0xff, 0xff, 0xff, 0x3,
    0x80, 0x7, 0x0, 0xe, 0x0, 0x1c, 0x0, 0x38,
    0x0, 0x70, 0x0, 0xe0, 0x1, 0xc0, 0x3, 0x80,
    0x7, 0x0, 0xe, 0x0, 0x1c, 0x0, 0x38, 0x0,
    0x70, 0x0, 0xe0, 0x1, 0xc0,

    /* U+2362 "⍢" */
    0x7, 0x1c, 0x0, 0xe3, 0x80, 0x1c, 0x70, 0x0,
    0x0, 0x7, 0xff, 0xfe, 0xff, 0xff, 0x9c, 0x0,
    0x71, 0x80, 0xc, 0x38, 0x3, 0x87, 0x0, 0x70,
    0x70, 0x1c, 0xe, 0x3, 0x81, 0xc0, 0x70, 0x1c,
    0x1c, 0x3, 0x83, 0x80, 0x30, 0x60, 0x7, 0x1c,
    0x0, 0xe3, 0x80, 0xe, 0x60, 0x1, 0xdc, 0x0,
    0x3b, 0x80, 0x3, 0xe0, 0x0, 0x7c, 0x0, 0x7,
    0x0,

    /* U+2363 "⍣" */
    0x71, 0xce, 0x39, 0xc7, 0x2, 0x0, 0x40, 0x8,
    0x3, 0x83, 0xfe, 0x3f, 0x83, 0xe0, 0x7c, 0x8,
    0x82, 0x8,

    /* U+2364 "⍤" */
    0xe3, 0xf1, 0xf8, 0xe0, 0x0, 0x0, 0xe1, 0xfc,
    0xc6, 0xc1, 0xe0, 0xd8, 0xcf, 0xe3, 0xe0,

    /* U+2365 "⍥" */
    0x7, 0x38, 0x1, 0xce, 0x0, 0x73, 0x80, 0x0,
    0x0, 0x0, 0x0, 0x0, 0xfc, 0x0, 0xff, 0xc0,
    0x78, 0x78, 0x38, 0x7, 0x1c, 0x0, 0xe6, 0x0,
    0x1b, 0x0, 0x3, 0xc0, 0x0, 0xf0, 0x0, 0x3c,
    0x0, 0xf, 0x0, 0x3, 0xc0, 0x0, 0xd8, 0x0,
    0x67, 0x0, 0x38, 0xe0, 0x1c, 0x1e, 0x1e, 0x3,
    0xff, 0x0, 0x3f, 0x0,

    /* U+2366 "⍦" */
    0x3, 0x0, 0xc, 0x0, 0x30, 0x0, 0xc0, 0x3,
    0x0, 0xc, 0x0, 0x30, 0x0, 0xc0, 0x3, 0x0,
    0xc, 0xe, 0x31, 0xf8, 0xc7, 0xe3, 0x1f, 0x8c,
    0x7e, 0x31, 0xf8, 0xc7, 0xe3, 0x1f, 0x8c, 0x7e,
    0x31, 0xf8, 0xc7, 0xe3, 0x1f, 0x8c, 0x7e, 0x31,
    0xdc, 0xce, 0x7f, 0xf8, 0xff, 0xc0, 0xfc, 0x0,
    0xc0, 0x3, 0x0, 0xc, 0x0, 0x30, 0x0, 0xc0,

    /* U+2367 "⍧" */
    0x1, 0x80, 0x1, 0x80, 0x1, 0x80, 0x1, 0x80,
    0x1, 0x80, 0x1, 0x80, 0x1, 0x80, 0x1, 0x80,
    0x1, 0x80, 0x1, 0x80, 0x1, 0x80, 0xf, 0xff,
    0x3f, 0xff, 0x71, 0x80, 0x61, 0x80, 0xe1, 0x80,
    0xc1, 0x80, 0xc1, 0x80, 0xc1, 0x80, 0xe1, 0x80,
    0x61, 0x80, 0x71, 0x80, 0x3f, 0xff, 0x1f, 0xff,
    0x1, 0xff, 0x1, 0x80, 0x1, 0x80, 0x1, 0x80,
    0x1, 0x80, 0x1, 0x80, 0x1, 0x80, 0x1, 0x80,

    /* U+2368 "⍨" */
    0x1c, 0x70, 0x38, 0xe0, 0x71, 0xc0, 0x0, 0x0,
    0x0, 0x0, 0x0, 0x0, 0x0, 0x0, 0x0, 0x0,
    0x0, 0x7c, 0x7, 0xfe, 0x1f, 0xff, 0xf8, 0xf,
    0x80,

    /* U+2369 "⍩" */
    0x1c, 0x70, 0x38, 0xe0, 0x71, 0xc4, 0x0, 0xe,
    0x0, 0x1f, 0x80, 0xf, 0xc0, 0x7, 0xf0, 0x1,
    0xfc, 0x0, 0x7c, 0x0, 0x38, 0x3, 0xf0, 0x1f,
    0x81, 0xfc, 0x1f, 0xc0, 0x7e, 0x0, 0xe0, 0x0,
    0x0, 0x0,

    /* U+236A "⍪" */
    0xff, 0xff, 0xff, 0xfc, 0x0, 0x0, 0x0, 0x0,
    0x0, 0x0, 0x0, 0x0, 0xe0, 0x1, 0xc0, 0x3,
    0x80, 0x7, 0x0, 0x1e, 0x0, 0x38, 0x0, 0x60,
    0x0, 0xc0, 0x0,

    /* U+236B "⍫" */
    0xff, 0xff, 0xbf, 0xff, 0x9c, 0x1, 0xce, 0x0,
    0xe3, 0x80, 0xe1, 0xc0, 0x70, 0xe0, 0x38, 0x30,
    0x18, 0x1e, 0x1c, 0x1f, 0xcf, 0x9f, 0xff, 0xc9,
    0xdf, 0xc0, 0xe3, 0x80, 0x71, 0xc0, 0x18, 0xc0,
    0xe, 0xe0, 0x7, 0x70, 0x1, 0xb0, 0x0, 0xd8,
    0x0, 0x7c, 0x0, 0x3e, 0x0,

    /* U+236C "⍬" */
    0x7, 0xe0, 0xf, 0xf0, 0x1c, 0x38, 0x38, 0x1c,
    0x38, 0x1c, 0x30, 0x1e, 0x70, 0xe, 0x70, 0xe,
    0x70, 0xe, 0x7e, 0xf, 0x7f, 0x8f, 0xff, 0xff,
    0xf0, 0x7e, 0x70, 0xe, 0x70, 0xe, 0x70, 0xe,
    0x78, 0xe, 0x38, 0x1c, 0x38, 0x1c, 0x1c, 0x38,
    0xf, 0xf0, 0x7, 0xe0,

    /* U+236D "⍭" */
    0x1, 0x80, 0x1, 0x80, 0x1, 0x80, 0x1, 0x80,
    0x1, 0x80, 0x1, 0x80, 0x1, 0x80, 0x1, 0x80,
    0x1, 0x80, 0x1, 0x80, 0x1, 0x80, 0x1, 0x80,
    0x1, 0x80, 0x1, 0x80, 0x3f, 0x81, 0xff, 0xcf,
    0xf3, 0xff, 0x81, 0xfc, 0x1, 0x80, 0x1, 0x80,
    0x1, 0x80, 0x1, 0x80, 0x1, 0x80, 0x1, 0x80,
    0x1, 0x80, 0x1, 0x80, 0x1, 0x80, 0x1, 0x80,
    0x1, 0x80, 0x1, 0x80, 0x1, 0x80, 0x1, 0x80,

    /* U+236E "⍮" */
    0xe, 0x1, 0xc0, 0x38, 0x7, 0x0, 0x0, 0x0,
    0x0, 0x0, 0x0, 0x0, 0x0, 0x0, 0x0, 0x7,
    0x80, 0xf0, 0x1e, 0x3, 0x80, 0xf0, 0x1c, 0x1f,
    0xfc, 0xe0, 0x0,

    /* U+236F "⍯" */
    0xff, 0xff, 0xf0, 0x0, 0x3c, 0x0, 0xf, 0x0,
    0x3, 0xc0, 0x0, 0xf0, 0x0, 0x3c, 0x0, 0xf,
    0x0, 0x13, 0xc0, 0xc, 0xf0, 0x3, 0x3c, 0x1,
    0x8f, 0x0, 0x63, 0xdf, 0xfe, 0xf7, 0xff, 0xbc,
    0x6, 0xf, 0x3, 0x3, 0xc0, 0xc0, 0xf0, 0x60,
    0x3d, 0xff, 0xef, 0x7f, 0xfb, 0xc6, 0x0, 0xf3,
    0x80, 0x3c, 0xc0, 0xf, 0x30, 0x3, 0xc8, 0x0,
    0xf0, 0x0, 0x3c, 0x0, 0xf, 0xff, 0xff,

    /* U+2370 "⍰" */
    0xff, 0xff, 0xf0, 0x0, 0x3c, 0x0, 0xf, 0xf,
    0xc3, 0xdf, 0xfc, 0xf7, 0x7, 0x3d, 0x0, 0xef,
    0x0, 0x3b, 0xc0, 0xe, 0xf0, 0x3, 0xbc, 0x1,
    0xcf, 0x0, 0xe3, 0xc0, 0x78, 0xf0, 0x3c, 0x3c,
    0x1e, 0xf, 0x7, 0x3, 0xc1, 0xc0, 0xf0, 0x70,
    0x3c, 0x1c, 0xf, 0x0, 0x3, 0xc0, 0x0, 0xf0,
    0x0, 0x3c, 0x1c, 0xf, 0x7, 0x3, 0xc1, 0xc0,
    0xf0, 0x0, 0x3c, 0x0, 0xf, 0xff, 0xff,

    /* U+2371 "⍱" */
    0x70, 0x1c, 0xe0, 0x38, 0xc0, 0x61, 0xc1, 0xc3,
    0x83, 0x83, 0x6, 0xf, 0x9c, 0xff, 0xff, 0xff,
    0xff, 0x19, 0xf0, 0x3b, 0x80, 0x77, 0x0, 0x6c,
    0x0, 0xd8, 0x1, 0xf0, 0x3, 0xe0, 0x3, 0x80,

    /* U+2372 "⍲" */
    0x3, 0x80, 0xf, 0x80, 0x1f, 0x0, 0x3e, 0x0,
    0x6c, 0x1, 0xdc, 0x7, 0xb8, 0x3f, 0xf3, 0xff,
    0xff, 0x39, 0xf8, 0x71, 0xc0, 0xc1, 0x83, 0x83,
    0x87, 0x7, 0xe, 0xe, 0x38, 0xc, 0x70, 0x1c,

    /* U+2373 "⍳" */
    0xfc, 0x3f, 0x1, 0xc0, 0x70, 0x1c, 0x7, 0x1,
    0xc0, 0x70, 0x1c, 0x7, 0x1, 0xc0, 0x70, 0x1c,
    0x3, 0x80, 0xfc, 0xf,

    /* U+2374 "⍴" */
    0xf, 0xc0, 0xff, 0x87, 0x87, 0x1c, 0xe, 0xf0,
    0x3b, 0x80, 0x7e, 0x1, 0xf8, 0x7, 0xe0, 0x1f,
    0x80, 0x7e, 0x1, 0xf8, 0x7, 0xf0, 0x3b, 0xc0,
    0xef, 0x87, 0x3b, 0xfc, 0xe7, 0xc3, 0x80, 0xe,
    0x0, 0x38, 0x0, 0xe0, 0x3, 0x80, 0xe, 0x0,
    0x0,

    /* U+2375 "⍵" */
    0x38, 0x1c, 0x70, 0xc, 0x70, 0xe, 0x70, 0xe,
    0xe0, 0x7, 0xe0, 0x7, 0xe0, 0x7, 0xe1, 0x87,
    0xe1, 0x87, 0xe1, 0x87, 0xe1, 0x87, 0xe1, 0x87,
    0xe1, 0x87, 0xe1, 0x87, 0x73, 0xce, 0x7f, 0xfe,
    0x3c, 0x78,

    /* U+2376 "⍶" */
    0x7, 0xc0, 0x3, 0xf8, 0xc1, 0xc7, 0x70, 0xe0,
    0xdc, 0x78, 0x3e, 0x1c, 0xf, 0x87, 0x1, 0xe1,
    0xc0, 0x70, 0x70, 0x1c, 0x1c, 0x7, 0x7, 0x1,
    0xc1, 0xc0, 0xf0, 0x70, 0x3c, 0xe, 0x1f, 0x83,
    0xc7, 0xf0, 0x7f, 0x9e, 0x7, 0xc3, 0x80, 0x0,
    0x0, 0x0, 0x3, 0xff, 0xff,

    /* U+2377 "⍷" */
    0x7, 0xf8, 0x7f, 0xe3, 0xc0, 0x9e, 0x0, 0x70,
    0x3, 0xc0, 0xe, 0x0, 0x38, 0x0, 0xff, 0xfb,
    0xff, 0xee, 0x0, 0x38, 0x0, 0x70, 0x1, 0xe0,
    0x3, 0xc0, 0x7, 0xfe, 0x3, 0xf8, 0x0, 0x0,
    0x0, 0x3f, 0xff,

    /* U+2378 "⍸" */
    0x7e, 0xf, 0xc0, 0x38, 0x7, 0x0, 0xe0, 0x1c,
    0x3, 0x80, 0x70, 0xe, 0x1, 0xc0, 0x38, 0x7,
    0x0, 0xe0, 0xe, 0x1, 0xf8, 0xf, 0x0, 0x0,
    0x3, 0xff, 0x80,

    /* U+2379 "⍹" */
    0x1c, 0xe, 0xe, 0x1, 0xc3, 0x80, 0x70, 0xe0,
    0x1c, 0x70, 0x3, 0x9c, 0x0, 0xe7, 0x0, 0x39,
    0xc3, 0xe, 0x70, 0xc3, 0x9c, 0x30, 0xe7, 0xc,
    0x39, 0xc3, 0xe, 0x70, 0xc3, 0x9c, 0x78, 0xe3,
    0x9e, 0x70, 0xff, 0xfc, 0x1e, 0x3e, 0x0, 0x0,
    0x0, 0x0, 0x3, 0xff, 0xff,

    /* U+237A "⍺" */
    0xf, 0x80, 0x1f, 0xc6, 0x38, 0xe6, 0x70, 0x7e,
    0x70, 0x7c, 0xe0, 0x3c, 0xe0, 0x3c, 0xe0, 0x38,
    0xe0, 0x38, 0xe0, 0x38, 0xe0, 0x38, 0xe0, 0x38,
    0x70, 0x78, 0x70, 0x7c, 0x38, 0xfe, 0x3f, 0xcf,
    0xf, 0x83,

    /* U+237D "⍽" */
    0xf8, 0xf, 0xfc, 0x7, 0xc6, 0x3, 0x3, 0x1,
    0x81, 0x80, 0xc0, 0xc0, 0x60, 0x60, 0x30, 0x3f,
    0xf8, 0x1f, 0xfc, 0x0,

    /* U+2380 "⎀" */
    0x7, 0xc0, 0x4, 0x60, 0x0, 0x30, 0x0, 0x30,
    0x7, 0xf0, 0xe, 0x30, 0xc, 0x30, 0xc, 0x30,
    0xcc, 0x73, 0xe7, 0xb7, 0x70, 0xe, 0x38, 0x1c,
    0x1c, 0x38, 0xe, 0x70, 0x7, 0xe0, 0x3, 0xc0,
    0x1, 0x80,

    /* U+2381 "⎁" */
    0x3e, 0x0, 0x8, 0xc0, 0x0, 0x10, 0x0, 0x6,
    0x0, 0x3f, 0x80, 0x18, 0x60, 0x4, 0x18, 0x1,
    0x6, 0x0, 0x63, 0xb5, 0x8f, 0x6d, 0x60, 0x0,
    0x3, 0xff, 0xff,

    /* U+2382 "⎂" */
    0x7e, 0x3e, 0x18, 0xc8, 0xc0, 0x10, 0x18, 0x4,
    0x6, 0x3f, 0x3f, 0x98, 0x5c, 0x64, 0x16, 0x19,
    0xd, 0x86, 0x63, 0x63, 0x8f, 0x4f, 0x60, 0x0,
    0x3, 0xfd, 0xff,

    /* U+2383 "⎃" */
    0xc0, 0x0, 0xfc, 0xf8, 0xf3, 0x21, 0x30, 0x0,
    0x60, 0x0, 0x18, 0x3c, 0xfe, 0xf0, 0x61, 0x80,
    0x18, 0x60, 0x16, 0x1a, 0x1d, 0x8e, 0xee, 0x3d,
    0x9e, 0x0, 0x1,

    /* U+2388 "⎈" */
    0x1, 0x0, 0x2, 0x0, 0x4, 0x0, 0x3e, 0xd,
    0xff, 0x6f, 0x27, 0x8f, 0x4e, 0x17, 0xf4, 0x23,
    0x88, 0x5f, 0xd0, 0xe5, 0xe3, 0xc9, 0xed, 0xff,
    0x60, 0xf8, 0x0, 0x40, 0x0, 0x80, 0x1, 0x0,

    /* U+2389 "⎉" */
    0x7, 0xe0, 0x1c, 0x38, 0x30, 0xc, 0x60, 0x6,
    0x40, 0x2, 0xc0, 0x3, 0xc0, 0x3, 0xf8, 0x1f,
    0xcc, 0x33, 0xc6, 0x63, 0x46, 0x62, 0x63, 0xc6,
    0x33, 0xcc, 0x1f, 0xb8, 0xf, 0xf0,

    /* U+238A "⎊" */
    0x7, 0xe0, 0x1c, 0x38, 0x30, 0xc, 0x70, 0xe,
    0x7f, 0xfe, 0xff, 0xff, 0xd8, 0x1b, 0xc8, 0x13,
    0xcc, 0x33, 0xc4, 0x23, 0xc6, 0x63, 0x62, 0x46,
    0x73, 0xce, 0x39, 0x9c, 0x1f, 0xf8, 0x7, 0xe0,

    /* U+238B "⎋" */
    0x0, 0xe0, 0x7e, 0x38, 0x64, 0xc, 0x28, 0x6,
    0x3c, 0x6, 0x36, 0x3, 0x23, 0x3, 0xc1, 0x83,
    0xc0, 0xc3, 0xc0, 0x63, 0x60, 0x36, 0x60, 0x16,
    0x30, 0xc, 0x1c, 0x38, 0x7, 0xe0,

    /* U+2395 "⎕" */
    0xff, 0xff, 0xf0, 0x0, 0x3c, 0x0, 0xf, 0x0,
    0x3, 0xc0, 0x0, 0xf0, 0x0, 0x3c, 0x0, 0xf,
    0x0, 0x3, 0xc0, 0x0, 0xf0, 0x0, 0x3c, 0x0,
    0xf, 0x0, 0x3, 0xc0, 0x0, 0xf0, 0x0, 0x3c,
    0x0, 0xf, 0x0, 0x3, 0xc0, 0x0, 0xf0, 0x0,
    0x3c, 0x0, 0xf, 0x0, 0x3, 0xc0, 0x0, 0xf0,
    0x0, 0x3c, 0x0, 0xf, 0x0, 0x3, 0xc0, 0x0,
    0xf0, 0x0, 0x3c, 0x0, 0xf, 0xff, 0xff,

    /* U+239B "⎛" */
    0x1, 0xc0, 0x60, 0x38, 0xc, 0x7, 0x1, 0x80,
    0xe0, 0x38, 0xc, 0x7, 0x1, 0xc0, 0xe0, 0x38,
    0xe, 0x3, 0x81, 0xc0, 0x70, 0x1c, 0x7, 0x1,
    0xc0, 0x70, 0x38, 0xe, 0x3, 0x80, 0xe0, 0x38,
    0xe, 0x3, 0x80, 0xe0, 0x38, 0xe, 0x3, 0x80,
    0xe0, 0x38, 0xe, 0x3, 0x80,

    /* U+239C "⎜" */
    0xff, 0xff, 0xff, 0xff, 0xff, 0xff, 0xff, 0xff,
    0xff, 0xff, 0xff, 0xff, 0xff, 0xf0,

    /* U+239D "⎝" */
    0xe0, 0x38, 0xe, 0x3, 0x80, 0xe0, 0x38, 0xe,
    0x3, 0x80, 0xe0, 0x38, 0xe, 0x3, 0x80, 0xe0,
    0x18, 0x6, 0x1, 0xc0, 0x70, 0x1c, 0x7, 0x1,
    0xc0, 0x30, 0xe, 0x3, 0x80, 0xe0, 0x1c, 0x7,
    0x1, 0xc0, 0x38, 0xe, 0x1, 0x80, 0x70, 0xc,
    0x3, 0x80, 0x60, 0x1c,

    /* U+239E "⎞" */
    0xe0, 0x18, 0x7, 0x0, 0xc0, 0x38, 0x6, 0x1,
    0xc0, 0x70, 0xc, 0x3, 0x80, 0xe0, 0x1c, 0x7,
    0x1, 0xc0, 0x70, 0xe, 0x3, 0x80, 0xe0, 0x38,
    0xe, 0x3, 0x80, 0xe0, 0x1c, 0x7, 0x1, 0xc0,
    0x70, 0x1c, 0x7, 0x1, 0xc0, 0x70, 0x1c, 0x7,
    0x1, 0xc0, 0x70, 0x1c, 0x7,

    /* U+239F "⎟" */
    0xff, 0xff, 0xff, 0xff, 0xff, 0xff, 0xff, 0xff,
    0xff, 0xff, 0xff, 0xff, 0xff, 0xf0,

    /* U+23A0 "⎠" */
    0x1, 0xc0, 0x70, 0x1c, 0x7, 0x1, 0xc0, 0x70,
    0x1c, 0x7, 0x1, 0xc0, 0x70, 0x1c, 0x7, 0x1,
    0xc0, 0x60, 0x38, 0xe, 0x3, 0x80, 0xe0, 0x38,
    0xe, 0x3, 0x1, 0xc0, 0x70, 0x1c, 0xe, 0x3,
    0x80, 0xe0, 0x70, 0x1c, 0x6, 0x3, 0x80, 0xc0,
    0x70, 0x18, 0xe, 0x0,

    /* U+23A1 "⎡" */
    0xff, 0xff, 0xff, 0xff, 0x80, 0xe0, 0x38, 0xe,
    0x3, 0x80, 0xe0, 0x38, 0xe, 0x3, 0x80, 0xe0,
    0x38, 0xe, 0x3, 0x80, 0xe0, 0x38, 0xe, 0x3,
    0x80, 0xe0, 0x38, 0xe, 0x3, 0x80, 0xe0, 0x38,
    0xe, 0x3, 0x80, 0xe0, 0x38, 0xe, 0x3, 0x80,
    0xe0, 0x38, 0xe, 0x3, 0x80,

    /* U+23A2 "⎢" */
    0xff, 0xff, 0xff, 0xff, 0xff, 0xff, 0xff, 0xff,
    0xff, 0xff, 0xff, 0xff, 0xff, 0xf0,

    /* U+23A3 "⎣" */
    0xe0, 0x38, 0xe, 0x3, 0x80, 0xe0, 0x38, 0xe,
    0x3, 0x80, 0xe0, 0x38, 0xe, 0x3, 0x80, 0xe0,
    0x38, 0xe, 0x3, 0x80, 0xe0, 0x38, 0xe, 0x3,
    0x80, 0xe0, 0x38, 0xe, 0x3, 0x80, 0xe0, 0x38,
    0xe, 0x3, 0x80, 0xe0, 0x38, 0xe, 0x3, 0x80,
    0xe0, 0x3f, 0xff, 0xff, 0xff,

    /* U+23A4 "⎤" */
    0xff, 0xff, 0xff, 0xfc, 0x7, 0x1, 0xc0, 0x70,
    0x1c, 0x7, 0x1, 0xc0, 0x70, 0x1c, 0x7, 0x1,
    0xc0, 0x70, 0x1c, 0x7, 0x1, 0xc0, 0x70, 0x1c,
    0x7, 0x1, 0xc0, 0x70, 0x1c, 0x7, 0x1, 0xc0,
    0x70, 0x1c, 0x7, 0x1, 0xc0, 0x70, 0x1c, 0x7,
    0x1, 0xc0, 0x70, 0x1c, 0x7,

    /* U+23A5 "⎥" */
    0xff, 0xff, 0xff, 0xff, 0xff, 0xff, 0xff, 0xff,
    0xff, 0xff, 0xff, 0xff, 0xff, 0x80,

    /* U+23A6 "⎦" */
    0x1, 0xc0, 0x70, 0x1c, 0x7, 0x1, 0xc0, 0x70,
    0x1c, 0x7, 0x1, 0xc0, 0x70, 0x1c, 0x7, 0x1,
    0xc0, 0x70, 0x1c, 0x7, 0x1, 0xc0, 0x70, 0x1c,
    0x7, 0x1, 0xc0, 0x70, 0x1c, 0x7, 0x1, 0xc0,
    0x70, 0x1c, 0x7, 0x1, 0xc0, 0x70, 0x1c, 0x7,
    0xff, 0xff, 0xff, 0xfc,

    /* U+23A7 "⎧" */
    0xf, 0xcf, 0xf7, 0x81, 0xc0, 0xe0, 0x38, 0xe,
    0x3, 0x80, 0xe0, 0x38, 0xe, 0x3, 0x80, 0xe0,
    0x38, 0xe, 0x3, 0x80, 0xe0, 0x38, 0xe, 0x3,
    0x80, 0xe0, 0x38, 0xe, 0x3, 0x80, 0xe0, 0x38,
    0xe, 0x3, 0x80, 0xe0, 0x38, 0xe, 0x3, 0x80,
    0xe0, 0x38, 0xe, 0x0,

    /* U+23A8 "⎨" */
    0x1, 0xc0, 0x70, 0x1c, 0x7, 0x1, 0xc0, 0x70,
    0x1c, 0x7, 0x1, 0xc0, 0x70, 0x1c, 0x7, 0x1,
    0xc0, 0xf0, 0x38, 0x1e, 0x3f, 0xbf, 0xcf, 0xf1,
    0xfe, 0x7, 0x80, 0xe0, 0x3c, 0x7, 0x1, 0xc0,
    0x70, 0x1c, 0x7, 0x1, 0xc0, 0x70, 0x1c, 0x7,
    0x1, 0xc0, 0x70, 0x1c, 0x7,

    /* U+23A9 "⎩" */
    0xe0, 0x38, 0xe, 0x3, 0x80, 0xe0, 0x38, 0xe,
    0x3, 0x80, 0xe0, 0x38, 0xe, 0x3, 0x80, 0xe0,
    0x38, 0xe, 0x3, 0x80, 0xe0, 0x38, 0xe, 0x3,
    0x80, 0xe0, 0x38, 0xe, 0x3, 0x80, 0xe0, 0x38,
    0xe, 0x3, 0x80, 0xe0, 0x38, 0xe, 0x1, 0xc0,
    0x78, 0xf, 0xf0, 0xfc,

    /* U+23AA "⎪" */
    0xff, 0xff, 0xff, 0xff, 0xff, 0xff, 0xff, 0xff,
    0xff, 0xff, 0xff, 0xff, 0xff, 0xf0,

    /* U+23AB "⎫" */
    0xfc, 0x3f, 0xc0, 0x70, 0xe, 0x1, 0xc0, 0x70,
    0x1c, 0x7, 0x1, 0xc0, 0x70, 0x1c, 0x7, 0x1,
    0xc0, 0x70, 0x1c, 0x7, 0x1, 0xc0, 0x70, 0x1c,
    0x7, 0x1, 0xc0, 0x70, 0x1c, 0x7, 0x1, 0xc0,
    0x70, 0x1c, 0x7, 0x1, 0xc0, 0x70, 0x1c, 0x7,
    0x1, 0xc0, 0x70, 0x1c,

    /* U+23AC "⎬" */
    0xe0, 0x38, 0xe, 0x3, 0x80, 0xe0, 0x38, 0xe,
    0x3, 0x80, 0xe0, 0x38, 0xe, 0x3, 0x80, 0xe0,
    0x3c, 0x7, 0x1, 0xe0, 0x7f, 0xf, 0xf3, 0xfd,
    0xfc, 0x78, 0x1c, 0xf, 0x3, 0x80, 0xe0, 0x38,
    0xe, 0x3, 0x80, 0xe0, 0x38, 0xe, 0x3, 0x80,
    0xe0, 0x38, 0xe, 0x3, 0x80,

    /* U+23AD "⎭" */
    0x1, 0xc0, 0x70, 0x1c, 0x7, 0x1, 0xc0, 0x70,
    0x1c, 0x7, 0x1, 0xc0, 0x70, 0x1c, 0x7, 0x1,
    0xc0, 0x70, 0x1c, 0x7, 0x1, 0xc0, 0x70, 0x1c,
    0x7, 0x1, 0xc0, 0x70, 0x1c, 0x7, 0x1, 0xc0,
    0x70, 0x1c, 0x7, 0x1, 0xc0, 0x70, 0x1c, 0xe,
    0x7, 0xbf, 0xcf, 0xc0,

    /* U+23AE "⎮" */
    0xff, 0xff, 0xff, 0xff, 0xff, 0xff, 0xff, 0xff,
    0xff, 0xff, 0xff, 0xff, 0xff, 0xf0,

    /* U+23CE "⏎" */
    0x0, 0x1f, 0x0, 0x11, 0x0, 0x11, 0x0, 0x11,
    0x8, 0x11, 0x18, 0x11, 0x2f, 0xf1, 0x40, 0x1,
    0x80, 0x1, 0x40, 0x1, 0x2f, 0xff, 0x18, 0x0,
    0x8, 0x0, 0x0, 0x0,

    /* U+23CF "⏏" */
    0x0, 0xc0, 0x0, 0x78, 0x0, 0x3f, 0x0, 0x1f,
    0xe0, 0x1f, 0xfe, 0xf, 0xff, 0xc7, 0xff, 0xfb,
    0xff, 0xff, 0x0, 0x0, 0x0, 0x0, 0xf, 0xff,
    0xff, 0xff, 0xff, 0xff, 0xff, 0xff, 0xff, 0xff,
    0xff, 0xff, 0xff, 0xff, 0xff, 0xff, 0xc0,

    /* U+2500 "─" */
    0xff, 0xff, 0xff, 0xff, 0xfc,

    /* U+2501 "━" */
    0xff, 0xff, 0xff, 0xff, 0xff, 0xff, 0xff, 0xff,
    0xff, 0xff, 0xff, 0xfe,

    /* U+2502 "│" */
    0xff, 0xff, 0xff, 0xff, 0xff, 0xff, 0xff, 0xff,
    0xfc,

    /* U+2503 "┃" */
    0xff, 0xff, 0xff, 0xff, 0xff, 0xff, 0xff, 0xff,
    0xff, 0xff, 0xff, 0xff, 0xff, 0xff, 0xff, 0xff,
    0xff, 0xff, 0xff, 0xff, 0xff, 0xfe,

    /* U+2504 "┄" */
    0xf3, 0xcf, 0xf3, 0xcf,

    /* U+2505 "┅" */
    0xf3, 0xcf, 0xf3, 0xcf, 0xf3, 0xcf, 0xf3, 0xcf,
    0xf3, 0xcf,

    /* U+2506 "┆" */
    0xff, 0xff, 0xc3, 0xff, 0xff, 0x3, 0xff, 0xff,

    /* U+2507 "┇" */
    0xff, 0xff, 0xff, 0xff, 0xff, 0xf8, 0x1, 0xff,
    0xff, 0xff, 0xff, 0xff, 0xf0, 0x0, 0x1f, 0xff,
    0xff, 0xff, 0xff, 0xff,

    /* U+2508 "┈" */
    0xe7, 0x33, 0xf3, 0x99, 0xc0,

    /* U+2509 "┉" */
    0xe7, 0x33, 0xf3, 0x99, 0xf9, 0xcc, 0xfc, 0xe6,
    0x7e, 0x73, 0x38,

    /* U+250A "┊" */
    0xff, 0xf0, 0xff, 0xf0, 0x3f, 0xfc, 0xf, 0xff,

    /* U+250B "┋" */
    0xff, 0xff, 0xff, 0xfc, 0x0, 0xff, 0xff, 0xff,
    0xfc, 0x0, 0x7, 0xff, 0xff, 0xff, 0xe0, 0x0,
    0x3f, 0xff, 0xff, 0xff,

    /* U+250C "┌" */
    0xff, 0xff, 0xfc, 0x3, 0x0, 0xc0, 0x30, 0xc,
    0x3, 0x0, 0xc0, 0x30, 0xc, 0x3, 0x0, 0xc0,
    0x30, 0xc, 0x3, 0x0, 0xc0, 0x30, 0xc, 0x0,

    /* U+250D "┍" */
    0xff, 0xff, 0xff, 0xff, 0xff, 0xff, 0xf0, 0xc,
    0x3, 0x0, 0xc0, 0x30, 0xc, 0x3, 0x0, 0xc0,
    0x30, 0xc, 0x3, 0x0, 0xc0, 0x30, 0xc, 0x3,
    0x0,

    /* U+250E "┎" */
    0xff, 0xff, 0xff, 0xf8, 0xf, 0x80, 0xf8, 0xf,
    0x80, 0xf8, 0xf, 0x80, 0xf8, 0xf, 0x80, 0xf8,
    0xf, 0x80, 0xf8, 0xf, 0x80, 0xf8, 0xf, 0x80,
    0xf8, 0xf, 0x80, 0xf8, 0x0,

    /* U+250F "┏" */
    0xff, 0xff, 0xff, 0xff, 0xff, 0xff, 0xff, 0xff,
    0x80, 0xf8, 0xf, 0x80, 0xf8, 0xf, 0x80, 0xf8,
    0xf, 0x80, 0xf8, 0xf, 0x80, 0xf8, 0xf, 0x80,
    0xf8, 0xf, 0x80, 0xf8, 0xf, 0x80,

    /* U+2510 "┐" */
    0xff, 0xff, 0xf0, 0xc, 0x3, 0x0, 0xc0, 0x30,
    0xc, 0x3, 0x0, 0xc0, 0x30, 0xc, 0x3, 0x0,
    0xc0, 0x30, 0xc, 0x3, 0x0, 0xc0, 0x30, 0xc,

    /* U+2511 "┑" */
    0xff, 0xff, 0xff, 0xff, 0xff, 0xff, 0xc0, 0x30,
    0xc, 0x3, 0x0, 0xc0, 0x30, 0xc, 0x3, 0x0,
    0xc0, 0x30, 0xc, 0x3, 0x0, 0xc0, 0x30, 0xc,
    0x3,

    /* U+2512 "┒" */
    0xff, 0xff, 0xff, 0x1, 0xf0, 0x1f, 0x1, 0xf0,
    0x1f, 0x1, 0xf0, 0x1f, 0x1, 0xf0, 0x1f, 0x1,
    0xf0, 0x1f, 0x1, 0xf0, 0x1f, 0x1, 0xf0, 0x1f,
    0x1, 0xf0, 0x1f, 0x1, 0xf0,

    /* U+2513 "┓" */
    0xff, 0xff, 0xff, 0xff, 0xff, 0xff, 0xff, 0xf0,
    0x1f, 0x1, 0xf0, 0x1f, 0x1, 0xf0, 0x1f, 0x1,
    0xf0, 0x1f, 0x1, 0xf0, 0x1f, 0x1, 0xf0, 0x1f,
    0x1, 0xf0, 0x1f, 0x1, 0xf0, 0x1f,

    /* U+2514 "└" */
    0xc0, 0x30, 0xc, 0x3, 0x0, 0xc0, 0x30, 0xc,
    0x3, 0x0, 0xc0, 0x30, 0xc, 0x3, 0x0, 0xc0,
    0x30, 0xc, 0x3, 0x0, 0xc0, 0x3f, 0xff, 0xfc,

    /* U+2515 "┕" */
    0xc0, 0x30, 0xc, 0x3, 0x0, 0xc0, 0x30, 0xc,
    0x3, 0x0, 0xc0, 0x30, 0xc, 0x3, 0x0, 0xc0,
    0x30, 0xc, 0x3, 0xff, 0xff, 0xff, 0xff, 0xff,
    0xff,

    /* U+2516 "┖" */
    0xf8, 0xf, 0x80, 0xf8, 0xf, 0x80, 0xf8, 0xf,
    0x80, 0xf8, 0xf, 0x80, 0xf8, 0xf, 0x80, 0xf8,
    0xf, 0x80, 0xf8, 0xf, 0x80, 0xf8, 0xf, 0x80,
    0xf8, 0xf, 0xff, 0xff, 0xf0,

    /* U+2517 "┗" */
    0xf8, 0xf, 0x80, 0xf8, 0xf, 0x80, 0xf8, 0xf,
    0x80, 0xf8, 0xf, 0x80, 0xf8, 0xf, 0x80, 0xf8,
    0xf, 0x80, 0xf8, 0xf, 0x80, 0xf8, 0xf, 0xff,
    0xff, 0xff, 0xff, 0xff, 0xff, 0xff,

    /* U+2518 "┘" */
    0x0, 0xc0, 0x30, 0xc, 0x3, 0x0, 0xc0, 0x30,
    0xc, 0x3, 0x0, 0xc0, 0x30, 0xc, 0x3, 0x0,
    0xc0, 0x30, 0xc, 0x3, 0x0, 0xff, 0xff, 0xfc,

    /* U+2519 "┙" */
    0x0, 0xc0, 0x30, 0xc, 0x3, 0x0, 0xc0, 0x30,
    0xc, 0x3, 0x0, 0xc0, 0x30, 0xc, 0x3, 0x0,
    0xc0, 0x30, 0xf, 0xff, 0xff, 0xff, 0xff, 0xff,
    0xff,

    /* U+251A "┚" */
    0x1, 0xf0, 0x1f, 0x1, 0xf0, 0x1f, 0x1, 0xf0,
    0x1f, 0x1, 0xf0, 0x1f, 0x1, 0xf0, 0x1f, 0x1,
    0xf0, 0x1f, 0x1, 0xf0, 0x1f, 0x1, 0xf0, 0x1f,
    0x1, 0xff, 0xff, 0xff, 0xf0,

    /* U+251B "┛" */
    0x1, 0xf0, 0x1f, 0x1, 0xf0, 0x1f, 0x1, 0xf0,
    0x1f, 0x1, 0xf0, 0x1f, 0x1, 0xf0, 0x1f, 0x1,
    0xf0, 0x1f, 0x1, 0xf0, 0x1f, 0x1, 0xff, 0xff,
    0xff, 0xff, 0xff, 0xff, 0xff, 0xff,

    /* U+251C "├" */
    0xc0, 0x30, 0xc, 0x3, 0x0, 0xc0, 0x30, 0xc,
    0x3, 0x0, 0xc0, 0x30, 0xc, 0x3, 0x0, 0xc0,
    0x30, 0xc, 0x3, 0x0, 0xff, 0xff, 0xff, 0xff,
    0x0, 0xc0, 0x30, 0xc, 0x3, 0x0, 0xc0, 0x30,
    0xc, 0x3, 0x0, 0xc0, 0x30, 0xc, 0x3, 0x0,
    0xc0, 0x30, 0xc, 0x0,

    /* U+251D "┝" */
    0xc0, 0x30, 0xc, 0x3, 0x0, 0xc0, 0x30, 0xc,
    0x3, 0x0, 0xc0, 0x30, 0xc, 0x3, 0x0, 0xc0,
    0x30, 0xc, 0x3, 0xff, 0xff, 0xff, 0xff, 0xff,
    0xff, 0xc0, 0x30, 0xc, 0x3, 0x0, 0xc0, 0x30,
    0xc, 0x3, 0x0, 0xc0, 0x30, 0xc, 0x3, 0x0,
    0xc0, 0x30, 0xc, 0x0,

    /* U+251E "┞" */
    0xf8, 0xf, 0x80, 0xf8, 0xf, 0x80, 0xf8, 0xf,
    0x80, 0xf8, 0xf, 0x80, 0xf8, 0xf, 0x80, 0xf8,
    0xf, 0x80, 0xf8, 0xf, 0x80, 0xf8, 0xf, 0x80,
    0xff, 0xff, 0xff, 0xff, 0xf7, 0x0, 0x70, 0x7,
    0x0, 0x70, 0x7, 0x0, 0x70, 0x7, 0x0, 0x70,
    0x7, 0x0, 0x70, 0x7, 0x0, 0x70, 0x7, 0x0,
    0x70, 0x7, 0x0, 0x70, 0x7, 0x0,

    /* U+251F "┟" */
    0x70, 0x7, 0x0, 0x70, 0x7, 0x0, 0x70, 0x7,
    0x0, 0x70, 0x7, 0x0, 0x70, 0x7, 0x0, 0x70,
    0x7, 0x0, 0x70, 0x7, 0x0, 0x70, 0x7, 0x0,
    0x70, 0xf, 0xff, 0xff, 0xff, 0xff, 0xf8, 0xf,
    0x80, 0xf8, 0xf, 0x80, 0xf8, 0xf, 0x80, 0xf8,
    0xf, 0x80, 0xf8, 0xf, 0x80, 0xf8, 0xf, 0x80,
    0xf8, 0xf, 0x80, 0xf8, 0xf, 0x80,

    /* U+2520 "┠" */
    0xf8, 0xf, 0x80, 0xf8, 0xf, 0x80, 0xf8, 0xf,
    0x80, 0xf8, 0xf, 0x80, 0xf8, 0xf, 0x80, 0xf8,
    0xf, 0x80, 0xf8, 0xf, 0x80, 0xf8, 0xf, 0x80,
    0xff, 0xff, 0xff, 0xff, 0xff, 0x80, 0xf8, 0xf,
    0x80, 0xf8, 0xf, 0x80, 0xf8, 0xf, 0x80, 0xf8,
    0xf, 0x80, 0xf8, 0xf, 0x80, 0xf8, 0xf, 0x80,
    0xf8, 0xf, 0x80, 0xf8, 0x0,

    /* U+2521 "┡" */
    0xf8, 0xf, 0x80, 0xf8, 0xf, 0x80, 0xf8, 0xf,
    0x80, 0xf8, 0xf, 0x80, 0xf8, 0xf, 0x80, 0xf8,
    0xf, 0x80, 0xf8, 0xf, 0x80, 0xf8, 0xf, 0xff,
    0xff, 0xff, 0xff, 0xff, 0xff, 0xff, 0x70, 0x7,
    0x0, 0x70, 0x7, 0x0, 0x70, 0x7, 0x0, 0x70,
    0x7, 0x0, 0x70, 0x7, 0x0, 0x70, 0x7, 0x0,
    0x70, 0x7, 0x0, 0x70, 0x0,

    /* U+2522 "┢" */
    0x70, 0x7, 0x0, 0x70, 0x7, 0x0, 0x70, 0x7,
    0x0, 0x70, 0x7, 0x0, 0x70, 0x7, 0x0, 0x70,
    0x7, 0x0, 0x70, 0x7, 0x0, 0x70, 0xf, 0xff,
    0xff, 0xff, 0xff, 0xff, 0xff, 0xff, 0xf8, 0xf,
    0x80, 0xf8, 0xf, 0x80, 0xf8, 0xf, 0x80, 0xf8,
    0xf, 0x80, 0xf8, 0xf, 0x80, 0xf8, 0xf, 0x80,
    0xf8, 0xf, 0x80, 0xf8, 0x0,

    /* U+2523 "┣" */
    0xf8, 0xf, 0x80, 0xf8, 0xf, 0x80, 0xf8, 0xf,
    0x80, 0xf8, 0xf, 0x80, 0xf8, 0xf, 0x80, 0xf8,
    0xf, 0x80, 0xf8, 0xf, 0x80, 0xf8, 0xf, 0xff,
    0xff, 0xff, 0xff, 0xff, 0xff, 0xff, 0xf8, 0xf,
    0x80, 0xf8, 0xf, 0x80, 0xf8, 0xf, 0x80, 0xf8,
    0xf, 0x80, 0xf8, 0xf, 0x80, 0xf8, 0xf, 0x80,
    0xf8, 0xf, 0x80, 0xf8, 0x0,

    /* U+2524 "┤" */
    0x0, 0xc0, 0x30, 0xc, 0x3, 0x0, 0xc0, 0x30,
    0xc, 0x3, 0x0, 0xc0, 0x30, 0xc, 0x3, 0x0,
    0xc0, 0x30, 0xc, 0x3, 0xff, 0xff, 0xff, 0xfc,
    0x3, 0x0, 0xc0, 0x30, 0xc, 0x3, 0x0, 0xc0,
    0x30, 0xc, 0x3, 0x0, 0xc0, 0x30, 0xc, 0x3,
    0x0, 0xc0, 0x30, 0xc,

    /* U+2525 "┥" */
    0x0, 0xc0, 0x30, 0xc, 0x3, 0x0, 0xc0, 0x30,
    0xc, 0x3, 0x0, 0xc0, 0x30, 0xc, 0x3, 0x0,
    0xc0, 0x30, 0xf, 0xff, 0xff, 0xff, 0xff, 0xff,
    0xff, 0x0, 0xc0, 0x30, 0xc, 0x3, 0x0, 0xc0,
    0x30, 0xc, 0x3, 0x0, 0xc0, 0x30, 0xc, 0x3,
    0x0, 0xc0, 0x30, 0xc,

    /* U+2526 "┦" */
    0x1, 0xf0, 0x1f, 0x1, 0xf0, 0x1f, 0x1, 0xf0,
    0x1f, 0x1, 0xf0, 0x1f, 0x1, 0xf0, 0x1f, 0x1,
    0xf0, 0x1f, 0x1, 0xf0, 0x1f, 0x1, 0xf0, 0x1f,
    0x1, 0xff, 0xff, 0xff, 0xf0, 0xe, 0x0, 0xe0,
    0xe, 0x0, 0xe0, 0xe, 0x0, 0xe0, 0xe, 0x0,
    0xe0, 0xe, 0x0, 0xe0, 0xe, 0x0, 0xe0, 0xe,
    0x0, 0xe0, 0xe, 0x0, 0xe0, 0xe,

    /* U+2527 "┧" */
    0x0, 0xe0, 0xe, 0x0, 0xe0, 0xe, 0x0, 0xe0,
    0xe, 0x0, 0xe0, 0xe, 0x0, 0xe0, 0xe, 0x0,
    0xe0, 0xe, 0x0, 0xe0, 0xe, 0x0, 0xe0, 0xe,
    0x0, 0xef, 0xff, 0xff, 0xf0, 0x1f, 0x1, 0xf0,
    0x1f, 0x1, 0xf0, 0x1f, 0x1, 0xf0, 0x1f, 0x1,
    0xf0, 0x1f, 0x1, 0xf0, 0x1f, 0x1, 0xf0, 0x1f,
    0x1, 0xf0, 0x1f, 0x1, 0xf0, 0x1f,

    /* U+2528 "┨" */
    0x1, 0xf0, 0x1f, 0x1, 0xf0, 0x1f, 0x1, 0xf0,
    0x1f, 0x1, 0xf0, 0x1f, 0x1, 0xf0, 0x1f, 0x1,
    0xf0, 0x1f, 0x1, 0xf0, 0x1f, 0x1, 0xf0, 0x1f,
    0xff, 0xff, 0xff, 0xff, 0xf0, 0x1f, 0x1, 0xf0,
    0x1f, 0x1, 0xf0, 0x1f, 0x1, 0xf0, 0x1f, 0x1,
    0xf0, 0x1f, 0x1, 0xf0, 0x1f, 0x1, 0xf0, 0x1f,
    0x1, 0xf0, 0x1f, 0x1, 0xf0,

    /* U+2529 "┩" */
    0x1, 0xf0, 0x1f, 0x1, 0xf0, 0x1f, 0x1, 0xf0,
    0x1f, 0x1, 0xf0, 0x1f, 0x1, 0xf0, 0x1f, 0x1,
    0xf0, 0x1f, 0x1, 0xf0, 0x1f, 0x1, 0xff, 0xff,
    0xff, 0xff, 0xff, 0xff, 0xff, 0xff, 0x0, 0xe0,
    0xe, 0x0, 0xe0, 0xe, 0x0, 0xe0, 0xe, 0x0,
    0xe0, 0xe, 0x0, 0xe0, 0xe, 0x0, 0xe0, 0xe,
    0x0, 0xe0, 0xe, 0x0, 0xe0,

    /* U+252A "┪" */
    0x0, 0xe0, 0xe, 0x0, 0xe0, 0xe, 0x0, 0xe0,
    0xe, 0x0, 0xe0, 0xe, 0x0, 0xe0, 0xe, 0x0,
    0xe0, 0xe, 0x0, 0xe0, 0xe, 0x0, 0xef, 0xff,
    0xff, 0xff, 0xff, 0xff, 0xff, 0xff, 0x1, 0xf0,
    0x1f, 0x1, 0xf0, 0x1f, 0x1, 0xf0, 0x1f, 0x1,
    0xf0, 0x1f, 0x1, 0xf0, 0x1f, 0x1, 0xf0, 0x1f,
    0x1, 0xf0, 0x1f, 0x1, 0xf0,

    /* U+252B "┫" */
    0x1, 0xf0, 0x1f, 0x1, 0xf0, 0x1f, 0x1, 0xf0,
    0x1f, 0x1, 0xf0, 0x1f, 0x1, 0xf0, 0x1f, 0x1,
    0xf0, 0x1f, 0x1, 0xf0, 0x1f, 0x1, 0xff, 0xff,
    0xff, 0xff, 0xff, 0xff, 0xff, 0xff, 0x1, 0xf0,
    0x1f, 0x1, 0xf0, 0x1f, 0x1, 0xf0, 0x1f, 0x1,
    0xf0, 0x1f, 0x1, 0xf0, 0x1f, 0x1, 0xf0, 0x1f,
    0x1, 0xf0, 0x1f, 0x1, 0xf0,

    /* U+252C "┬" */
    0xff, 0xff, 0xff, 0xff, 0xfc, 0x3, 0x80, 0x0,
    0x70, 0x0, 0xe, 0x0, 0x1, 0xc0, 0x0, 0x38,
    0x0, 0x7, 0x0, 0x0, 0xe0, 0x0, 0x1c, 0x0,
    0x3, 0x80, 0x0, 0x70, 0x0, 0xe, 0x0, 0x1,
    0xc0, 0x0, 0x38, 0x0, 0x7, 0x0, 0x0, 0xe0,
    0x0, 0x1c, 0x0, 0x3, 0x80, 0x0,

    /* U+252D "┭" */
    0xff, 0xe0, 0x1f, 0xff, 0xff, 0xff, 0xff, 0xff,
    0xff, 0xff, 0xfe, 0x0, 0x0, 0xc0, 0x0, 0x18,
    0x0, 0x3, 0x0, 0x0, 0x60, 0x0, 0xc, 0x0,
    0x1, 0x80, 0x0, 0x30, 0x0, 0x6, 0x0, 0x0,
    0xc0, 0x0, 0x18, 0x0, 0x3, 0x0, 0x0, 0x60,
    0x0, 0xc, 0x0, 0x1, 0x80, 0x0, 0x30, 0x0,

    /* U+252E "┮" */
    0x0, 0xff, 0xff, 0xff, 0xff, 0xff, 0xff, 0xff,
    0xff, 0x0, 0xff, 0xc0, 0x30, 0x0, 0xc, 0x0,
    0x3, 0x0, 0x0, 0xc0, 0x0, 0x30, 0x0, 0xc,
    0x0, 0x3, 0x0, 0x0, 0xc0, 0x0, 0x30, 0x0,
    0xc, 0x0, 0x3, 0x0, 0x0, 0xc0, 0x0, 0x30,
    0x0, 0xc, 0x0, 0x3, 0x0,

    /* U+252F "┯" */
    0xff, 0xff, 0xff, 0xff, 0xff, 0xff, 0xff, 0xff,
    0xff, 0xff, 0xff, 0xfe, 0x1, 0xc0, 0x0, 0x38,
    0x0, 0x7, 0x0, 0x0, 0xe0, 0x0, 0x1c, 0x0,
    0x3, 0x80, 0x0, 0x70, 0x0, 0xe, 0x0, 0x1,
    0xc0, 0x0, 0x38, 0x0, 0x7, 0x0, 0x0, 0xe0,
    0x0, 0x1c, 0x0, 0x3, 0x80, 0x0, 0x70, 0x0,

    /* U+2530 "┰" */
    0xff, 0xff, 0xff, 0xff, 0xfc, 0x7, 0xc0, 0x0,
    0xf8, 0x0, 0x1f, 0x0, 0x3, 0xe0, 0x0, 0x7c,
    0x0, 0xf, 0x80, 0x1, 0xf0, 0x0, 0x3e, 0x0,
    0x7, 0xc0, 0x0, 0xf8, 0x0, 0x1f, 0x0, 0x3,
    0xe0, 0x0, 0x7c, 0x0, 0xf, 0x80, 0x1, 0xf0,
    0x0, 0x3e, 0x0, 0x7, 0xc0, 0x0,

    /* U+2531 "┱" */
    0xff, 0xf0, 0x1f, 0xff, 0xff, 0xff, 0xff, 0xff,
    0xff, 0xff, 0xff, 0x0, 0x3, 0xe0, 0x0, 0x7c,
    0x0, 0xf, 0x80, 0x1, 0xf0, 0x0, 0x3e, 0x0,
    0x7, 0xc0, 0x0, 0xf8, 0x0, 0x1f, 0x0, 0x3,
    0xe0, 0x0, 0x7c, 0x0, 0xf, 0x80, 0x1, 0xf0,
    0x0, 0x3e, 0x0, 0x7, 0xc0, 0x0, 0xf8, 0x0,

    /* U+2532 "┲" */
    0x1, 0xff, 0xff, 0xff, 0xff, 0xff, 0xff, 0xff,
    0xff, 0xf0, 0x1f, 0xfe, 0x3, 0xe0, 0x0, 0x7c,
    0x0, 0xf, 0x80, 0x1, 0xf0, 0x0, 0x3e, 0x0,
    0x7, 0xc0, 0x0, 0xf8, 0x0, 0x1f, 0x0, 0x3,
    0xe0, 0x0, 0x7c, 0x0, 0xf, 0x80, 0x1, 0xf0,
    0x0, 0x3e, 0x0, 0x7, 0xc0, 0x0, 0xf8, 0x0,

    /* U+2533 "┳" */
    0xff, 0xff, 0xff, 0xff, 0xff, 0xff, 0xff, 0xff,
    0xff, 0xff, 0xff, 0xfe, 0x3, 0xe0, 0x0, 0x7c,
    0x0, 0xf, 0x80, 0x1, 0xf0, 0x0, 0x3e, 0x0,
    0x7, 0xc0, 0x0, 0xf8, 0x0, 0x1f, 0x0, 0x3,
    0xe0, 0x0, 0x7c, 0x0, 0xf, 0x80, 0x1, 0xf0,
    0x0, 0x3e, 0x0, 0x7, 0xc0, 0x0, 0xf8, 0x0,

    /* U+2534 "┴" */
    0x0, 0xe0, 0x0, 0x1c, 0x0, 0x3, 0x80, 0x0,
    0x70, 0x0, 0xe, 0x0, 0x1, 0xc0, 0x0, 0x38,
    0x0, 0x7, 0x0, 0x0, 0xe0, 0x0, 0x1c, 0x0,
    0x3, 0x80, 0x0, 0x70, 0x0, 0xe, 0x0, 0x1,
    0xc0, 0x0, 0x38, 0x0, 0x7, 0x0, 0x0, 0xe0,
    0x1f, 0xff, 0xff, 0xff, 0xff, 0x80,

    /* U+2535 "┵" */
    0x0, 0xc0, 0x0, 0x30, 0x0, 0xc, 0x0, 0x3,
    0x0, 0x0, 0xc0, 0x0, 0x30, 0x0, 0xc, 0x0,
    0x3, 0x0, 0x0, 0xc0, 0x0, 0x30, 0x0, 0xc,
    0x0, 0x3, 0x0, 0x0, 0xc0, 0x0, 0x30, 0x0,
    0xc, 0x3, 0xff, 0x0, 0xff, 0xff, 0xff, 0xff,
    0xff, 0xff, 0xff, 0xff, 0x0,

    /* U+2536 "┶" */
    0x0, 0xc0, 0x0, 0x30, 0x0, 0xc, 0x0, 0x3,
    0x0, 0x0, 0xc0, 0x0, 0x30, 0x0, 0xc, 0x0,
    0x3, 0x0, 0x0, 0xc0, 0x0, 0x30, 0x0, 0xc,
    0x0, 0x3, 0x0, 0x0, 0xc0, 0x0, 0x30, 0x0,
    0xc, 0x0, 0x3, 0xff, 0xff, 0xff, 0xff, 0xff,
    0xff, 0xff, 0xfc, 0x3, 0xff,

    /* U+2537 "┷" */
    0x0, 0xe0, 0x0, 0x1c, 0x0, 0x3, 0x80, 0x0,
    0x70, 0x0, 0xe, 0x0, 0x1, 0xc0, 0x0, 0x38,
    0x0, 0x7, 0x0, 0x0, 0xe0, 0x0, 0x1c, 0x0,
    0x3, 0x80, 0x0, 0x70, 0x0, 0xe, 0x0, 0x1,
    0xc0, 0x0, 0x38, 0x7, 0xff, 0xff, 0xff, 0xff,
    0xff, 0xff, 0xff, 0xff, 0xff, 0xff, 0xff, 0xf0,

    /* U+2538 "┸" */
    0x1, 0xf0, 0x0, 0x3e, 0x0, 0x7, 0xc0, 0x0,
    0xf8, 0x0, 0x1f, 0x0, 0x3, 0xe0, 0x0, 0x7c,
    0x0, 0xf, 0x80, 0x1, 0xf0, 0x0, 0x3e, 0x0,
    0x7, 0xc0, 0x0, 0xf8, 0x0, 0x1f, 0x0, 0x3,
    0xe0, 0x0, 0x7c, 0x0, 0xf, 0x80, 0x1, 0xf0,
    0x1f, 0xff, 0xff, 0xff, 0xff, 0x80,

    /* U+2539 "┹" */
    0x1, 0xf0, 0x0, 0x3e, 0x0, 0x7, 0xc0, 0x0,
    0xf8, 0x0, 0x1f, 0x0, 0x3, 0xe0, 0x0, 0x7c,
    0x0, 0xf, 0x80, 0x1, 0xf0, 0x0, 0x3e, 0x0,
    0x7, 0xc0, 0x0, 0xf8, 0x0, 0x1f, 0x0, 0x3,
    0xe0, 0x0, 0x7c, 0x7, 0xff, 0x80, 0xff, 0xff,
    0xff, 0xff, 0xff, 0xff, 0xff, 0xff, 0xf8, 0x0,

    /* U+253A "┺" */
    0x1, 0xf0, 0x0, 0x3e, 0x0, 0x7, 0xc0, 0x0,
    0xf8, 0x0, 0x1f, 0x0, 0x3, 0xe0, 0x0, 0x7c,
    0x0, 0xf, 0x80, 0x1, 0xf0, 0x0, 0x3e, 0x0,
    0x7, 0xc0, 0x0, 0xf8, 0x0, 0x1f, 0x0, 0x3,
    0xe0, 0x0, 0x7c, 0x0, 0xf, 0xff, 0xff, 0xff,
    0xff, 0xff, 0xff, 0xff, 0xff, 0x80, 0xff, 0xf0,

    /* U+253B "┻" */
    0x1, 0xf0, 0x0, 0x3e, 0x0, 0x7, 0xc0, 0x0,
    0xf8, 0x0, 0x1f, 0x0, 0x3, 0xe0, 0x0, 0x7c,
    0x0, 0xf, 0x80, 0x1, 0xf0, 0x0, 0x3e, 0x0,
    0x7, 0xc0, 0x0, 0xf8, 0x0, 0x1f, 0x0, 0x3,
    0xe0, 0x0, 0x7c, 0x7, 0xff, 0xff, 0xff, 0xff,
    0xff, 0xff, 0xff, 0xff, 0xff, 0xff, 0xff, 0xf0,

    /* U+253C "┼" */
    0x0, 0xe0, 0x0, 0x1c, 0x0, 0x3, 0x80, 0x0,
    0x70, 0x0, 0xe, 0x0, 0x1, 0xc0, 0x0, 0x38,
    0x0, 0x7, 0x0, 0x0, 0xe0, 0x0, 0x1c, 0x0,
    0x3, 0x80, 0x0, 0x70, 0x0, 0xe, 0x0, 0x1,
    0xc0, 0x0, 0x38, 0x0, 0x7, 0x0, 0xff, 0xff,
    0xff, 0xff, 0xff, 0xff, 0xff, 0x80, 0x70, 0x0,
    0xe, 0x0, 0x1, 0xc0, 0x0, 0x38, 0x0, 0x7,
    0x0, 0x0, 0xe0, 0x0, 0x1c, 0x0, 0x3, 0x80,
    0x0, 0x70, 0x0, 0xe, 0x0, 0x1, 0xc0, 0x0,
    0x38, 0x0, 0x7, 0x0, 0x0, 0xe0, 0x0, 0x1c,
    0x0, 0x3, 0x80, 0x0,

    /* U+253D "┽" */
    0x0, 0xc0, 0x0, 0x30, 0x0, 0xc, 0x0, 0x3,
    0x0, 0x0, 0xc0, 0x0, 0x30, 0x0, 0xc, 0x0,
    0x3, 0x0, 0x0, 0xc0, 0x0, 0x30, 0x0, 0xc,
    0x0, 0x3, 0x0, 0x0, 0xc0, 0x0, 0x30, 0x0,
    0xc, 0x3, 0xff, 0x0, 0xff, 0xff, 0xff, 0xff,
    0xff, 0xff, 0xff, 0xff, 0x0, 0x0, 0xc0, 0x0,
    0x30, 0x0, 0xc, 0x0, 0x3, 0x0, 0x0, 0xc0,
    0x0, 0x30, 0x0, 0xc, 0x0, 0x3, 0x0, 0x0,
    0xc0, 0x0, 0x30, 0x0, 0xc, 0x0, 0x3, 0x0,
    0x0, 0xc0, 0x0, 0x30, 0x0, 0xc, 0x0,

    /* U+253E "┾" */
    0x0, 0xc0, 0x0, 0x30, 0x0, 0xc, 0x0, 0x3,
    0x0, 0x0, 0xc0, 0x0, 0x30, 0x0, 0xc, 0x0,
    0x3, 0x0, 0x0, 0xc0, 0x0, 0x30, 0x0, 0xc,
    0x0, 0x3, 0x0, 0x0, 0xc0, 0x0, 0x30, 0x0,
    0xc, 0x0, 0x3, 0xff, 0xff, 0xff, 0xff, 0xff,
    0xff, 0xff, 0xfc, 0x3, 0xff, 0x0, 0xc0, 0x0,
    0x30, 0x0, 0xc, 0x0, 0x3, 0x0, 0x0, 0xc0,
    0x0, 0x30, 0x0, 0xc, 0x0, 0x3, 0x0, 0x0,
    0xc0, 0x0, 0x30, 0x0, 0xc, 0x0, 0x3, 0x0,
    0x0, 0xc0, 0x0, 0x30, 0x0, 0xc, 0x0,

    /* U+253F "┿" */
    0x0, 0xe0, 0x0, 0x1c, 0x0, 0x3, 0x80, 0x0,
    0x70, 0x0, 0xe, 0x0, 0x1, 0xc0, 0x0, 0x38,
    0x0, 0x7, 0x0, 0x0, 0xe0, 0x0, 0x1c, 0x0,
    0x3, 0x80, 0x0, 0x70, 0x0, 0xe, 0x0, 0x1,
    0xc0, 0x0, 0x38, 0x7, 0xff, 0xff, 0xff, 0xff,
    0xff, 0xff, 0xff, 0xff, 0xff, 0xff, 0xff, 0xf0,
    0xe, 0x0, 0x1, 0xc0, 0x0, 0x38, 0x0, 0x7,
    0x0, 0x0, 0xe0, 0x0, 0x1c, 0x0, 0x3, 0x80,
    0x0, 0x70, 0x0, 0xe, 0x0, 0x1, 0xc0, 0x0,
    0x38, 0x0, 0x7, 0x0, 0x0, 0xe0, 0x0, 0x1c,
    0x0, 0x3, 0x80, 0x0,

    /* U+2540 "╀" */
    0x1, 0xf0, 0x0, 0x3e, 0x0, 0x7, 0xc0, 0x0,
    0xf8, 0x0, 0x1f, 0x0, 0x3, 0xe0, 0x0, 0x7c,
    0x0, 0xf, 0x80, 0x1, 0xf0, 0x0, 0x3e, 0x0,
    0x7, 0xc0, 0x0, 0xf8, 0x0, 0x1f, 0x0, 0x3,
    0xe0, 0x0, 0x7c, 0x0, 0xf, 0x80, 0x1, 0xf0,
    0x1f, 0xff, 0xff, 0xff, 0xff, 0x80, 0x70, 0x0,
    0xe, 0x0, 0x1, 0xc0, 0x0, 0x38, 0x0, 0x7,
    0x0, 0x0, 0xe0, 0x0, 0x1c, 0x0, 0x3, 0x80,
    0x0, 0x70, 0x0, 0xe, 0x0, 0x1, 0xc0, 0x0,
    0x38, 0x0, 0x7, 0x0, 0x0, 0xe0, 0x0, 0x1c,
    0x0, 0x3, 0x80, 0x0, 0x70, 0x0,

    /* U+2541 "╁" */
    0x0, 0xe0, 0x0, 0x1c, 0x0, 0x3, 0x80, 0x0,
    0x70, 0x0, 0xe, 0x0, 0x1, 0xc0, 0x0, 0x38,
    0x0, 0x7, 0x0, 0x0, 0xe0, 0x0, 0x1c, 0x0,
    0x3, 0x80, 0x0, 0x70, 0x0, 0xe, 0x0, 0x1,
    0xc0, 0x0, 0x38, 0x0, 0x7, 0x0, 0x0, 0xe0,
    0x1f, 0xff, 0xff, 0xff, 0xff, 0x80, 0xf8, 0x0,
    0x1f, 0x0, 0x3, 0xe0, 0x0, 0x7c, 0x0, 0xf,
    0x80, 0x1, 0xf0, 0x0, 0x3e, 0x0, 0x7, 0xc0,
    0x0, 0xf8, 0x0, 0x1f, 0x0, 0x3, 0xe0, 0x0,
    0x7c, 0x0, 0xf, 0x80, 0x1, 0xf0, 0x0, 0x3e,
    0x0, 0x7, 0xc0, 0x0, 0xf8, 0x0,

    /* U+2542 "╂" */
    0x1, 0xf0, 0x0, 0x3e, 0x0, 0x7, 0xc0, 0x0,
    0xf8, 0x0, 0x1f, 0x0, 0x3, 0xe0, 0x0, 0x7c,
    0x0, 0xf, 0x80, 0x1, 0xf0, 0x0, 0x3e, 0x0,
    0x7, 0xc0, 0x0, 0xf8, 0x0, 0x1f, 0x0, 0x3,
    0xe0, 0x0, 0x7c, 0x0, 0xf, 0x80, 0xff, 0xff,
    0xff, 0xff, 0xff, 0xff, 0xff, 0x80, 0xf8, 0x0,
    0x1f, 0x0, 0x3, 0xe0, 0x0, 0x7c, 0x0, 0xf,
    0x80, 0x1, 0xf0, 0x0, 0x3e, 0x0, 0x7, 0xc0,
    0x0, 0xf8, 0x0, 0x1f, 0x0, 0x3, 0xe0, 0x0,
    0x7c, 0x0, 0xf, 0x80, 0x1, 0xf0, 0x0, 0x3e,
    0x0, 0x7, 0xc0, 0x0,

    /* U+2543 "╃" */
    0x1, 0xf0, 0x0, 0x3e, 0x0, 0x7, 0xc0, 0x0,
    0xf8, 0x0, 0x1f, 0x0, 0x3, 0xe0, 0x0, 0x7c,
    0x0, 0xf, 0x80, 0x1, 0xf0, 0x0, 0x3e, 0x0,
    0x7, 0xc0, 0x0, 0xf8, 0x0, 0x1f, 0x0, 0x3,
    0xe0, 0x0, 0x7c, 0x7, 0xff, 0x80, 0xff, 0xff,
    0xff, 0xff, 0xff, 0xff, 0xff, 0xff, 0xf8, 0x0,
    0xe, 0x0, 0x1, 0xc0, 0x0, 0x38, 0x0, 0x7,
    0x0, 0x0, 0xe0, 0x0, 0x1c, 0x0, 0x3, 0x80,
    0x0, 0x70, 0x0, 0xe, 0x0, 0x1, 0xc0, 0x0,
    0x38, 0x0, 0x7, 0x0, 0x0, 0xe0, 0x0, 0x1c,
    0x0, 0x3, 0x80, 0x0,

    /* U+2544 "╄" */
    0x1, 0xf0, 0x0, 0x3e, 0x0, 0x7, 0xc0, 0x0,
    0xf8, 0x0, 0x1f, 0x0, 0x3, 0xe0, 0x0, 0x7c,
    0x0, 0xf, 0x80, 0x1, 0xf0, 0x0, 0x3e, 0x0,
    0x7, 0xc0, 0x0, 0xf8, 0x0, 0x1f, 0x0, 0x3,
    0xe0, 0x0, 0x7c, 0x0, 0xf, 0xff, 0xff, 0xff,
    0xff, 0xff, 0xff, 0xff, 0xff, 0x80, 0xff, 0xf0,
    0xe, 0x0, 0x1, 0xc0, 0x0, 0x38, 0x0, 0x7,
    0x0, 0x0, 0xe0, 0x0, 0x1c, 0x0, 0x3, 0x80,
    0x0, 0x70, 0x0, 0xe, 0x0, 0x1, 0xc0, 0x0,
    0x38, 0x0, 0x7, 0x0, 0x0, 0xe0, 0x0, 0x1c,
    0x0, 0x3, 0x80, 0x0,

    /* U+2545 "╅" */
    0x0, 0xe0, 0x0, 0x1c, 0x0, 0x3, 0x80, 0x0,
    0x70, 0x0, 0xe, 0x0, 0x1, 0xc0, 0x0, 0x38,
    0x0, 0x7, 0x0, 0x0, 0xe0, 0x0, 0x1c, 0x0,
    0x3, 0x80, 0x0, 0x70, 0x0, 0xe, 0x0, 0x1,
    0xc0, 0x0, 0x38, 0x7, 0xff, 0x80, 0xff, 0xff,
    0xff, 0xff, 0xff, 0xff, 0xff, 0xff, 0xf8, 0x0,
    0x1f, 0x0, 0x3, 0xe0, 0x0, 0x7c, 0x0, 0xf,
    0x80, 0x1, 0xf0, 0x0, 0x3e, 0x0, 0x7, 0xc0,
    0x0, 0xf8, 0x0, 0x1f, 0x0, 0x3, 0xe0, 0x0,
    0x7c, 0x0, 0xf, 0x80, 0x1, 0xf0, 0x0, 0x3e,
    0x0, 0x7, 0xc0, 0x0,

    /* U+2546 "╆" */
    0x0, 0xe0, 0x0, 0x1c, 0x0, 0x3, 0x80, 0x0,
    0x70, 0x0, 0xe, 0x0, 0x1, 0xc0, 0x0, 0x38,
    0x0, 0x7, 0x0, 0x0, 0xe0, 0x0, 0x1c, 0x0,
    0x3, 0x80, 0x0, 0x70, 0x0, 0xe, 0x0, 0x1,
    0xc0, 0x0, 0x38, 0x0, 0xf, 0xff, 0xff, 0xff,
    0xff, 0xff, 0xff, 0xff, 0xff, 0x80, 0xff, 0xf0,
    0x1f, 0x0, 0x3, 0xe0, 0x0, 0x7c, 0x0, 0xf,
    0x80, 0x1, 0xf0, 0x0, 0x3e, 0x0, 0x7, 0xc0,
    0x0, 0xf8, 0x0, 0x1f, 0x0, 0x3, 0xe0, 0x0,
    0x7c, 0x0, 0xf, 0x80, 0x1, 0xf0, 0x0, 0x3e,
    0x0, 0x7, 0xc0, 0x0,

    /* U+2547 "╇" */
    0x1, 0xf0, 0x0, 0x3e, 0x0, 0x7, 0xc0, 0x0,
    0xf8, 0x0, 0x1f, 0x0, 0x3, 0xe0, 0x0, 0x7c,
    0x0, 0xf, 0x80, 0x1, 0xf0, 0x0, 0x3e, 0x0,
    0x7, 0xc0, 0x0, 0xf8, 0x0, 0x1f, 0x0, 0x3,
    0xe0, 0x0, 0x7c, 0x7, 0xff, 0xff, 0xff, 0xff,
    0xff, 0xff, 0xff, 0xff, 0xff, 0xff, 0xff, 0xf0,
    0xe, 0x0, 0x1, 0xc0, 0x0, 0x38, 0x0, 0x7,
    0x0, 0x0, 0xe0, 0x0, 0x1c, 0x0, 0x3, 0x80,
    0x0, 0x70, 0x0, 0xe, 0x0, 0x1, 0xc0, 0x0,
    0x38, 0x0, 0x7, 0x0, 0x0, 0xe0, 0x0, 0x1c,
    0x0, 0x3, 0x80, 0x0,

    /* U+2548 "╈" */
    0x0, 0xe0, 0x0, 0x1c, 0x0, 0x3, 0x80, 0x0,
    0x70, 0x0, 0xe, 0x0, 0x1, 0xc0, 0x0, 0x38,
    0x0, 0x7, 0x0, 0x0, 0xe0, 0x0, 0x1c, 0x0,
    0x3, 0x80, 0x0, 0x70, 0x0, 0xe, 0x0, 0x1,
    0xc0, 0x0, 0x38, 0x7, 0xff, 0xff, 0xff, 0xff,
    0xff, 0xff, 0xff, 0xff, 0xff, 0xff, 0xff, 0xf0,
    0x1f, 0x0, 0x3, 0xe0, 0x0, 0x7c, 0x0, 0xf,
    0x80, 0x1, 0xf0, 0x0, 0x3e, 0x0, 0x7, 0xc0,
    0x0, 0xf8, 0x0, 0x1f, 0x0, 0x3, 0xe0, 0x0,
    0x7c, 0x0, 0xf, 0x80, 0x1, 0xf0, 0x0, 0x3e,
    0x0, 0x7, 0xc0, 0x0,

    /* U+2549 "╉" */
    0x1, 0xf0, 0x0, 0x3e, 0x0, 0x7, 0xc0, 0x0,
    0xf8, 0x0, 0x1f, 0x0, 0x3, 0xe0, 0x0, 0x7c,
    0x0, 0xf, 0x80, 0x1, 0xf0, 0x0, 0x3e, 0x0,
    0x7, 0xc0, 0x0, 0xf8, 0x0, 0x1f, 0x0, 0x3,
    0xe0, 0x0, 0x7c, 0x7, 0xff, 0x80, 0xff, 0xff,
    0xff, 0xff, 0xff, 0xff, 0xff, 0xff, 0xf8, 0x0,
    0x1f, 0x0, 0x3, 0xe0, 0x0, 0x7c, 0x0, 0xf,
    0x80, 0x1, 0xf0, 0x0, 0x3e, 0x0, 0x7, 0xc0,
    0x0, 0xf8, 0x0, 0x1f, 0x0, 0x3, 0xe0, 0x0,
    0x7c, 0x0, 0xf, 0x80, 0x1, 0xf0, 0x0, 0x3e,
    0x0, 0x7, 0xc0, 0x0,

    /* U+254A "╊" */
    0x1, 0xf0, 0x0, 0x3e, 0x0, 0x7, 0xc0, 0x0,
    0xf8, 0x0, 0x1f, 0x0, 0x3, 0xe0, 0x0, 0x7c,
    0x0, 0xf, 0x80, 0x1, 0xf0, 0x0, 0x3e, 0x0,
    0x7, 0xc0, 0x0, 0xf8, 0x0, 0x1f, 0x0, 0x3,
    0xe0, 0x0, 0x7c, 0x0, 0xf, 0xff, 0xff, 0xff,
    0xff, 0xff, 0xff, 0xff, 0xff, 0x80, 0xff, 0xf0,
    0x1f, 0x0, 0x3, 0xe0, 0x0, 0x7c, 0x0, 0xf,
    0x80, 0x1, 0xf0, 0x0, 0x3e, 0x0, 0x7, 0xc0,
    0x0, 0xf8, 0x0, 0x1f, 0x0, 0x3, 0xe0, 0x0,
    0x7c, 0x0, 0xf, 0x80, 0x1, 0xf0, 0x0, 0x3e,
    0x0, 0x7, 0xc0, 0x0,

    /* U+254B "╋" */
    0x1, 0xf0, 0x0, 0x3e, 0x0, 0x7, 0xc0, 0x0,
    0xf8, 0x0, 0x1f, 0x0, 0x3, 0xe0, 0x0, 0x7c,
    0x0, 0xf, 0x80, 0x1, 0xf0, 0x0, 0x3e, 0x0,
    0x7, 0xc0, 0x0, 0xf8, 0x0, 0x1f, 0x0, 0x3,
    0xe0, 0x0, 0x7c, 0x7, 0xff, 0xff, 0xff, 0xff,
    0xff, 0xff, 0xff, 0xff, 0xff, 0xff, 0xff, 0xf0,
    0x1f, 0x0, 0x3, 0xe0, 0x0, 0x7c, 0x0, 0xf,
    0x80, 0x1, 0xf0, 0x0, 0x3e, 0x0, 0x7, 0xc0,
    0x0, 0xf8, 0x0, 0x1f, 0x0, 0x3, 0xe0, 0x0,
    0x7c, 0x0, 0xf, 0x80, 0x1, 0xf0, 0x0, 0x3e,
    0x0, 0x7, 0xc0, 0x0,

    /* U+254C "╌" */
    0xfe, 0x7f, 0xfe, 0x7f,

    /* U+254D "╍" */
    0xfe, 0x7f, 0xfe, 0x7f, 0xfe, 0x7f, 0xfe, 0x7f,
    0xfe, 0x7f,

    /* U+254E "╎" */
    0xff, 0xff, 0xff, 0x0, 0x3f, 0xff, 0xff, 0xc0,

    /* U+254F "╏" */
    0xff, 0xff, 0xff, 0xff, 0xff, 0xff, 0xff, 0xf0,
    0x0, 0x0, 0x7, 0xff, 0xff, 0xff, 0xff, 0xff,
    0xff, 0xff, 0x80,

    /* U+2550 "═" */
    0xff, 0xff, 0xff, 0xff, 0xfc, 0x0, 0x0, 0x0,
    0x0, 0x0, 0x0, 0x1, 0xff, 0xff, 0xff, 0xff,
    0xf8,

    /* U+2551 "║" */
    0xc7, 0x8f, 0x1e, 0x3c, 0x78, 0xf1, 0xe3, 0xc7,
    0x8f, 0x1e, 0x3c, 0x78, 0xf1, 0xe3, 0xc7, 0x8f,
    0x1e, 0x3c, 0x78, 0xf1, 0xe3, 0xc7, 0x8f, 0x1e,
    0x3c, 0x78, 0xf1, 0xe3, 0xc7, 0x8f, 0x18,

    /* U+2552 "╒" */
    0xff, 0xff, 0xfc, 0x3, 0x0, 0xc0, 0x3f, 0xff,
    0xff, 0x0, 0xc0, 0x30, 0xc, 0x3, 0x0, 0xc0,
    0x30, 0xc, 0x3, 0x0, 0xc0, 0x30, 0xc, 0x3,
    0x0, 0xc0, 0x0,

    /* U+2553 "╓" */
    0xff, 0xff, 0xff, 0xf1, 0x81, 0x8c, 0xc, 0x60,
    0x63, 0x3, 0x18, 0x18, 0xc0, 0xc6, 0x6, 0x30,
    0x31, 0x81, 0x8c, 0xc, 0x60, 0x63, 0x3, 0x18,
    0x18, 0xc0, 0xc6, 0x6, 0x30, 0x31, 0x80,

    /* U+2554 "╔" */
    0xff, 0xff, 0xff, 0xf0, 0x1, 0x80, 0xc, 0x0,
    0x63, 0xff, 0x1f, 0xf8, 0xc0, 0xc6, 0x6, 0x30,
    0x31, 0x81, 0x8c, 0xc, 0x60, 0x63, 0x3, 0x18,
    0x18, 0xc0, 0xc6, 0x6, 0x30, 0x31, 0x81, 0x8c,
    0xc, 0x60, 0x0,

    /* U+2555 "╕" */
    0xff, 0xff, 0xf0, 0xc, 0x3, 0x0, 0xff, 0xff,
    0xfc, 0x3, 0x0, 0xc0, 0x30, 0xc, 0x3, 0x0,
    0xc0, 0x30, 0xc, 0x3, 0x0, 0xc0, 0x30, 0xc,
    0x3, 0x0, 0xc0,

    /* U+2556 "╖" */
    0xff, 0xff, 0xff, 0xc0, 0xc6, 0x6, 0x30, 0x31,
    0x81, 0x8c, 0xc, 0x60, 0x63, 0x3, 0x18, 0x18,
    0xc0, 0xc6, 0x6, 0x30, 0x31, 0x81, 0x8c, 0xc,
    0x60, 0x63, 0x3, 0x18, 0x18, 0xc0, 0xc6,

    /* U+2557 "╗" */
    0xff, 0xff, 0xff, 0xc0, 0x6, 0x0, 0x30, 0x1,
    0xff, 0x8f, 0xfc, 0x60, 0x63, 0x3, 0x18, 0x18,
    0xc0, 0xc6, 0x6, 0x30, 0x31, 0x81, 0x8c, 0xc,
    0x60, 0x63, 0x3, 0x18, 0x18, 0xc0, 0xc6, 0x6,
    0x30, 0x31, 0x80,

    /* U+2558 "╘" */
    0xc0, 0x30, 0xc, 0x3, 0x0, 0xc0, 0x30, 0xc,
    0x3, 0x0, 0xc0, 0x30, 0xc, 0x3, 0x0, 0xc0,
    0x30, 0xf, 0xff, 0xff, 0xc0, 0x30, 0xc, 0x3,
    0xff, 0xff, 0xc0,

    /* U+2559 "╙" */
    0xc6, 0x6, 0x30, 0x31, 0x81, 0x8c, 0xc, 0x60,
    0x63, 0x3, 0x18, 0x18, 0xc0, 0xc6, 0x6, 0x30,
    0x31, 0x81, 0x8c, 0xc, 0x60, 0x63, 0x3, 0x18,
    0x18, 0xc0, 0xc6, 0x7, 0xff, 0xff, 0xfe,

    /* U+255A "╚" */
    0xc6, 0x6, 0x30, 0x31, 0x81, 0x8c, 0xc, 0x60,
    0x63, 0x3, 0x18, 0x18, 0xc0, 0xc6, 0x6, 0x30,
    0x31, 0x81, 0x8c, 0xc, 0x60, 0x63, 0x3, 0x1f,
    0xf8, 0xff, 0xc0, 0x6, 0x0, 0x30, 0x1, 0xff,
    0xff, 0xff, 0x80,

    /* U+255B "╛" */
    0x0, 0xc0, 0x30, 0xc, 0x3, 0x0, 0xc0, 0x30,
    0xc, 0x3, 0x0, 0xc0, 0x30, 0xc, 0x3, 0x0,
    0xc0, 0x3f, 0xff, 0xff, 0x0, 0xc0, 0x30, 0xf,
    0xff, 0xff, 0xc0,

    /* U+255C "╜" */
    0x3, 0x18, 0x18, 0xc0, 0xc6, 0x6, 0x30, 0x31,
    0x81, 0x8c, 0xc, 0x60, 0x63, 0x3, 0x18, 0x18,
    0xc0, 0xc6, 0x6, 0x30, 0x31, 0x81, 0x8c, 0xc,
    0x60, 0x63, 0x3, 0x1f, 0xff, 0xff, 0xfe,

    /* U+255D "╝" */
    0x3, 0x18, 0x18, 0xc0, 0xc6, 0x6, 0x30, 0x31,
    0x81, 0x8c, 0xc, 0x60, 0x63, 0x3, 0x18, 0x18,
    0xc0, 0xc6, 0x6, 0x30, 0x31, 0x81, 0x8f, 0xfc,
    0x7f, 0xe3, 0x0, 0x18, 0x0, 0xc0, 0x7, 0xff,
    0xff, 0xff, 0x80,

    /* U+255E "╞" */
    0xc0, 0x30, 0xc, 0x3, 0x0, 0xc0, 0x30, 0xc,
    0x3, 0x0, 0xc0, 0x30, 0xc, 0x3, 0x0, 0xc0,
    0x30, 0xf, 0xff, 0xff, 0xc0, 0x30, 0xc, 0x3,
    0xff, 0xff, 0xf0, 0xc, 0x3, 0x0, 0xc0, 0x30,
    0xc, 0x3, 0x0, 0xc0, 0x30, 0xc, 0x3, 0x0,
    0xc0, 0x30, 0xc, 0x0,

    /* U+255F "╟" */
    0xc6, 0x6, 0x30, 0x31, 0x81, 0x8c, 0xc, 0x60,
    0x63, 0x3, 0x18, 0x18, 0xc0, 0xc6, 0x6, 0x30,
    0x31, 0x81, 0x8c, 0xc, 0x60, 0x63, 0x3, 0x18,
    0x18, 0xc0, 0xc7, 0xfe, 0x3f, 0xf1, 0xff, 0x8c,
    0xc, 0x60, 0x63, 0x3, 0x18, 0x18, 0xc0, 0xc6,
    0x6, 0x30, 0x31, 0x81, 0x8c, 0xc, 0x60, 0x63,
    0x3, 0x18, 0x18, 0xc0, 0xc6, 0x6, 0x30, 0x31,
    0x80,

    /* U+2560 "╠" */
    0xc6, 0x6, 0x30, 0x31, 0x81, 0x8c, 0xc, 0x60,
    0x63, 0x3, 0x18, 0x18, 0xc0, 0xc6, 0x6, 0x30,
    0x31, 0x81, 0x8c, 0xc, 0x60, 0x63, 0x3, 0x1f,
    0xf8, 0xff, 0xc0, 0x6, 0x0, 0x30, 0x1, 0x8f,
    0xfc, 0x7f, 0xe3, 0x3, 0x18, 0x18, 0xc0, 0xc6,
    0x6, 0x30, 0x31, 0x81, 0x8c, 0xc, 0x60, 0x63,
    0x3, 0x18, 0x18, 0xc0, 0xc6, 0x6, 0x30, 0x31,
    0x80,

    /* U+2561 "╡" */
    0x0, 0xc0, 0x30, 0xc, 0x3, 0x0, 0xc0, 0x30,
    0xc, 0x3, 0x0, 0xc0, 0x30, 0xc, 0x3, 0x0,
    0xc0, 0x3f, 0xff, 0xff, 0x0, 0xc0, 0x30, 0xf,
    0xff, 0xff, 0xc0, 0x30, 0xc, 0x3, 0x0, 0xc0,
    0x30, 0xc, 0x3, 0x0, 0xc0, 0x30, 0xc, 0x3,
    0x0, 0xc0, 0x30, 0xc,

    /* U+2562 "╢" */
    0x3, 0x18, 0x18, 0xc0, 0xc6, 0x6, 0x30, 0x31,
    0x81, 0x8c, 0xc, 0x60, 0x63, 0x3, 0x18, 0x18,
    0xc0, 0xc6, 0x6, 0x30, 0x31, 0x81, 0x8c, 0xc,
    0x60, 0x63, 0xff, 0x1f, 0xf8, 0xff, 0xc6, 0x6,
    0x30, 0x31, 0x81, 0x8c, 0xc, 0x60, 0x63, 0x3,
    0x18, 0x18, 0xc0, 0xc6, 0x6, 0x30, 0x31, 0x81,
    0x8c, 0xc, 0x60, 0x63, 0x3, 0x18, 0x18, 0xc0,
    0xc6,

    /* U+2563 "╣" */
    0x3, 0x18, 0x18, 0xc0, 0xc6, 0x6, 0x30, 0x31,
    0x81, 0x8c, 0xc, 0x60, 0x63, 0x3, 0x18, 0x18,
    0xc0, 0xc6, 0x6, 0x30, 0x31, 0x81, 0x8f, 0xfc,
    0x7f, 0xe3, 0x0, 0x18, 0x0, 0xc0, 0x7, 0xfe,
    0x3f, 0xf1, 0x81, 0x8c, 0xc, 0x60, 0x63, 0x3,
    0x18, 0x18, 0xc0, 0xc6, 0x6, 0x30, 0x31, 0x81,
    0x8c, 0xc, 0x60, 0x63, 0x3, 0x18, 0x18, 0xc0,
    0xc6,

    /* U+2564 "╤" */
    0xff, 0xff, 0xff, 0xff, 0xfc, 0x0, 0x0, 0x0,
    0x0, 0x0, 0x0, 0x1, 0xff, 0xff, 0xff, 0xff,
    0xf8, 0x7, 0x0, 0x0, 0xe0, 0x0, 0x1c, 0x0,
    0x3, 0x80, 0x0, 0x70, 0x0, 0xe, 0x0, 0x1,
    0xc0, 0x0, 0x38, 0x0, 0x7, 0x0, 0x0, 0xe0,
    0x0, 0x1c, 0x0, 0x3, 0x80, 0x0, 0x70, 0x0,
    0xe, 0x0,

    /* U+2565 "╥" */
    0xff, 0xff, 0xff, 0xff, 0xfc, 0xc, 0x60, 0x1,
    0x8c, 0x0, 0x31, 0x80, 0x6, 0x30, 0x0, 0xc6,
    0x0, 0x18, 0xc0, 0x3, 0x18, 0x0, 0x63, 0x0,
    0xc, 0x60, 0x1, 0x8c, 0x0, 0x31, 0x80, 0x6,
    0x30, 0x0, 0xc6, 0x0, 0x18, 0xc0, 0x3, 0x18,
    0x0, 0x63, 0x0, 0xc, 0x60, 0x0,

    /* U+2566 "╦" */
    0xff, 0xff, 0xff, 0xff, 0xfc, 0x0, 0x0, 0x0,
    0x0, 0x0, 0x0, 0x1, 0xfe, 0x3f, 0xff, 0xc7,
    0xf8, 0x18, 0xc0, 0x3, 0x18, 0x0, 0x63, 0x0,
    0xc, 0x60, 0x1, 0x8c, 0x0, 0x31, 0x80, 0x6,
    0x30, 0x0, 0xc6, 0x0, 0x18, 0xc0, 0x3, 0x18,
    0x0, 0x63, 0x0, 0xc, 0x60, 0x1, 0x8c, 0x0,
    0x31, 0x80,

    /* U+2567 "╧" */
    0x0, 0xe0, 0x0, 0x1c, 0x0, 0x3, 0x80, 0x0,
    0x70, 0x0, 0xe, 0x0, 0x1, 0xc0, 0x0, 0x38,
    0x0, 0x7, 0x0, 0x0, 0xe0, 0x0, 0x1c, 0x0,
    0x3, 0x80, 0x0, 0x70, 0x0, 0xe, 0x0, 0x1,
    0xc0, 0x3f, 0xff, 0xff, 0xff, 0xff, 0x0, 0x0,
    0x0, 0x0, 0x0, 0x0, 0x0, 0x7f, 0xff, 0xff,
    0xff, 0xfe,

    /* U+2568 "╨" */
    0x3, 0x18, 0x0, 0x63, 0x0, 0xc, 0x60, 0x1,
    0x8c, 0x0, 0x31, 0x80, 0x6, 0x30, 0x0, 0xc6,
    0x0, 0x18, 0xc0, 0x3, 0x18, 0x0, 0x63, 0x0,
    0xc, 0x60, 0x1, 0x8c, 0x0, 0x31, 0x80, 0x6,
    0x30, 0x0, 0xc6, 0x0, 0x18, 0xc0, 0x3, 0x18,
    0x1f, 0xff, 0xff, 0xff, 0xff, 0x80,

    /* U+2569 "╩" */
    0x3, 0x18, 0x0, 0x63, 0x0, 0xc, 0x60, 0x1,
    0x8c, 0x0, 0x31, 0x80, 0x6, 0x30, 0x0, 0xc6,
    0x0, 0x18, 0xc0, 0x3, 0x18, 0x0, 0x63, 0x0,
    0xc, 0x60, 0x1, 0x8c, 0x0, 0x31, 0x80, 0x6,
    0x30, 0x3f, 0xc7, 0xff, 0xf8, 0xff, 0x0, 0x0,
    0x0, 0x0, 0x0, 0x0, 0x0, 0x7f, 0xff, 0xff,
    0xff, 0xfe,

    /* U+256A "╪" */
    0x0, 0xe0, 0x0, 0x1c, 0x0, 0x3, 0x80, 0x0,
    0x70, 0x0, 0xe, 0x0, 0x1, 0xc0, 0x0, 0x38,
    0x0, 0x7, 0x0, 0x0, 0xe0, 0x0, 0x1c, 0x0,
    0x3, 0x80, 0x0, 0x70, 0x0, 0xe, 0x0, 0x1,
    0xc0, 0x3f, 0xff, 0xff, 0xff, 0xff, 0x0, 0xe0,
    0x0, 0x1c, 0x0, 0x3, 0x80, 0x7f, 0xff, 0xff,
    0xff, 0xfe, 0x1, 0xc0, 0x0, 0x38, 0x0, 0x7,
    0x0, 0x0, 0xe0, 0x0, 0x1c, 0x0, 0x3, 0x80,
    0x0, 0x70, 0x0, 0xe, 0x0, 0x1, 0xc0, 0x0,
    0x38, 0x0, 0x7, 0x0, 0x0, 0xe0, 0x0, 0x1c,
    0x0, 0x3, 0x80, 0x0,

    /* U+256B "╫" */
    0x3, 0x18, 0x0, 0x63, 0x0, 0xc, 0x60, 0x1,
    0x8c, 0x0, 0x31, 0x80, 0x6, 0x30, 0x0, 0xc6,
    0x0, 0x18, 0xc0, 0x3, 0x18, 0x0, 0x63, 0x0,
    0xc, 0x60, 0x1, 0x8c, 0x0, 0x31, 0x80, 0x6,
    0x30, 0x0, 0xc6, 0x0, 0x18, 0xc0, 0xff, 0xff,
    0xff, 0xff, 0xff, 0xff, 0xff, 0x81, 0x8c, 0x0,
    0x31, 0x80, 0x6, 0x30, 0x0, 0xc6, 0x0, 0x18,
    0xc0, 0x3, 0x18, 0x0, 0x63, 0x0, 0xc, 0x60,
    0x1, 0x8c, 0x0, 0x31, 0x80, 0x6, 0x30, 0x0,
    0xc6, 0x0, 0x18, 0xc0, 0x3, 0x18, 0x0, 0x63,
    0x0, 0xc, 0x60, 0x0,

    /* U+256C "╬" */
    0x3, 0x18, 0x0, 0x63, 0x0, 0xc, 0x60, 0x1,
    0x8c, 0x0, 0x31, 0x80, 0x6, 0x30, 0x0, 0xc6,
    0x0, 0x18, 0xc0, 0x3, 0x18, 0x0, 0x63, 0x0,
    0xc, 0x60, 0x1, 0x8c, 0x0, 0x31, 0x80, 0x6,
    0x30, 0x3f, 0xc7, 0xff, 0xf8, 0xff, 0x0, 0x0,
    0x0, 0x0, 0x0, 0x0, 0x0, 0x7f, 0x8f, 0xff,
    0xf1, 0xfe, 0x6, 0x30, 0x0, 0xc6, 0x0, 0x18,
    0xc0, 0x3, 0x18, 0x0, 0x63, 0x0, 0xc, 0x60,
    0x1, 0x8c, 0x0, 0x31, 0x80, 0x6, 0x30, 0x0,
    0xc6, 0x0, 0x18, 0xc0, 0x3, 0x18, 0x0, 0x63,
    0x0, 0xc, 0x60, 0x0,

    /* U+256D "╭" */
    0x1f, 0xdf, 0xf6, 0x3, 0x0, 0xc0, 0x30, 0xc,
    0x3, 0x0, 0xc0, 0x30, 0xc, 0x3, 0x0, 0xc0,
    0x30, 0xc, 0x3, 0x0, 0xc0, 0x30, 0xc, 0x0,

    /* U+256E "╮" */
    0xfe, 0x3f, 0xe0, 0x18, 0x3, 0x0, 0xc0, 0x30,
    0xc, 0x3, 0x0, 0xc0, 0x30, 0xc, 0x3, 0x0,
    0xc0, 0x30, 0xc, 0x3, 0x0, 0xc0, 0x30, 0xc,

    /* U+256F "╯" */
    0x0, 0xc0, 0x30, 0xc, 0x3, 0x0, 0xc0, 0x30,
    0xc, 0x3, 0x0, 0xc0, 0x30, 0xc, 0x3, 0x0,
    0xc0, 0x30, 0xc, 0x3, 0x1, 0xbf, 0xef, 0xe0,

    /* U+2570 "╰" */
    0xc0, 0x30, 0xc, 0x3, 0x0, 0xc0, 0x30, 0xc,
    0x3, 0x0, 0xc0, 0x30, 0xc, 0x3, 0x0, 0xc0,
    0x30, 0xc, 0x3, 0x0, 0x60, 0x1f, 0xf1, 0xfc,

    /* U+2571 "╱" */
    0x0, 0x0, 0x30, 0x0, 0x7, 0x0, 0x0, 0x60,
    0x0, 0xe, 0x0, 0x0, 0xc0, 0x0, 0x1c, 0x0,
    0x3, 0x80, 0x0, 0x38, 0x0, 0x7, 0x0, 0x0,
    0x70, 0x0, 0xe, 0x0, 0x0, 0xe0, 0x0, 0x1c,
    0x0, 0x1, 0xc0, 0x0, 0x38, 0x0, 0x3, 0x0,
    0x0, 0x70, 0x0, 0x6, 0x0, 0x0, 0xe0, 0x0,
    0xc, 0x0, 0x1, 0xc0, 0x0, 0x18, 0x0, 0x3,
    0x80, 0x0, 0x30, 0x0, 0x7, 0x0, 0x0, 0x60,
    0x0, 0xe, 0x0, 0x0, 0xc0, 0x0, 0x1c, 0x0,
    0x1, 0x80, 0x0, 0x38, 0x0, 0x3, 0x0, 0x0,
    0x70, 0x0, 0x6, 0x0, 0x0, 0xe0, 0x0, 0x0,

    /* U+2572 "╲" */
    0xc0, 0x0, 0xe, 0x0, 0x0, 0x60, 0x0, 0x7,
    0x0, 0x0, 0x38, 0x0, 0x3, 0x80, 0x0, 0x1c,
    0x0, 0x1, 0xc0, 0x0, 0xe, 0x0, 0x0, 0x60,
    0x0, 0x7, 0x0, 0x0, 0x30, 0x0, 0x3, 0x80,
    0x0, 0x18, 0x0, 0x1, 0xc0, 0x0, 0xc, 0x0,
    0x0, 0xe0, 0x0, 0x6, 0x0, 0x0, 0x70, 0x0,
    0x3, 0x0, 0x0, 0x38, 0x0, 0x1, 0x80, 0x0,
    0x1c, 0x0, 0x0, 0xc0, 0x0, 0xe, 0x0, 0x0,
    0x60, 0x0, 0x7, 0x0, 0x0, 0x30, 0x0, 0x3,
    0x80, 0x0, 0x18, 0x0, 0x1, 0xc0, 0x0, 0xc,
    0x0, 0x0, 0xe0, 0x0, 0x6, 0x0, 0x0, 0x70,

    /* U+2573 "╳" */
    0xe0, 0x0, 0x7e, 0x0, 0x7, 0x70, 0x0, 0xe3,
    0x0, 0xe, 0x38, 0x1, 0xc1, 0x80, 0x1c, 0x1c,
    0x3, 0x80, 0xc0, 0x38, 0xe, 0x7, 0x0, 0x60,
    0x60, 0x7, 0xe, 0x0, 0x30, 0xc0, 0x3, 0x9c,
    0x0, 0x19, 0x80, 0x1, 0xf8, 0x0, 0xf, 0x0,
    0x0, 0xf0, 0x0, 0x6, 0x0, 0x0, 0xf0, 0x0,
    0xf, 0x0, 0x1, 0xf8, 0x0, 0x19, 0x80, 0x3,
    0x9c, 0x0, 0x30, 0xc0, 0x7, 0xe, 0x0, 0x60,
    0x60, 0xe, 0x7, 0x0, 0xc0, 0x38, 0x1c, 0x3,
    0x81, 0x80, 0x1c, 0x38, 0x1, 0xc3, 0x0, 0xe,
    0x70, 0x0, 0xee, 0x0, 0x7, 0xe0, 0x0, 0x70,

    /* U+2574 "╴" */
    0xff, 0xff, 0xc0,

    /* U+2575 "╵" */
    0xff, 0xff, 0xff, 0xff, 0xf0,

    /* U+2576 "╶" */
    0xff, 0xff, 0xc0,

    /* U+2577 "╷" */
    0xff, 0xff, 0xff, 0xff, 0xf0,

    /* U+2578 "╸" */
    0xff, 0xff, 0xff, 0xff, 0xff, 0xf8,

    /* U+2579 "╹" */
    0xff, 0xff, 0xff, 0xff, 0xff, 0xff, 0xff, 0xff,
    0xff, 0xff, 0xff, 0xc0,

    /* U+257A "╺" */
    0xff, 0xff, 0xff, 0xff, 0xff, 0xf8,

    /* U+257B "╻" */
    0xff, 0xff, 0xff, 0xff, 0xff, 0xff, 0xff, 0xff,
    0xff, 0xff, 0xff, 0xc0,

    /* U+257C "╼" */
    0x0, 0x3f, 0xff, 0xff, 0xff, 0xff, 0xff, 0xff,
    0xff, 0xf0, 0x3, 0xfe,

    /* U+257D "╽" */
    0x73, 0x9c, 0xe7, 0x39, 0xce, 0x73, 0x9c, 0xe7,
    0x39, 0xce, 0x73, 0xbf, 0xff, 0xff, 0xff, 0xff,
    0xff, 0xff, 0xff, 0xff, 0xff, 0xff, 0xf0,

    /* U+257E "╾" */
    0xff, 0xc0, 0x1f, 0xff, 0xff, 0xff, 0xff, 0xff,
    0xff, 0xff, 0xfc, 0x0,

    /* U+257F "╿" */
    0xff, 0xff, 0xff, 0xff, 0xff, 0xff, 0xff, 0xff,
    0xff, 0xff, 0xff, 0xdc, 0xe7, 0x39, 0xce, 0x73,
    0x9c, 0xe7, 0x39, 0xce, 0x73, 0x9c, 0xe0,

    /* U+25A0 "■" */
    0xff, 0xff, 0xff, 0xff, 0xff, 0xff, 0xff, 0xff,
    0xff, 0xff, 0xff, 0xff, 0xff, 0xff, 0xff, 0xff,
    0xff, 0xff, 0xff, 0xff, 0xff, 0xff, 0xff, 0xff,
    0xff, 0xff, 0xff, 0xff, 0xff, 0xff, 0xff, 0xff,
    0xff, 0xff, 0xff, 0xff, 0xff, 0xff, 0xff, 0xff,
    0xf0,

    /* U+25A1 "□" */
    0xff, 0xff, 0xf0, 0x0, 0x3c, 0x0, 0xf, 0x0,
    0x3, 0xc0, 0x0, 0xf0, 0x0, 0x3c, 0x0, 0xf,
    0x0, 0x3, 0xc0, 0x0, 0xf0, 0x0, 0x3c, 0x0,
    0xf, 0x0, 0x3, 0xc0, 0x0, 0xf0, 0x0, 0x3c,
    0x0, 0xf, 0x0, 0x3, 0xff, 0xff, 0xc0,

    /* U+25A2 "▢" */
    0x3f, 0xff, 0x18, 0x0, 0x6c, 0x0, 0xf, 0x0,
    0x3, 0xc0, 0x0, 0xf0, 0x0, 0x3c, 0x0, 0xf,
    0x0, 0x3, 0xc0, 0x0, 0xf0, 0x0, 0x3c, 0x0,
    0xf, 0x0, 0x3, 0xc0, 0x0, 0xf0, 0x0, 0x3c,
    0x0, 0xd, 0x80, 0x6, 0x3f, 0xff, 0x0,

    /* U+25A3 "▣" */
    0xff, 0xff, 0xf0, 0x0, 0x3c, 0x0, 0xf, 0x7f,
    0xfb, 0xdf, 0xfe, 0xf7, 0xff, 0xbd, 0xff, 0xef,
    0x7f, 0xfb, 0xdf, 0xfe, 0xf7, 0xff, 0xbd, 0xff,
    0xef, 0x7f, 0xfb, 0xdf, 0xfe, 0xf7, 0xff, 0xbc,
    0x0, 0xf, 0x0, 0x3, 0xff, 0xff, 0xc0,

    /* U+25A4 "▤" */
    0xff, 0xff, 0xf0, 0x0, 0x3c, 0x0, 0xf, 0xff,
    0xff, 0xc0, 0x0, 0xf0, 0x0, 0x3f, 0xff, 0xff,
    0x0, 0x3, 0xc0, 0x0, 0xff, 0xff, 0xfc, 0x0,
    0xf, 0x0, 0x3, 0xc0, 0x0, 0xff, 0xff, 0xfc,
    0x0, 0xf, 0x0, 0x3, 0xff, 0xff, 0xc0,

    /* U+25A5 "▥" */
    0xff, 0xff, 0xf6, 0xcd, 0xbd, 0xb3, 0x6f, 0x6c,
    0xdb, 0xdb, 0x36, 0xf6, 0xcd, 0xbd, 0xb3, 0x6f,
    0x6c, 0xdb, 0xdb, 0x36, 0xf6, 0xcd, 0xbd, 0xb3,
    0x6f, 0x6c, 0xdb, 0xdb, 0x36, 0xf6, 0xcd, 0xbd,
    0xb3, 0x6f, 0x6c, 0xdb, 0xff, 0xff, 0xc0,

    /* U+25A6 "▦" */
    0xff, 0xff, 0xf6, 0xcd, 0xbd, 0xb3, 0x6f, 0xff,
    0xff, 0xdb, 0x36, 0xf6, 0xcd, 0xbf, 0xff, 0xff,
    0x6c, 0xdb, 0xdb, 0x36, 0xff, 0xff, 0xfd, 0xb3,
    0x6f, 0x6c, 0xdb, 0xdb, 0x36, 0xff, 0xff, 0xfd,
    0xb3, 0x6f, 0x6c, 0xdb, 0xff, 0xff, 0xc0,

    /* U+25A7 "▧" */
    0xff, 0xff, 0xf3, 0x33, 0x3c, 0xe6, 0x6f, 0x9c,
    0xcf, 0xf3, 0x99, 0xf6, 0x73, 0x3c, 0xcc, 0x6f,
    0x99, 0x8f, 0xf3, 0x33, 0xfc, 0x66, 0x7d, 0x8c,
    0xcf, 0x33, 0x9b, 0xe6, 0x73, 0xfc, 0xce, 0x7d,
    0x99, 0xcf, 0x33, 0x3b, 0xff, 0xff, 0xc0,

    /* U+25A8 "▨" */
    0xff, 0xff, 0xf3, 0x33, 0x3d, 0x99, 0xcf, 0xcc,
    0xe7, 0xe6, 0x73, 0xf3, 0x39, 0xbd, 0x9c, 0xcf,
    0xc6, 0x67, 0xf3, 0x33, 0xf9, 0x99, 0xfc, 0xcc,
    0x6f, 0x67, 0x33, 0xf3, 0x99, 0xf9, 0xcc, 0xfc,
    0xe6, 0x6f, 0x33, 0x33, 0xff, 0xff, 0xc0,

    /* U+25A9 "▩" */
    0xff, 0xff, 0xf3, 0x33, 0x3d, 0xff, 0xef, 0xdc,
    0xef, 0xf7, 0xfb, 0xf7, 0x7b, 0xbd, 0xcc, 0xef,
    0xdf, 0xef, 0xf3, 0x33, 0xff, 0xff, 0xfd, 0xcc,
    0xef, 0x77, 0xbb, 0xf7, 0xfb, 0xfd, 0xce, 0xfd,
    0xff, 0xef, 0x73, 0x33, 0xff, 0xff, 0xc0,

    /* U+25AA "▪" */
    0xff, 0xff, 0xff, 0xff, 0xff, 0xff, 0xff, 0xff,
    0xff, 0xff, 0xff, 0xff, 0xff, 0xff, 0xff, 0xff,
    0xf0,

    /* U+25AB "▫" */
    0xff, 0xfc, 0x3, 0xc0, 0x3c, 0x3, 0xc0, 0x3c,
    0x3, 0xc0, 0x3c, 0x3, 0xc0, 0x3c, 0x3, 0xff,
    0xf0,

    /* U+25AC "▬" */
    0xff, 0xff, 0xff, 0xff, 0xff, 0xff, 0xff, 0xff,
    0xff, 0xff, 0xff, 0xff, 0xff, 0xff, 0xff, 0xff,
    0xff, 0xff,

    /* U+25AD "▭" */
    0xff, 0xff, 0xf0, 0x0, 0x3c, 0x0, 0xf, 0x0,
    0x3, 0xc0, 0x0, 0xf0, 0x0, 0x3c, 0x0, 0xf,
    0xff, 0xff,

    /* U+25AE "▮" */
    0xff, 0xff, 0xff, 0xff, 0xff, 0xff, 0xff, 0xff,
    0xff, 0xff, 0xff, 0xff, 0xff, 0xff, 0xff, 0xff,
    0xff, 0xff, 0xff, 0xff, 0xc0,

    /* U+25AF "▯" */
    0xff, 0xe0, 0xf0, 0x78, 0x3c, 0x1e, 0xf, 0x7,
    0x83, 0xc1, 0xe0, 0xf0, 0x78, 0x3c, 0x1e, 0xf,
    0x7, 0x83, 0xff, 0x80,

    /* U+25B0 "▰" */
    0xf, 0xff, 0xc3, 0xff, 0xe1, 0xff, 0xf8, 0x7f,
    0xfc, 0x3f, 0xfe, 0x1f, 0xff, 0x87, 0xff, 0xc3,
    0xff, 0xf0,

    /* U+25B1 "▱" */
    0xf, 0xff, 0xc2, 0x0, 0x61, 0x80, 0x18, 0x40,
    0xc, 0x30, 0x2, 0x18, 0x1, 0x86, 0x0, 0x43,
    0xff, 0xf0,

    /* U+25B2 "▲" */
    0x0, 0x0, 0x0, 0x30, 0x0, 0xc, 0x0, 0x7,
    0x80, 0x1, 0xe0, 0x0, 0xfc, 0x0, 0x3f, 0x0,
    0x1f, 0xe0, 0x7, 0xf8, 0x3, 0xff, 0x0, 0xff,
    0xc0, 0x7f, 0xf8, 0x1f, 0xfe, 0xf, 0xff, 0xc3,
    0xff, 0xf1, 0xff, 0xfe, 0x7f, 0xff, 0xbf, 0xff,
    0xf0,

    /* U+25B3 "△" */
    0x0, 0x80, 0x0, 0x30, 0x0, 0xc, 0x0, 0x7,
    0x80, 0x1, 0x20, 0x0, 0xcc, 0x0, 0x21, 0x80,
    0x18, 0x60, 0xc, 0xc, 0x3, 0x3, 0x1, 0x80,
    0x60, 0x60, 0x18, 0x30, 0x3, 0xc, 0x0, 0xc6,
    0x0, 0x19, 0x80, 0x6, 0xff, 0xff, 0xc0,

    /* U+25B4 "▴" */
    0x0, 0x0, 0x60, 0x6, 0x0, 0xf0, 0xf, 0x1,
    0xf8, 0x1f, 0x83, 0xfc, 0x3f, 0xc7, 0xfe, 0x7f,
    0xef, 0xff,

    /* U+25B5 "▵" */
    0x0, 0x0, 0x60, 0x6, 0x0, 0xf0, 0x9, 0x1,
    0x98, 0x10, 0x83, 0xc, 0x20, 0x66, 0x6, 0xff,
    0xf0,

    /* U+25B6 "▶" */
    0x80, 0x0, 0x38, 0x0, 0xf, 0x80, 0x3, 0xf8,
    0x0, 0xff, 0x80, 0x3f, 0xf8, 0xf, 0xff, 0x83,
    0xff, 0xf8, 0xff, 0xff, 0xbf, 0xff, 0xef, 0xff,
    0xe3, 0xff, 0xe0, 0xff, 0xe0, 0x3f, 0xe0, 0xf,
    0xe0, 0x3, 0xe0, 0x0, 0xe0, 0x0, 0x20, 0x0,
    0x0,

    /* U+25B7 "▷" */
    0x0, 0x0, 0x38, 0x0, 0xf, 0x80, 0x3, 0x78,
    0x0, 0xc7, 0x80, 0x30, 0x78, 0xc, 0x7, 0x83,
    0x0, 0x78, 0xc0, 0x7, 0xb0, 0x0, 0xfc, 0x0,
    0xf3, 0x0, 0xf0, 0xc0, 0xe0, 0x30, 0xe0, 0xc,
    0xe0, 0x3, 0xe0, 0x0, 0xe0, 0x0, 0x20, 0x0,
    0x0,

    /* U+25B8 "▸" */
    0x0, 0xc, 0x0, 0xf0, 0xf, 0xc0, 0xff, 0xf,
    0xfc, 0xff, 0xef, 0xf8, 0xfe, 0xf, 0x80, 0xe0,
    0x8, 0x0,

    /* U+25B9 "▹" */
    0x0, 0xc, 0x0, 0xf0, 0xd, 0xc0, 0xc7, 0xc,
    0x1e, 0xc0, 0xec, 0x38, 0xce, 0xf, 0x80, 0xe0,
    0x8, 0x0,

    /* U+25BA "►" */
    0x0, 0x0, 0x3c, 0x0, 0xf, 0xe0, 0x3, 0xff,
    0x0, 0xff, 0xf8, 0x3f, 0xff, 0xcf, 0xff, 0xfb,
    0xff, 0xf0, 0xff, 0xe0, 0x3f, 0xc0, 0xf, 0x80,
    0x3, 0x0, 0x0,

    /* U+25BB "▻" */
    0x0, 0x0, 0x3c, 0x0, 0xf, 0xe0, 0x3, 0x3f,
    0x0, 0xc0, 0xf8, 0x30, 0x7, 0xcc, 0x0, 0x7b,
    0x1, 0xf0, 0xc3, 0xe0, 0x3f, 0xc0, 0xf, 0x80,
    0x3, 0x0, 0x0,

    /* U+25BC "▼" */
    0xff, 0xff, 0xdf, 0xff, 0xe7, 0xff, 0xf8, 0xff,
    0xfc, 0x3f, 0xff, 0x7, 0xff, 0x81, 0xff, 0xe0,
    0x3f, 0xf0, 0xf, 0xfc, 0x1, 0xfe, 0x0, 0x7f,
    0x80, 0xf, 0xc0, 0x3, 0xf0, 0x0, 0x78, 0x0,
    0x1e, 0x0, 0x3, 0x0, 0x0, 0xc0, 0x0, 0x20,
    0x0,

    /* U+25BD "▽" */
    0xff, 0xff, 0xdf, 0xff, 0xe6, 0x0, 0x18, 0xc0,
    0xc, 0x30, 0x3, 0x6, 0x1, 0x81, 0x80, 0x60,
    0x30, 0x30, 0xc, 0xc, 0x1, 0x86, 0x0, 0x61,
    0x80, 0xc, 0xc0, 0x3, 0x30, 0x0, 0x78, 0x0,
    0x1e, 0x0, 0x3, 0x0, 0x0, 0xc0, 0x0, 0x0,
    0x0,

    /* U+25BE "▾" */
    0xff, 0xf7, 0xfe, 0x7f, 0xe3, 0xfc, 0x3f, 0xc1,
    0xf8, 0x1f, 0x80, 0xf0, 0xf, 0x0, 0x60, 0x6,
    0x0, 0x40,

    /* U+25BF "▿" */
    0xff, 0xf6, 0x6, 0x60, 0x63, 0xc, 0x30, 0xc1,
    0x98, 0x19, 0x80, 0xf0, 0xf, 0x0, 0x60, 0x6,
    0x0, 0x0,

    /* U+25C0 "◀" */
    0x0, 0x0, 0x40, 0x0, 0x70, 0x0, 0x7c, 0x0,
    0x7f, 0x0, 0x7f, 0xc0, 0x7f, 0xf0, 0x7f, 0xfc,
    0x7f, 0xff, 0x7f, 0xff, 0xdf, 0xff, 0xf1, 0xff,
    0xfc, 0x1f, 0xff, 0x1, 0xff, 0xc0, 0x1f, 0xf0,
    0x1, 0xfc, 0x0, 0x1f, 0x0, 0x1, 0xc0, 0x0,
    0x10,

    /* U+25C1 "◁" */
    0x0, 0x0, 0x0, 0x0, 0x30, 0x0, 0x3c, 0x0,
    0x3b, 0x0, 0x38, 0xc0, 0x38, 0x30, 0x38, 0xc,
    0x38, 0x3, 0x38, 0x0, 0xdc, 0x0, 0x31, 0xc0,
    0xc, 0x1c, 0x3, 0x1, 0xc0, 0xc0, 0x1c, 0x30,
    0x1, 0xcc, 0x0, 0x1f, 0x0, 0x1, 0xc0, 0x0,
    0x10,

    /* U+25C2 "◂" */
    0x0, 0x0, 0x3, 0x0, 0xf0, 0x3f, 0xf, 0xf3,
    0xff, 0x7f, 0xf1, 0xff, 0x7, 0xf0, 0x1f, 0x0,
    0x70, 0x1,

    /* U+25C3 "◃" */
    0x0, 0x0, 0x3, 0x0, 0xf0, 0x3b, 0xe, 0x33,
    0x83, 0x70, 0x31, 0xc3, 0x7, 0x30, 0x1f, 0x0,
    0x70, 0x1,

    /* U+25C4 "◄" */
    0x0, 0x0, 0x0, 0x0, 0x70, 0x1, 0xfc, 0x3,
    0xff, 0x7, 0xff, 0xcf, 0xff, 0xf7, 0xff, 0xfc,
    0x3f, 0xff, 0x1, 0xff, 0xc0, 0xf, 0xf0, 0x0,
    0x7c, 0x0, 0x3,

    /* U+25C5 "◅" */
    0x0, 0x0, 0x0, 0x0, 0x70, 0x1, 0xfc, 0x3,
    0xf3, 0x7, 0xc0, 0xcf, 0x80, 0x37, 0x80, 0xc,
    0x3e, 0x3, 0x1, 0xf0, 0xc0, 0xf, 0xf0, 0x0,
    0x7c, 0x0, 0x3,

    /* U+25C6 "◆" */
    0x0, 0x0, 0x0, 0x30, 0x0, 0x1e, 0x0, 0xf,
    0xc0, 0x7, 0xf8, 0x3, 0xff, 0x1, 0xff, 0xe0,
    0xff, 0xfc, 0x7f, 0xff, 0xbf, 0xff, 0xf7, 0xff,
    0xf8, 0xff, 0xfc, 0x1f, 0xfe, 0x3, 0xff, 0x0,
    0x7f, 0x80, 0xf, 0xc0, 0x1, 0xe0, 0x0, 0x30,
    0x0,

    /* U+25C7 "◇" */
    0x0, 0x0, 0x0, 0x30, 0x0, 0x1e, 0x0, 0xf,
    0xc0, 0x7, 0x38, 0x3, 0x87, 0x1, 0xc0, 0xe0,
    0xe0, 0x1c, 0x70, 0x3, 0xb8, 0x0, 0x77, 0x0,
    0x38, 0xe0, 0x1c, 0x1c, 0xe, 0x3, 0x87, 0x0,
    0x73, 0x80, 0xf, 0xc0, 0x1, 0xe0, 0x0, 0x30,
    0x0,

    /* U+25C8 "◈" */
    0x0, 0x0, 0x0, 0x30, 0x0, 0x1e, 0x0, 0xc,
    0xc0, 0x6, 0xd8, 0x3, 0x7b, 0x1, 0xbf, 0x60,
    0xdf, 0xec, 0x6f, 0xfd, 0xbb, 0xff, 0x77, 0x7f,
    0xb8, 0xef, 0xdc, 0x1d, 0xee, 0x3, 0xb7, 0x0,
    0x73, 0x80, 0xf, 0xc0, 0x1, 0xe0, 0x0, 0x30,
    0x0,

    /* U+25C9 "◉" */
    0x3, 0xf0, 0x3, 0xff, 0x1, 0xe1, 0xe0, 0xe3,
    0x1c, 0x77, 0xfb, 0x9b, 0xff, 0x6c, 0xff, 0xcf,
    0x7f, 0xfb, 0xdf, 0xfe, 0xf7, 0xff, 0xbd, 0xff,
    0xef, 0x3f, 0xf3, 0x6f, 0xfd, 0x9d, 0xfe, 0xe3,
    0x8c, 0x70, 0x78, 0x78, 0xf, 0xfc, 0x0, 0xfc,
    0x0,

    /* U+25CA "◊" */
    0x2, 0x0, 0xc, 0x0, 0x30, 0x1, 0xe0, 0x6,
    0x80, 0x33, 0x0, 0xcc, 0x6, 0x18, 0x18, 0x60,
    0xc0, 0xc3, 0x3, 0x8, 0x6, 0x60, 0x19, 0x0,
    0x2c, 0x0, 0xe0, 0x1, 0xc0, 0xd, 0x0, 0x26,
    0x1, 0x88, 0x4, 0x30, 0x30, 0x40, 0x81, 0x86,
    0x2, 0x18, 0xc, 0xc0, 0x33, 0x0, 0x78, 0x1,
    0xe0, 0x3, 0x0, 0xc, 0x0, 0x0, 0x0,

    /* U+25CB "○" */
    0x3, 0xf0, 0x3, 0xff, 0x1, 0xe1, 0xe0, 0xe0,
    0x1c, 0x70, 0x3, 0x98, 0x0, 0x6c, 0x0, 0xf,
    0x0, 0x3, 0xc0, 0x0, 0xf0, 0x0, 0x3c, 0x0,
    0xf, 0x0, 0x3, 0x60, 0x1, 0x9c, 0x0, 0xe3,
    0x80, 0x70, 0x78, 0x78, 0xf, 0xfc, 0x0, 0xfc,
    0x0,

    /* U+25CC "◌" */
    0x1, 0xe0, 0x0, 0x78, 0x1, 0x80, 0x60, 0xe0,
    0x1c, 0x30, 0x3, 0x0, 0x0, 0x0, 0x0, 0x3,
    0x0, 0x3, 0xc0, 0x0, 0xf0, 0x0, 0x3c, 0x0,
    0xc, 0x0, 0x0, 0x0, 0x0, 0xc, 0x0, 0xc3,
    0x80, 0x70, 0x60, 0x18, 0x1, 0xe0, 0x0, 0x78,
    0x0,

    /* U+25CD "◍" */
    0x3, 0xf0, 0x3, 0xff, 0x1, 0xf3, 0xe0, 0xec,
    0xdc, 0x7b, 0x37, 0x9e, 0xcd, 0xed, 0xb3, 0x6f,
    0x6c, 0xdb, 0xdb, 0x36, 0xf6, 0xcd, 0xbd, 0xb3,
    0x6f, 0x6c, 0xdb, 0x7b, 0x37, 0x9e, 0xcd, 0xe3,
    0xb3, 0x70, 0x7c, 0xf8, 0xf, 0xfc, 0x0, 0xfc,
    0x0,

    /* U+25CE "◎" */
    0x3, 0xf0, 0x3, 0xff, 0x1, 0xe1, 0xe0, 0xe0,
    0x1c, 0x70, 0x3, 0x98, 0x0, 0x6c, 0x1e, 0xf,
    0xc, 0xc3, 0xc6, 0x18, 0xf1, 0x86, 0x3c, 0x61,
    0x8f, 0xc, 0xc3, 0x61, 0xe1, 0x9c, 0x0, 0xe3,
    0x80, 0x70, 0x78, 0x78, 0xf, 0xfc, 0x0, 0xfc,
    0x0,

    /* U+25CF "●" */
    0x3, 0xf0, 0x3, 0xff, 0x1, 0xff, 0xe0, 0xff,
    0xfc, 0x7f, 0xff, 0x9f, 0xff, 0xef, 0xff, 0xff,
    0xff, 0xff, 0xff, 0xff, 0xff, 0xff, 0xff, 0xff,
    0xff, 0xff, 0xff, 0x7f, 0xff, 0x9f, 0xff, 0xe3,
    0xff, 0xf0, 0x7f, 0xf8, 0xf, 0xfc, 0x0, 0xfc,
    0x0,

    /* U+25D0 "◐" */
    0x3, 0xf0, 0x3, 0xff, 0x1, 0xf9, 0xe0, 0xfe,
    0x1c, 0x7f, 0x83, 0x9f, 0xe0, 0x6f, 0xf8, 0xf,
    0xfe, 0x3, 0xff, 0x80, 0xff, 0xe0, 0x3f, 0xf8,
    0xf, 0xfe, 0x3, 0x7f, 0x81, 0x9f, 0xe0, 0xe3,
    0xf8, 0x70, 0x7e, 0x78, 0xf, 0xfc, 0x0, 0xfc,
    0x0,

    /* U+25D1 "◑" */
    0x3, 0xf0, 0x3, 0xff, 0x1, 0xe7, 0xe0, 0xe1,
    0xfc, 0x70, 0x7f, 0x98, 0x1f, 0xec, 0x7, 0xff,
    0x1, 0xff, 0xc0, 0x7f, 0xf0, 0x1f, 0xfc, 0x7,
    0xff, 0x1, 0xff, 0x60, 0x7f, 0x9c, 0x1f, 0xe3,
    0x87, 0xf0, 0x79, 0xf8, 0xf, 0xfc, 0x0, 0xfc,
    0x0,

    /* U+25D2 "◒" */
    0x3, 0xf0, 0x3, 0xff, 0x1, 0xe1, 0xe0, 0xe0,
    0x1c, 0x70, 0x3, 0x98, 0x0, 0x6c, 0x0, 0xf,
    0x0, 0x3, 0xc0, 0x0, 0xff, 0xff, 0xff, 0xff,
    0xff, 0xff, 0xff, 0x7f, 0xff, 0x9f, 0xff, 0xe3,
    0xff, 0xf0, 0x7f, 0xf8, 0xf, 0xfc, 0x0, 0xfc,
    0x0,

    /* U+25D3 "◓" */
    0x3, 0xf0, 0x3, 0xff, 0x1, 0xff, 0xe0, 0xff,
    0xfc, 0x7f, 0xff, 0x9f, 0xff, 0xef, 0xff, 0xff,
    0xff, 0xff, 0xff, 0xff, 0xf0, 0x0, 0x3c, 0x0,
    0xf, 0x0, 0x3, 0x60, 0x1, 0x9c, 0x0, 0xe3,
    0x80, 0x70, 0x78, 0x78, 0xf, 0xfc, 0x0, 0xfc,
    0x0,

    /* U+25D4 "◔" */
    0x3, 0xf0, 0x3, 0xff, 0x1, 0xc7, 0xe0, 0xe1,
    0xfc, 0x70, 0x7f, 0x98, 0x1f, 0xec, 0x7, 0xff,
    0x1, 0xff, 0xc0, 0x7f, 0xf0, 0x0, 0x3c, 0x0,
    0xf, 0x0, 0x3, 0x60, 0x1, 0x9c, 0x0, 0xe3,
    0x80, 0x70, 0x78, 0x38, 0xf, 0xfc, 0x0, 0xfc,
    0x0,

    /* U+25D5 "◕" */
    0x3, 0xf0, 0x3, 0xff, 0x1, 0xe7, 0xe0, 0xe1,
    0xfc, 0x70, 0x7f, 0x98, 0x1f, 0xec, 0x7, 0xff,
    0x1, 0xff, 0xc0, 0x7f, 0xff, 0xff, 0xff, 0xff,
    0xff, 0xff, 0xff, 0x7f, 0xff, 0x9f, 0xff, 0xe3,
    0xff, 0xf0, 0x7f, 0xf8, 0xf, 0xfc, 0x0, 0xfc,
    0x0,

    /* U+25D6 "◖" */
    0x3, 0x87, 0xc7, 0xe7, 0xf7, 0xfb, 0xff, 0xff,
    0xff, 0xff, 0xff, 0xff, 0xff, 0xf7, 0xfb, 0xfc,
    0xfe, 0x3f, 0xf, 0x81, 0xc0,

    /* U+25D7 "◗" */
    0xe0, 0x7c, 0x3f, 0x1f, 0xcf, 0xf7, 0xfb, 0xff,
    0xff, 0xff, 0xff, 0xff, 0xff, 0xff, 0xf7, 0xfb,
    0xf9, 0xf8, 0xf8, 0x70, 0x0,

    /* U+25D8 "◘" */
    0xff, 0xff, 0xff, 0xff, 0xff, 0xff, 0xff, 0xff,
    0xff, 0xff, 0xff, 0xff, 0xff, 0xff, 0xff, 0xff,
    0xff, 0xf0, 0x7f, 0xfc, 0x7, 0xff, 0x0, 0x7f,
    0xe0, 0xf, 0xfc, 0x1, 0xff, 0x80, 0x3f, 0xf0,
    0x7, 0xff, 0x1, 0xff, 0xf0, 0x7f, 0xff, 0xff,
    0xff, 0xff, 0xff, 0xff, 0xff, 0xff, 0xff, 0xff,
    0xff, 0xff, 0xff, 0xff, 0xff, 0xff, 0xf8,

    /* U+25D9 "◙" */
    0xff, 0xff, 0xff, 0xff, 0xff, 0xff, 0xff, 0xff,
    0xff, 0xff, 0xff, 0xff, 0xff, 0xff, 0xff, 0x83,
    0xff, 0xc0, 0x1f, 0xf0, 0xf1, 0xfc, 0x7f, 0x9f,
    0x1f, 0xf9, 0xe7, 0xff, 0xb9, 0xff, 0xfb, 0x3f,
    0xff, 0x67, 0xff, 0xec, 0xff, 0xfd, 0x9f, 0xff,
    0xb3, 0xff, 0xf7, 0x3f, 0xfd, 0xe3, 0xff, 0x3e,
    0x3f, 0xcf, 0xe3, 0xe3, 0xfe, 0x0, 0xff, 0xf0,
    0x7f, 0xff, 0xff, 0xff, 0xff, 0xff, 0xff, 0xff,
    0xff, 0xff, 0xff, 0xff, 0xff, 0xff, 0xff, 0xc0,

    /* U+25DA "◚" */
    0xff, 0xff, 0xff, 0xff, 0xff, 0xff, 0xff, 0xff,
    0xff, 0xff, 0xff, 0xff, 0xff, 0xff, 0xff, 0x83,
    0xff, 0xc0, 0x1f, 0xf0, 0xf1, 0xfc, 0x7f, 0x9f,
    0x1f, 0xf9, 0xe7, 0xff, 0xb9, 0xff, 0xfb, 0x3f,
    0xff, 0x67, 0xff, 0xe8,

    /* U+25DB "◛" */
    0x9f, 0xff, 0xb3, 0xff, 0xf6, 0x7f, 0xfe, 0xe7,
    0xff, 0xbc, 0x7f, 0xe7, 0xc7, 0xf9, 0xfc, 0x7c,
    0x7f, 0xc0, 0x1f, 0xfe, 0xf, 0xff, 0xff, 0xff,
    0xff, 0xff, 0xff, 0xff, 0xff, 0xff, 0xff, 0xff,
    0xff, 0xff, 0xff, 0xf8,

    /* U+25DC "◜" */
    0x3, 0x87, 0xc7, 0x87, 0x7, 0x3, 0x3, 0x1,
    0x80, 0xc0, 0x0,

    /* U+25DD "◝" */
    0xe0, 0x7c, 0xf, 0x1, 0xc0, 0x70, 0x18, 0x6,
    0x3, 0x1, 0x80,

    /* U+25DE "◞" */
    0x1, 0x80, 0xc0, 0x60, 0x60, 0x70, 0x70, 0xf1,
    0xf0, 0xe0, 0x0,

    /* U+25DF "◟" */
    0xc0, 0x60, 0x30, 0xc, 0x7, 0x1, 0xc0, 0x78,
    0x1f, 0x3, 0x80,

    /* U+25E0 "◠" */
    0x3, 0xf0, 0x3, 0xff, 0x1, 0xe1, 0xe0, 0xe0,
    0x1c, 0x70, 0x3, 0x98, 0x0, 0x6c, 0x0, 0xf,
    0x0, 0x3, 0xc0, 0x0, 0xc0,

    /* U+25E1 "◡" */
    0xc0, 0x0, 0xf0, 0x0, 0x3c, 0x0, 0xd, 0x80,
    0x6, 0x70, 0x3, 0x8e, 0x1, 0xc1, 0xe1, 0xe0,
    0x3f, 0xf0, 0x3, 0xf0, 0x0,

    /* U+25E2 "◢" */
    0x0, 0x0, 0x0, 0x0, 0x10, 0x0, 0xc, 0x0,
    0x7, 0x0, 0x3, 0xc0, 0x1, 0xf0, 0x0, 0xfc,
    0x0, 0x7f, 0x0, 0x3f, 0xc0, 0x1f, 0xf0, 0xf,
    0xfc, 0x7, 0xff, 0x3, 0xff, 0xc1, 0xff, 0xf0,
    0xff, 0xfc, 0x7f, 0xff, 0x3f, 0xff, 0xdf, 0xff,
    0xf0,

    /* U+25E3 "◣" */
    0x0, 0x0, 0x20, 0x0, 0xc, 0x0, 0x3, 0x80,
    0x0, 0xf0, 0x0, 0x3e, 0x0, 0xf, 0xc0, 0x3,
    0xf8, 0x0, 0xff, 0x0, 0x3f, 0xe0, 0xf, 0xfc,
    0x3, 0xff, 0x80, 0xff, 0xf0, 0x3f, 0xfe, 0xf,
    0xff, 0xc3, 0xff, 0xf8, 0xff, 0xff, 0x3f, 0xff,
    0xe0,

    /* U+25E4 "◤" */
    0xff, 0xff, 0xff, 0xff, 0xef, 0xff, 0xf3, 0xff,
    0xf8, 0xff, 0xfc, 0x3f, 0xfe, 0xf, 0xff, 0x3,
    0xff, 0x80, 0xff, 0xc0, 0x3f, 0xe0, 0xf, 0xf0,
    0x3, 0xf8, 0x0, 0xfc, 0x0, 0x3e, 0x0, 0xf,
    0x0, 0x3, 0x80, 0x0, 0xc0, 0x0, 0x20, 0x0,
    0x0,

    /* U+25E5 "◥" */
    0xff, 0xff, 0xdf, 0xff, 0xf3, 0xff, 0xfc, 0x7f,
    0xff, 0xf, 0xff, 0xc1, 0xff, 0xf0, 0x3f, 0xfc,
    0x7, 0xff, 0x0, 0xff, 0xc0, 0x1f, 0xf0, 0x3,
    0xfc, 0x0, 0x7f, 0x0, 0xf, 0xc0, 0x1, 0xf0,
    0x0, 0x3c, 0x0, 0x7, 0x0, 0x0, 0xc0, 0x0,
    0x10,

    /* U+25E6 "◦" */
    0x3e, 0x31, 0xb0, 0x70, 0x18, 0xc, 0x7, 0x6,
    0xc6, 0x3e, 0x0,

    /* U+25E7 "◧" */
    0xff, 0xff, 0xff, 0xe0, 0x3f, 0xf8, 0xf, 0xfe,
    0x3, 0xff, 0x80, 0xff, 0xe0, 0x3f, 0xf8, 0xf,
    0xfe, 0x3, 0xff, 0x80, 0xff, 0xe0, 0x3f, 0xf8,
    0xf, 0xfe, 0x3, 0xff, 0x80, 0xff, 0xe0, 0x3f,
    0xf8, 0xf, 0xfe, 0x3, 0xff, 0xff, 0xc0,

    /* U+25E8 "◨" */
    0xff, 0xff, 0xf0, 0x1f, 0xfc, 0x7, 0xff, 0x1,
    0xff, 0xc0, 0x7f, 0xf0, 0x1f, 0xfc, 0x7, 0xff,
    0x1, 0xff, 0xc0, 0x7f, 0xf0, 0x1f, 0xfc, 0x7,
    0xff, 0x1, 0xff, 0xc0, 0x7f, 0xf0, 0x1f, 0xfc,
    0x7, 0xff, 0x1, 0xff, 0xff, 0xff, 0xc0,

    /* U+25E9 "◩" */
    0xff, 0xff, 0xff, 0xff, 0xff, 0xff, 0xef, 0xff,
    0xf3, 0xff, 0xf8, 0xff, 0xfc, 0x3f, 0xfe, 0xf,
    0xff, 0x3, 0xff, 0x80, 0xff, 0xc0, 0x3f, 0xe0,
    0xf, 0xf0, 0x3, 0xf8, 0x0, 0xfc, 0x0, 0x3e,
    0x0, 0xf, 0x0, 0x3, 0xff, 0xff, 0xc0,

    /* U+25EA "◪" */
    0xff, 0xff, 0xf0, 0x0, 0x3c, 0x0, 0x1f, 0x0,
    0xf, 0xc0, 0x7, 0xf0, 0x3, 0xfc, 0x1, 0xff,
    0x0, 0xff, 0xc0, 0x7f, 0xf0, 0x3f, 0xfc, 0x1f,
    0xff, 0xf, 0xff, 0xc7, 0xff, 0xf3, 0xff, 0xfd,
    0xff, 0xff, 0xff, 0xff, 0xff, 0xff, 0xc0,

    /* U+25EB "◫" */
    0xff, 0xff, 0xf0, 0x30, 0x3c, 0xc, 0xf, 0x3,
    0x3, 0xc0, 0xc0, 0xf0, 0x30, 0x3c, 0xc, 0xf,
    0x3, 0x3, 0xc0, 0xc0, 0xf0, 0x30, 0x3c, 0xc,
    0xf, 0x3, 0x3, 0xc0, 0xc0, 0xf0, 0x30, 0x3c,
    0xc, 0xf, 0x3, 0x3, 0xff, 0xff, 0xc0,

    /* U+25EC "◬" */
    0x0, 0xc0, 0x0, 0x30, 0x0, 0x1e, 0x0, 0x7,
    0x80, 0x3, 0x30, 0x0, 0xcc, 0x0, 0x61, 0x80,
    0x18, 0x60, 0xc, 0xc, 0x3, 0x33, 0x1, 0x9e,
    0x60, 0x67, 0x98, 0x30, 0xc3, 0xc, 0x0, 0xc6,
    0x0, 0x19, 0x80, 0x6, 0xff, 0xff, 0xc0,

    /* U+25ED "◭" */
    0x0, 0x80, 0x0, 0x30, 0x0, 0xc, 0x0, 0x7,
    0x80, 0x1, 0xa0, 0x0, 0xec, 0x0, 0x39, 0x80,
    0x1e, 0x60, 0xf, 0x8c, 0x3, 0xe3, 0x1, 0xf8,
    0x60, 0x7e, 0x18, 0x3f, 0x83, 0xf, 0xe0, 0xc7,
    0xf8, 0x19, 0xfe, 0x6, 0xff, 0xff, 0xc0,

    /* U+25EE "◮" */
    0x0, 0x80, 0x0, 0x30, 0x0, 0xc, 0x0, 0x7,
    0x80, 0x1, 0x60, 0x0, 0xdc, 0x0, 0x27, 0x80,
    0x19, 0xe0, 0xc, 0x7c, 0x3, 0x1f, 0x1, 0x87,
    0xe0, 0x61, 0xf8, 0x30, 0x7f, 0xc, 0x1f, 0xc6,
    0x7, 0xf9, 0x81, 0xfe, 0xff, 0xff, 0xc0,

    /* U+25EF "◯" */
    0x1, 0xf0, 0x1, 0xff, 0x80, 0x78, 0x3c, 0x1c,
    0x1, 0xc7, 0x0, 0x1c, 0xc0, 0x1, 0xb8, 0x0,
    0x3e, 0x0, 0x3, 0xc0, 0x0, 0x78, 0x0, 0xf,
    0x0, 0x1, 0xe0, 0x0, 0x3e, 0x0, 0xe, 0xc0,
    0x1, 0x9c, 0x0, 0x71, 0xc0, 0x1c, 0x1e, 0xf,
    0x1, 0xff, 0x80, 0x7, 0xc0, 0x0,

    /* U+25F0 "◰" */
    0xff, 0xff, 0xf0, 0x30, 0x3c, 0xc, 0xf, 0x3,
    0x3, 0xc0, 0xc0, 0xf0, 0x30, 0x3c, 0xc, 0xf,
    0x3, 0x3, 0xff, 0xc0, 0xf0, 0x0, 0x3c, 0x0,
    0xf, 0x0, 0x3, 0xc0, 0x0, 0xf0, 0x0, 0x3c,
    0x0, 0xf, 0x0, 0x3, 0xff, 0xff, 0xc0,

    /* U+25F1 "◱" */
    0xff, 0xff, 0xf0, 0x0, 0x3c, 0x0, 0xf, 0x0,
    0x3, 0xc0, 0x0, 0xf0, 0x0, 0x3c, 0x0, 0xf,
    0x0, 0x3, 0xff, 0xc0, 0xf0, 0x30, 0x3c, 0xc,
    0xf, 0x3, 0x3, 0xc0, 0xc0, 0xf0, 0x30, 0x3c,
    0xc, 0xf, 0x3, 0x3, 0xff, 0xff, 0xc0,

    /* U+25F2 "◲" */
    0xff, 0xff, 0xf0, 0x0, 0x3c, 0x0, 0xf, 0x0,
    0x3, 0xc0, 0x0, 0xf0, 0x0, 0x3c, 0x0, 0xf,
    0x0, 0x3, 0xc0, 0xff, 0xf0, 0x30, 0x3c, 0xc,
    0xf, 0x3, 0x3, 0xc0, 0xc0, 0xf0, 0x30, 0x3c,
    0xc, 0xf, 0x3, 0x3, 0xff, 0xff, 0xc0,

    /* U+25F3 "◳" */
    0xff, 0xff, 0xf0, 0x30, 0x3c, 0xc, 0xf, 0x3,
    0x3, 0xc0, 0xc0, 0xf0, 0x30, 0x3c, 0xc, 0xf,
    0x3, 0x3, 0xc0, 0xff, 0xf0, 0x0, 0x3c, 0x0,
    0xf, 0x0, 0x3, 0xc0, 0x0, 0xf0, 0x0, 0x3c,
    0x0, 0xf, 0x0, 0x3, 0xff, 0xff, 0xc0,

    /* U+25F4 "◴" */
    0x7, 0xf0, 0x3, 0xff, 0x3, 0xcc, 0xf1, 0xc3,
    0xc, 0x60, 0xc1, 0xb0, 0x30, 0x7c, 0xc, 0xf,
    0x3, 0x3, 0xff, 0xc0, 0xf0, 0x0, 0x3c, 0x0,
    0xf, 0x80, 0x6, 0x60, 0x3, 0x8c, 0x1, 0xc1,
    0xc1, 0xe0, 0x3f, 0xf0, 0x3, 0xf0, 0x0,

    /* U+25F5 "◵" */
    0x3, 0xf0, 0x3, 0xff, 0x1, 0xc1, 0xe0, 0xe0,
    0x1c, 0x70, 0x3, 0x98, 0x0, 0x6c, 0x0, 0xf,
    0x0, 0x3, 0xc0, 0x0, 0xff, 0xf0, 0x3c, 0xc,
    0xf, 0x3, 0x3, 0xc0, 0xc1, 0x98, 0x30, 0x63,
    0xc, 0x30, 0x73, 0x38, 0xf, 0xfc, 0x0, 0xfc,
    0x0,

    /* U+25F6 "◶" */
    0x3, 0xf0, 0x3, 0xff, 0x1, 0xe1, 0xe0, 0xe0,
    0x1c, 0x70, 0x3, 0x98, 0x0, 0x6c, 0x0, 0xf,
    0x0, 0x3, 0xc0, 0x0, 0xf0, 0x3f, 0xfc, 0xc,
    0xf, 0x3, 0x3, 0x60, 0xc0, 0x98, 0x30, 0x63,
    0xc, 0x30, 0x73, 0x38, 0xf, 0xfc, 0x0, 0xfc,
    0x0,

    /* U+25F7 "◷" */
    0x3, 0xf0, 0x3, 0xff, 0x3, 0xcc, 0xf0, 0xc3,
    0xe, 0x60, 0xc1, 0xb8, 0x30, 0x3c, 0xc, 0xf,
    0x3, 0x3, 0xc0, 0xff, 0xf0, 0x0, 0x3c, 0x0,
    0xd, 0x80, 0x7, 0x70, 0x1, 0x8e, 0x0, 0xc1,
    0xe0, 0xe0, 0x3f, 0xf0, 0x3, 0xf0, 0x0,

    /* U+25F8 "◸" */
    0xff, 0xff, 0xf0, 0x0, 0xec, 0x0, 0x73, 0x0,
    0x38, 0xc0, 0x18, 0x30, 0xc, 0xc, 0x6, 0x3,
    0x3, 0x0, 0xc1, 0x80, 0x30, 0xc0, 0xc, 0x60,
    0x3, 0x30, 0x0, 0xd8, 0x0, 0x3c, 0x0, 0xe,
    0x0, 0x3, 0x0, 0x0, 0x80, 0x0, 0x0,

    /* U+25F9 "◹" */
    0xff, 0xff, 0xdc, 0x0, 0x33, 0x80, 0xc, 0x70,
    0x3, 0x6, 0x0, 0xc0, 0xc0, 0x30, 0x18, 0xc,
    0x3, 0x3, 0x0, 0x60, 0xc0, 0xc, 0x30, 0x1,
    0x8c, 0x0, 0x33, 0x0, 0x6, 0xc0, 0x0, 0xf0,
    0x0, 0x1c, 0x0, 0x3, 0x0, 0x0, 0x40,

    /* U+25FA "◺" */
    0x80, 0x0, 0x30, 0x0, 0xe, 0x0, 0x3, 0xc0,
    0x0, 0xd8, 0x0, 0x33, 0x0, 0xc, 0x60, 0x3,
    0xc, 0x0, 0xc1, 0x80, 0x30, 0x30, 0xc, 0x6,
    0x3, 0x0, 0xc0, 0xc0, 0x18, 0x30, 0x3, 0x8c,
    0x0, 0x73, 0x0, 0xe, 0xff, 0xff, 0xc0,

    /* U+25FB "◻" */
    0xff, 0xff, 0xc0, 0x3, 0xc0, 0x3, 0xc0, 0x3,
    0xc0, 0x3, 0xc0, 0x3, 0xc0, 0x3, 0xc0, 0x3,
    0xc0, 0x3, 0xc0, 0x3, 0xc0, 0x3, 0xc0, 0x3,
    0xc0, 0x3, 0xff, 0xff,

    /* U+25FC "◼" */
    0xff, 0xff, 0xff, 0xff, 0xff, 0xff, 0xff, 0xff,
    0xff, 0xff, 0xff, 0xff, 0xff, 0xff, 0xff, 0xff,
    0xff, 0xff, 0xff, 0xff, 0xff, 0xff, 0xff, 0xff,
    0xff, 0xff, 0xff, 0xff, 0x80,

    /* U+25FD "◽" */
    0xff, 0xfe, 0x0, 0xf0, 0x7, 0x80, 0x3c, 0x1,
    0xe0, 0xf, 0x0, 0x78, 0x3, 0xc0, 0x1e, 0x0,
    0xf0, 0x7, 0xff, 0xf0,

    /* U+25FE "◾" */
    0xff, 0xff, 0xff, 0xff, 0xff, 0xff, 0xff, 0xff,
    0xff, 0xff, 0xff, 0xff, 0xff, 0xff, 0xff, 0xff,
    0xff, 0xff, 0xff, 0xff, 0xff, 0x80,

    /* U+25FF "◿" */
    0x0, 0x0, 0x40, 0x0, 0x30, 0x0, 0x1c, 0x0,
    0xf, 0x0, 0x6, 0xc0, 0x3, 0x30, 0x1, 0x8c,
    0x0, 0xc3, 0x0, 0x60, 0xc0, 0x30, 0x30, 0x18,
    0xc, 0xc, 0x3, 0x6, 0x0, 0xc7, 0x0, 0x33,
    0x80, 0xd, 0xc0, 0x3, 0xff, 0xff, 0xc0,

    /* U+2701 "✁" */
    0x18, 0x0, 0x12, 0x0, 0x9, 0x0, 0x3, 0x80,
    0x0, 0x40, 0x0, 0x10, 0x3, 0x8f, 0xf9, 0x3f,
    0x82, 0x60, 0x60, 0x0, 0x18, 0x0,

    /* U+2702 "✂" */
    0x60, 0x0, 0x48, 0x0, 0x24, 0x3, 0xcf, 0x8f,
    0x80, 0x7e, 0x0, 0x3f, 0x1, 0xf1, 0xf1, 0x20,
    0x1e, 0x90, 0x0, 0x30, 0x0, 0x0,

    /* U+2703 "✃" */
    0x60, 0x60, 0x90, 0xc0, 0xbf, 0xff, 0x43, 0x0,
    0x6, 0x0, 0x1c, 0x0, 0x24, 0x0, 0x24, 0x0,
    0x18, 0x0,

    /* U+2704 "✄" */
    0x70, 0x0, 0x54, 0x3, 0xba, 0x6, 0x38, 0xcc,
    0xe7, 0x99, 0x80, 0x37, 0x1, 0xfe, 0x71, 0x50,
    0xe7, 0xa8, 0xf, 0x38, 0x0, 0x0,

    /* U+2706 "✆" */
    0x7, 0xe0, 0x1c, 0x18, 0x30, 0xc, 0x20, 0xd4,
    0x41, 0xd2, 0xc3, 0xd3, 0x83, 0x1, 0x82, 0x1,
    0x86, 0x1, 0x86, 0x1, 0x84, 0x1, 0xc6, 0x3,
    0x45, 0x2, 0x2f, 0x6, 0xa, 0xc, 0xc, 0x18,
    0x3, 0xe0,

    /* U+2707 "✇" */
    0x3, 0xe0, 0x6, 0xc, 0xc, 0x1, 0x4, 0x38,
    0x44, 0x1c, 0x16, 0xe, 0xa, 0x0, 0x3, 0x3,
    0x81, 0x85, 0xd0, 0xc6, 0xec, 0x6f, 0x8f, 0xab,
    0x87, 0xa4, 0x0, 0x11, 0x0, 0x10, 0xc0, 0x10,
    0x18, 0x30, 0x3, 0xe0, 0x0,

    /* U+2708 "✈" */
    0x4, 0x0, 0x6, 0x0, 0x3, 0x80, 0x3, 0x0,
    0x3, 0x80, 0x1, 0xe0, 0x81, 0xc0, 0xc1, 0xe0,
    0xff, 0xff, 0xc1, 0xe0, 0x81, 0xc0, 0x1, 0xe0,
    0x3, 0x80, 0x3, 0x0, 0x3, 0x80, 0x6, 0x0,
    0x4, 0x0,

    /* U+2709 "✉" */
    0xff, 0xff, 0xc0, 0x3, 0xb0, 0xd, 0x8d, 0xb1,
    0x83, 0xe1, 0x83, 0xc1, 0x8d, 0xf1, 0x98, 0x19,
    0xe0, 0x7, 0xc0, 0x3, 0xff, 0xff,

    /* U+270C "✌" */
    0x61, 0xa9, 0x54, 0xaa, 0x52, 0xa9, 0x54, 0xda,
    0xd1, 0xf4, 0xd9, 0x7a, 0x37, 0x19, 0xa, 0x45,
    0x22, 0x89, 0x20, 0x90, 0x4f, 0xe0,

    /* U+270D "✍" */
    0x0, 0x20, 0x0, 0x30, 0x1, 0xf8, 0x1, 0x98,
    0x1, 0x9a, 0x1, 0x18, 0xf8, 0x9c, 0x12, 0x9a,
    0x9, 0x6f, 0x84, 0xaa, 0x2, 0x5f, 0xfb, 0x3c,
    0x2, 0xe8, 0x0, 0x0,

    /* U+270E "✎" */
    0x3c, 0x0, 0xcc, 0x3, 0xe4, 0x5, 0x64, 0x9,
    0x24, 0x1e, 0x24, 0x12, 0x24, 0x12, 0x24, 0x12,
    0x28, 0x12, 0x38, 0x12, 0x50, 0x13, 0x20, 0x1c,
    0x40, 0xf, 0xc0, 0x1, 0x80,

    /* U+270F "✏" */
    0x3f, 0xe0, 0x30, 0xc, 0x27, 0xf9, 0x12, 0x2,
    0x6b, 0x1, 0x34, 0xff, 0xa1, 0x80, 0x60, 0x7f,
    0xc0,

    /* U+2710 "✐" */
    0x0, 0x6, 0x0, 0xfc, 0x7, 0x10, 0x13, 0x20,
    0x49, 0x41, 0x23, 0x84, 0x8a, 0x12, 0x24, 0x48,
    0x91, 0xa2, 0x42, 0xc9, 0x5, 0x64, 0xf, 0x90,
    0xc, 0xc0, 0xf, 0x0, 0x0,

    /* U+2711 "✑" */
    0x0, 0x0, 0x1f, 0xfc, 0x1c, 0x1, 0xc8, 0x1f,
    0xf4, 0x8, 0x2, 0x3, 0xfd, 0xf0, 0x30, 0x7,
    0xe0,

    /* U+2712 "✒" */
    0x7, 0xe0, 0x3f, 0xfe, 0x1f, 0xef, 0xcf, 0xe0,
    0x7, 0xfb, 0xf3, 0xff, 0xe0, 0x1f, 0x80,

    /* U+2713 "✓" */
    0x0, 0x0, 0x0, 0x60, 0x3, 0x0, 0x1c, 0x0,
    0xe0, 0x7, 0x0, 0x18, 0x0, 0xe0, 0x7, 0x3,
    0x98, 0xe, 0xc0, 0x1f, 0x0, 0x78, 0x0, 0xc0,
    0x0,

    /* U+2714 "✔" */
    0x0, 0x7, 0x0, 0x1e, 0x0, 0x3e, 0x0, 0x7c,
    0x0, 0xf8, 0x1, 0xf0, 0x3, 0xe0, 0xf3, 0xc0,
    0xf7, 0x80, 0xff, 0x0, 0xff, 0x0, 0x7e, 0x0,
    0x7c, 0x0, 0x38, 0x0,

    /* U+2715 "✕" */
    0x40, 0xb, 0x80, 0x77, 0x3, 0x8e, 0x1c, 0x1c,
    0xe0, 0x3f, 0x0, 0x78, 0x1, 0xe0, 0xf, 0xc0,
    0x73, 0x83, 0x87, 0x1c, 0xe, 0xe0, 0x1d, 0x0,
    0x20,

    /* U+2716 "✖" */
    0x10, 0x10, 0x70, 0x71, 0xf1, 0xf7, 0xf7, 0xf7,
    0xff, 0xc7, 0xff, 0x7, 0xfc, 0x7, 0xf0, 0x1f,
    0xf0, 0x7f, 0xf1, 0xff, 0xf7, 0xf7, 0xf7, 0xc7,
    0xc7, 0x7, 0x4, 0x4, 0x0,

    /* U+2717 "✗" */
    0x0, 0xc, 0x30, 0x70, 0xc3, 0x83, 0x9c, 0xe,
    0xe0, 0x1f, 0x80, 0x7c, 0x1, 0xe0, 0x7, 0x80,
    0x3f, 0x1, 0xfc, 0x7, 0x38, 0x3c, 0xf1, 0xe1,
    0xc7, 0x2, 0x3c, 0x0, 0xe0, 0x3, 0x0, 0x0,

    /* U+2718 "✘" */
    0x0, 0x0, 0x10, 0xe, 0x78, 0x1f, 0x78, 0x3f,
    0x7c, 0x7e, 0x3e, 0xfc, 0x3f, 0xf8, 0x1f, 0xf0,
    0x1f, 0xe0, 0xf, 0xc0, 0xf, 0xe0, 0x1f, 0xe0,
    0x3f, 0xf0, 0x7f, 0xf8, 0xfd, 0xfc, 0xf8, 0xfc,
    0xf0, 0x78, 0xe0, 0x0, 0x20, 0x0,

    /* U+2719 "✙" */
    0x7, 0xe0, 0x4, 0x20, 0x5, 0xa0, 0x5, 0xa0,
    0x5, 0xa0, 0xfd, 0xbf, 0x81, 0x81, 0xbf, 0xfd,
    0xbf, 0xfd, 0x81, 0x81, 0xfd, 0xbf, 0x5, 0xa0,
    0x5, 0xa0, 0x5, 0xa0, 0x4, 0x20, 0x7, 0xe0,

    /* U+271A "✚" */
    0x3, 0xc0, 0x3, 0xc0, 0x3, 0xc0, 0x3, 0xc0,
    0x3, 0xc0, 0xff, 0xff, 0xff, 0xff, 0xff, 0xff,
    0xff, 0xff, 0xff, 0xff, 0x3, 0xc0, 0x3, 0xc0,
    0x3, 0xc0, 0x3, 0xc0, 0x3, 0xc0,

    /* U+271B "✛" */
    0x1, 0xc0, 0x0, 0xe0, 0x0, 0x70, 0x0, 0x38,
    0x0, 0x1c, 0x0, 0xe, 0x0, 0x7, 0x1, 0xfc,
    0x7f, 0xfe, 0x3f, 0xff, 0x1f, 0xc0, 0x70, 0x0,
    0x38, 0x0, 0x1c, 0x0, 0xe, 0x0, 0x7, 0x0,
    0x3, 0x80, 0x1, 0xc0, 0x0,

    /* U+271C "✜" */
    0x3, 0xe0, 0x1, 0xf0, 0x0, 0xf8, 0x0, 0x7c,
    0x0, 0x3e, 0x0, 0x1f, 0x3, 0xf0, 0x7f, 0xf8,
    0x3f, 0xfc, 0x1f, 0xfe, 0xf, 0xff, 0x7, 0xe0,
    0x7c, 0x0, 0x3e, 0x0, 0x1f, 0x0, 0xf, 0x80,
    0x7, 0xc0, 0x3, 0xe0, 0x0,

    /* U+271D "✝" */
    0x7, 0x0, 0x38, 0x1, 0xc0, 0xe, 0x0, 0x70,
    0x7f, 0xff, 0xff, 0xff, 0xff, 0x7, 0x0, 0x38,
    0x1, 0xc0, 0xe, 0x0, 0x70, 0x3, 0x80, 0x1c,
    0x0, 0xe0, 0x7, 0x0, 0x38, 0x1, 0xc0,

    /* U+271E "✞" */
    0xf, 0x80, 0x11, 0xc0, 0x23, 0x80, 0x47, 0xf,
    0x8f, 0xd0, 0x1, 0xe0, 0x3, 0xc0, 0x7, 0xf8,
    0xfe, 0xf1, 0xfc, 0x23, 0x80, 0x47, 0x0, 0x8e,
    0x1, 0x1c, 0x2, 0x38, 0x4, 0x70, 0x8, 0xe0,
    0x1f, 0xc0, 0x1f, 0x80,

    /* U+271F "✟" */
    0xf, 0xc0, 0x21, 0x0, 0xb4, 0x3e, 0xdf, 0x83,
    0x6, 0xff, 0xdb, 0xff, 0x6f, 0xfd, 0x83, 0x7,
    0xed, 0xf0, 0xb4, 0x2, 0xd0, 0xb, 0x40, 0x2d,
    0x0, 0xb4, 0x2, 0xd0, 0x8, 0x40, 0x3f, 0x0,

    /* U+2720 "✠" */
    0x3f, 0xfe, 0x7, 0xfc, 0x20, 0xf8, 0x30, 0x38,
    0x18, 0x1c, 0xe, 0x4, 0xf, 0x82, 0xf, 0xe1,
    0xf, 0xff, 0xff, 0xf8, 0x43, 0xf8, 0x20, 0xf8,
    0x10, 0x38, 0x1c, 0xc, 0xe, 0x6, 0xf, 0x82,
    0x1f, 0xf0, 0x3f, 0xfe, 0x0,

    /* U+2721 "✡" */
    0x0, 0x0, 0x1, 0x80, 0x1, 0x80, 0x3, 0xc0,
    0x2, 0x40, 0xff, 0xff, 0x4c, 0x32, 0x28, 0x16,
    0x38, 0x1c, 0x10, 0x8, 0x38, 0x1c, 0x28, 0x16,
    0x4c, 0x32, 0xff, 0xff, 0x2, 0x40, 0x3, 0xc0,
    0x1, 0x80, 0x1, 0x80, 0x0, 0x0,

    /* U+2722 "✢" */
    0x0, 0xc0, 0x0, 0x78, 0x0, 0x1e, 0x0, 0x7,
    0x80, 0x1, 0xe0, 0x0, 0x30, 0x0, 0xc, 0x1,
    0xe3, 0x1e, 0xff, 0xff, 0xff, 0xff, 0xf7, 0x8c,
    0x78, 0x3, 0x0, 0x0, 0xc0, 0x0, 0x78, 0x0,
    0x1e, 0x0, 0x7, 0x80, 0x1, 0xe0, 0x0, 0x30,
    0x0,

    /* U+2723 "✣" */
    0x1, 0xc0, 0x1, 0xf0, 0x0, 0xf8, 0x0, 0x7c,
    0x0, 0x1c, 0x0, 0x4, 0x1, 0xc2, 0x1d, 0xf1,
    0x1f, 0xff, 0xff, 0xfc, 0x47, 0xdc, 0x21, 0xc0,
    0x10, 0x0, 0x1c, 0x0, 0x1f, 0x0, 0xf, 0x80,
    0x7, 0xc0, 0x1, 0xc0, 0x0,

    /* U+2724 "✤" */
    0x1, 0xc0, 0x1, 0xf0, 0x0, 0xf8, 0x0, 0x7c,
    0x0, 0x3e, 0x0, 0xe, 0x1, 0xe2, 0x3d, 0xf9,
    0x3f, 0xff, 0xff, 0xfe, 0x4f, 0xde, 0x23, 0xc0,
    0x38, 0x0, 0x3e, 0x0, 0x1f, 0x0, 0xf, 0x80,
    0x7, 0xc0, 0x1, 0xc0, 0x0,

    /* U+2725 "✥" */
    0x1, 0x80, 0x1, 0xe0, 0x1, 0xf8, 0x0, 0xfe,
    0x0, 0x7f, 0x0, 0xcc, 0x60, 0xe6, 0x78, 0xf3,
    0x1e, 0xff, 0xff, 0xf8, 0xc7, 0xce, 0x67, 0x87,
    0x31, 0x80, 0x7e, 0x0, 0x3f, 0x80, 0x1f, 0x80,
    0x7, 0x80, 0x1, 0x80, 0x0,

    /* U+2726 "✦" */
    0x0, 0x0, 0x1, 0x0, 0x1, 0x0, 0x1, 0x80,
    0x1, 0x80, 0x3, 0xc0, 0x7, 0xe0, 0xf, 0xf0,
    0x3f, 0xfc, 0x5f, 0xfa, 0xf, 0xf0, 0x3, 0xc0,
    0x3, 0xc0, 0x1, 0x80, 0x0, 0x80, 0x1, 0x0,
    0x0, 0x0,

    /* U+2727 "✧" */
    0x0, 0x0, 0x0, 0x80, 0x0, 0x40, 0x0, 0x30,
    0x0, 0x18, 0x0, 0x1e, 0x0, 0x19, 0x80, 0x18,
    0x60, 0x30, 0xc, 0x2c, 0xd, 0x81, 0x8, 0x0,
    0x48, 0x0, 0x3c, 0x0, 0xc, 0x0, 0x2, 0x0,
    0x2, 0x0, 0x0, 0x0, 0x0,

    /* U+2729 "✩" */
    0x0, 0x80, 0x0, 0x60, 0x0, 0x50, 0x0, 0x24,
    0x0, 0x33, 0x0, 0x70, 0xe3, 0xc0, 0xe, 0x80,
    0x2, 0x30, 0x3, 0xc, 0x3, 0x3, 0x3, 0x1,
    0x0, 0x80, 0x80, 0x40, 0x46, 0x20, 0x4c, 0xd0,
    0x38, 0x18,

    /* U+272A "✪" */
    0x7, 0xe0, 0x1f, 0xf8, 0x3e, 0x7c, 0x7e, 0x7e,
    0x7e, 0x7e, 0xfc, 0x3f, 0xc0, 0x3, 0xe0, 0x7,
    0xf8, 0x1f, 0xf8, 0x1f, 0xf8, 0x1f, 0x71, 0x8e,
    0x73, 0xce, 0x37, 0xec, 0x1f, 0xf8, 0x7, 0xe0,

    /* U+272B "✫" */
    0x0, 0x0, 0x1, 0x0, 0x1, 0x80, 0x1, 0x80,
    0x1, 0x80, 0x3, 0xc0, 0xfc, 0x3f, 0x78, 0x1e,
    0x38, 0x1c, 0x8, 0x10, 0x8, 0x20, 0xc, 0x30,
    0xf, 0x70, 0xe, 0xf0, 0x18, 0x18, 0x10, 0x8,

    /* U+272C "✬" */
    0x0, 0x80, 0x0, 0x60, 0x0, 0x50, 0x0, 0x24,
    0x0, 0x32, 0x0, 0x30, 0xc1, 0xff, 0xfe, 0x87,
    0xe1, 0x23, 0xf1, 0x9, 0xf9, 0x7, 0xff, 0x81,
    0x7e, 0x80, 0x9e, 0x40, 0x46, 0x20, 0x27, 0x90,
    0x24, 0x28, 0xc, 0xc, 0x0,

    /* U+272D "✭" */
    0x0, 0x0, 0x1, 0x80, 0x1, 0x80, 0x1, 0x80,
    0x2, 0x40, 0x3, 0x40, 0xff, 0xff, 0x41, 0x82,
    0x3f, 0xfc, 0xb, 0xd0, 0xb, 0xe0, 0xa, 0x50,
    0xd, 0xb0, 0x16, 0x70, 0x18, 0x18, 0x10, 0x8,

    /* U+272E "✮" */
    0x0, 0x0, 0x1, 0x0, 0x1, 0x80, 0x1, 0x80,
    0x1, 0x80, 0x2, 0x40, 0x7e, 0x7e, 0x30, 0xc,
    0x19, 0x98, 0x5, 0xa0, 0x4, 0x20, 0x9, 0x90,
    0xe, 0x70, 0xc, 0x30, 0x10, 0x8, 0x0, 0x0,

    /* U+272F "✯" */
    0x0, 0x0, 0x1, 0x80, 0x1, 0x80, 0x1, 0x80,
    0x2, 0xc0, 0x2, 0xc0, 0xfe, 0xff, 0x5e, 0x86,
    0x33, 0x38, 0x9, 0xf0, 0x6, 0xa0, 0xc, 0xd0,
    0xd, 0xf0, 0xe, 0x70, 0x18, 0x18, 0x10, 0x8,

    /* U+2730 "✰" */
    0x1, 0x80, 0x1, 0x80, 0x3, 0xc0, 0x2, 0xc0,
    0x4, 0xc0, 0xfc, 0xff, 0x40, 0xe, 0x20, 0x1c,
    0x18, 0x38, 0x8, 0x30, 0x11, 0x30, 0x17, 0xb0,
    0x1e, 0x58, 0x1c, 0x38, 0x18, 0x0,

    /* U+2731 "✱" */
    0x3, 0xc0, 0x3, 0xc0, 0x3, 0xc0, 0x63, 0xc6,
    0xfb, 0xdf, 0xff, 0xff, 0x7f, 0xfe, 0x3f, 0xfc,
    0xf, 0xf0, 0x3f, 0xfc, 0x7f, 0xfe, 0xff, 0xff,
    0xfb, 0xdf, 0x63, 0xc6, 0x3, 0xc0, 0x3, 0xc0,
    0x3, 0xc0,

    /* U+2732 "✲" */
    0x3, 0x80, 0x7, 0x0, 0xe, 0x2, 0x1c, 0x2e,
    0x38, 0xff, 0x77, 0xcf, 0x1e, 0x4, 0x10, 0x8,
    0x20, 0x78, 0xf3, 0xee, 0xff, 0x1c, 0x74, 0x38,
    0x40, 0x70, 0x0, 0xe0, 0x1, 0xc0,

    /* U+2733 "✳" */
    0x0, 0x80, 0x0, 0x40, 0x8, 0x20, 0x83, 0x11,
    0x80, 0xc9, 0x80, 0x35, 0x80, 0xf, 0x81, 0xff,
    0xff, 0xff, 0xff, 0x81, 0xf0, 0x1, 0xac, 0x1,
    0x93, 0x1, 0x88, 0xc1, 0x4, 0x10, 0x2, 0x0,
    0x1, 0x0,

    /* U+2734 "✴" */
    0x0, 0x0, 0x0, 0x80, 0x0, 0x40, 0x0, 0x20,
    0x1, 0x18, 0x80, 0x6d, 0x80, 0x1f, 0x80, 0x7,
    0x80, 0x7f, 0xfe, 0x3, 0xf0, 0x81, 0xf8, 0x1,
    0xb6, 0x0, 0x99, 0x0, 0x84, 0x40, 0x4, 0x0,
    0x2, 0x0, 0x0, 0x0, 0x0,

    /* U+2735 "✵" */
    0x0, 0x0, 0x0, 0x30, 0x0, 0xc, 0x0, 0x63,
    0x18, 0xf, 0x7c, 0x2, 0xd3, 0x0, 0x95, 0x80,
    0x73, 0xd8, 0x7f, 0x81, 0x8e, 0x5f, 0xc0, 0x6a,
    0x80, 0x32, 0xd0, 0xb, 0xbc, 0x7, 0x6b, 0x81,
    0xc, 0x20, 0x3, 0x0, 0x0, 0x80, 0x0,

    /* U+2736 "✶" */
    0x0, 0x0, 0x1, 0x0, 0x1, 0x0, 0x1, 0x80,
    0x1, 0x80, 0x81, 0x81, 0x71, 0x8e, 0x1f, 0xfc,
    0xf, 0xf0, 0x7, 0xe0, 0xf, 0xf0, 0x1f, 0xf8,
    0x3d, 0xbc, 0x61, 0x86, 0x1, 0x80, 0x1, 0x80,
    0x1, 0x80, 0x1, 0x0, 0x0, 0x0,

    /* U+2737 "✷" */
    0x0, 0x0, 0x0, 0x20, 0x0, 0x4, 0x0, 0x43,
    0x8, 0xc, 0xcc, 0x1, 0xb6, 0x0, 0x7f, 0x80,
    0xf, 0xc0, 0x3f, 0xff, 0x17, 0xff, 0xa0, 0x3f,
    0x0, 0x1f, 0xe0, 0xe, 0xdc, 0x2, 0x31, 0x1,
    0xc, 0x20, 0x2, 0x0, 0x0, 0x0, 0x0,

    /* U+2738 "✸" */
    0x0, 0x0, 0x0, 0x30, 0x0, 0xc, 0x0, 0x77,
    0x98, 0xf, 0xfc, 0x3, 0xff, 0x0, 0xff, 0xc0,
    0x7f, 0xf8, 0x7f, 0xff, 0x8f, 0xff, 0xc0, 0xff,
    0xc0, 0x3f, 0xf0, 0xf, 0xfc, 0x7, 0xfb, 0x81,
    0xc, 0x20, 0x3, 0x0, 0x0, 0x80, 0x0,

    /* U+2739 "✹" */
    0x0, 0x0, 0x0, 0x80, 0x2, 0x64, 0x1, 0xb6,
    0x0, 0xff, 0x3, 0xbf, 0xf0, 0xff, 0xf0, 0x3f,
    0xf0, 0x7f, 0xfe, 0x7f, 0xff, 0x87, 0xfe, 0x7,
    0xff, 0x87, 0x7f, 0xe0, 0x7f, 0x80, 0x36, 0xc0,
    0x13, 0x20, 0x1, 0x0, 0x0, 0x0, 0x0,

    /* U+273A "✺" */
    0x4, 0x90, 0x2, 0x48, 0xd, 0xad, 0x83, 0x55,
    0x80, 0xff, 0x87, 0xbf, 0xbc, 0x7f, 0xf1, 0xff,
    0xff, 0xff, 0xff, 0x8f, 0xfe, 0x3d, 0xfd, 0xe1,
    0xff, 0x1, 0xaa, 0xc1, 0xb5, 0xb0, 0x12, 0x40,
    0x9, 0x20,

    /* U+273B "✻" */
    0x1, 0x80, 0x3, 0xc0, 0x3, 0xc0, 0x3, 0xc0,
    0xf1, 0x8f, 0xf1, 0x8f, 0xf9, 0x9f, 0x3f, 0xfe,
    0x3, 0xc0, 0x3, 0xc0, 0x3f, 0xfc, 0xf9, 0x9f,
    0xf1, 0x8f, 0xf1, 0x8f, 0x3, 0xc0, 0x3, 0xc0,
    0x3, 0xc0, 0x1, 0x80,

    /* U+273C "✼" */
    0x1, 0x80, 0x3, 0xc0, 0x3, 0xc0, 0x3, 0xc0,
    0xf1, 0x8f, 0xf1, 0x8f, 0xf9, 0x9f, 0x7d, 0xbe,
    0x2, 0x40, 0x2, 0x40, 0x7d, 0xbe, 0xf9, 0x9f,
    0xf9, 0x9f, 0xf1, 0x8f, 0x3, 0xc0, 0x3, 0xc0,
    0x3, 0xc0, 0x1, 0x80,

    /* U+273D "✽" */
    0x1, 0xc0, 0x1, 0xf0, 0x0, 0xf8, 0xe, 0x7c,
    0xef, 0xbe, 0xff, 0xee, 0xff, 0xf2, 0xfe, 0xfd,
    0x7e, 0x1b, 0xec, 0x9, 0xf6, 0x1f, 0xaf, 0xdf,
    0x93, 0xff, 0xdd, 0xff, 0xdf, 0x7d, 0xcf, 0x98,
    0x7, 0xc0, 0x3, 0xe0, 0x0, 0xe0, 0x0,

    /* U+273E "✾" */
    0x1, 0xc0, 0x1, 0x10, 0x0, 0x88, 0x0, 0x44,
    0x7, 0x36, 0x77, 0xca, 0x7f, 0xf7, 0x7f, 0xfd,
    0x7f, 0x7f, 0xff, 0x0, 0xe0, 0x1f, 0xff, 0xd8,
    0xd6, 0x38, 0x5d, 0xe, 0x5f, 0x4d, 0xcf, 0x9c,
    0x7, 0xc0, 0x3, 0xe0, 0x0, 0xe0, 0x0,

    /* U+273F "✿" */
    0x1, 0xc0, 0x1, 0xf0, 0x1, 0xfc, 0x0, 0xfe,
    0x7, 0xff, 0xf7, 0xe0, 0xff, 0xe0, 0x3f, 0xf0,
    0x1f, 0xf8, 0xf, 0xbc, 0x7, 0x86, 0x3, 0x7,
    0x83, 0xc3, 0xff, 0xe1, 0xfb, 0xf0, 0xfd, 0xf8,
    0x3c, 0x78,

    /* U+2740 "❀" */
    0x1, 0xe0, 0x1, 0x98, 0x0, 0x84, 0x0, 0x42,
    0x3, 0xe1, 0xf2, 0x3f, 0xce, 0xf, 0xc3, 0xf,
    0xf1, 0xc7, 0xf9, 0xbf, 0xff, 0x83, 0xff, 0x3,
    0x7e, 0xc2, 0x1e, 0x21, 0x6, 0x10, 0x83, 0x8,
    0x23, 0xc8, 0xe, 0x3c, 0x0,

    /* U+2741 "❁" */
    0x1, 0xc0, 0x0, 0x88, 0x1, 0xeb, 0xe0, 0x8a,
    0xc4, 0x2b, 0xad, 0x9, 0x76, 0xc7, 0xbe, 0xfa,
    0x18, 0x63, 0xbe, 0x1f, 0x6f, 0x84, 0xf7, 0xbe,
    0xf8, 0xd7, 0x6c, 0x2f, 0xad, 0x8, 0xac, 0x41,
    0xeb, 0xe0, 0x8, 0x80, 0x1, 0xc0, 0x0,

    /* U+2742 "❂" */
    0x3, 0xe0, 0x7, 0xbc, 0xf, 0x8f, 0x8c, 0xc6,
    0x66, 0x3e, 0x37, 0xb1, 0xbf, 0xe0, 0x3f, 0x10,
    0x11, 0x88, 0x8, 0xfc, 0x7, 0xfd, 0x8d, 0xec,
    0x7c, 0x66, 0x63, 0x31, 0xf1, 0xf0, 0x7d, 0xf0,
    0xf, 0xe0,

    /* U+2743 "❃" */
    0x3, 0x80, 0x6, 0xc0, 0x4, 0xe0, 0x74, 0xee,
    0xfe, 0xd9, 0xbb, 0xd3, 0x9d, 0xaf, 0xcd, 0xbf,
    0x7f, 0xfe, 0x3, 0xc0, 0x7f, 0xfe, 0xfd, 0xa3,
    0xf5, 0xb9, 0xcb, 0xdd, 0x9f, 0x5f, 0x77, 0x6e,
    0x7, 0x60, 0x7, 0x40, 0x3, 0x80,

    /* U+2744 "❄" */
    0x0, 0xc0, 0x0, 0x30, 0x0, 0x2d, 0x0, 0xf,
    0xc0, 0x99, 0xe6, 0x7e, 0x31, 0xb7, 0x8c, 0x78,
    0xf3, 0x3c, 0x67, 0xf9, 0x90, 0xfc, 0x24, 0x3f,
    0x9, 0x9f, 0xe6, 0x3c, 0xcf, 0x1e, 0x31, 0xed,
    0x8c, 0x6e, 0x67, 0x99, 0x3, 0xf0, 0x0, 0xb4,
    0x0, 0xc, 0x0, 0x3, 0x0,

    /* U+2745 "❅" */
    0x1, 0x0, 0x2, 0x0, 0x24, 0x80, 0x7f, 0xc,
    0xba, 0x6f, 0x27, 0x87, 0x5c, 0x1b, 0xec, 0xe3,
    0x8e, 0x6f, 0xb0, 0x75, 0xc3, 0xc9, 0xec, 0xba,
    0x61, 0xfc, 0x2, 0x48, 0x0, 0x80, 0x1, 0x0,

    /* U+2746 "❆" */
    0x2, 0xa0, 0x7, 0xe0, 0x37, 0xec, 0x31, 0xcc,
    0xf0, 0x8f, 0x70, 0x8e, 0xfc, 0xbf, 0xc7, 0xe3,
    0x1, 0xc0, 0xc7, 0xe3, 0xfc, 0xbf, 0x70, 0x8e,
    0xf0, 0x8f, 0x31, 0xcc, 0x37, 0xec, 0x7, 0xe0,
    0x2, 0xa0,

    /* U+2747 "❇" */
    0x1, 0xc0, 0x1, 0xf0, 0x0, 0xf8, 0x4, 0x7c,
    0x4f, 0x88, 0xff, 0xc4, 0x7f, 0xf2, 0x7e, 0xfd,
    0x7e, 0x3, 0xe0, 0x1, 0xf0, 0x1f, 0xaf, 0xdf,
    0x93, 0xff, 0x88, 0xff, 0xc4, 0x7c, 0x8f, 0x88,
    0x7, 0xc0, 0x3, 0xe0, 0x0, 0xe0, 0x0,

    /* U+2748 "❈" */
    0x0, 0x80, 0x0, 0x40, 0x0, 0x20, 0x2, 0x10,
    0x80, 0x88, 0x80, 0x64, 0x80, 0x18, 0x80, 0x7,
    0x80, 0xfd, 0xdf, 0xbc, 0xe7, 0x80, 0xc8, 0x0,
    0xd2, 0x0, 0x88, 0x80, 0x84, 0x20, 0x2, 0x0,
    0x1, 0x0, 0x0, 0x80, 0x0,

    /* U+2749 "❉" */
    0x1, 0x80, 0x1, 0xe0, 0xc, 0xf1, 0x83, 0x78,
    0x81, 0x98, 0x80, 0x60, 0xc0, 0x7, 0x0, 0xe7,
    0xce, 0xfb, 0xef, 0xfd, 0xf7, 0xdc, 0xf1, 0xc0,
    0x86, 0x0, 0x99, 0x81, 0x9e, 0x60, 0xf, 0x0,
    0x7, 0x80, 0x1, 0x80, 0x0,

    /* U+274A "❊" */
    0x0, 0x80, 0x0, 0x40, 0x4, 0x21, 0x7, 0x11,
    0xc1, 0xc9, 0xc0, 0x64, 0xc0, 0x8, 0x80, 0x3,
    0x80, 0xfd, 0xdf, 0x80, 0xe0, 0x0, 0x88, 0x1,
    0x93, 0x1, 0xc9, 0xc1, 0xc4, 0x70, 0x42, 0x10,
    0x1, 0x0, 0x0, 0x80, 0x0,

    /* U+274B "❋" */
    0x1, 0xc0, 0x0, 0xe0, 0xe, 0x73, 0x87, 0xbb,
    0xc1, 0xc9, 0xc0, 0x35, 0x81, 0x8f, 0x8d, 0xff,
    0xff, 0x63, 0xe3, 0x3, 0x58, 0x7, 0x27, 0x7,
    0xbb, 0xc3, 0x9c, 0xe0, 0xe, 0x0, 0x7, 0x0,

    /* U+274D "❍" */
    0x7, 0xf0, 0xc, 0xe, 0xc, 0x3, 0x8c, 0x0,
    0xe4, 0x0, 0x34, 0x0, 0xe, 0x0, 0x7, 0x0,
    0x3, 0x80, 0x1, 0xc0, 0x0, 0xe0, 0x0, 0x68,
    0x0, 0x66, 0x0, 0x71, 0x80, 0x70, 0x60, 0x70,
    0xf, 0xe0,

    /* U+274F "❏" */
    0xff, 0xfe, 0x80, 0x3, 0x80, 0x3, 0x80, 0x3,
    0x80, 0x3, 0x80, 0x3, 0x80, 0x3, 0x80, 0x3,
    0x80, 0x3, 0x80, 0x3, 0x80, 0x3, 0x80, 0x3,
    0x80, 0x3, 0x80, 0x3, 0xff, 0xff, 0x7f, 0xff,

    /* U+2750 "❐" */
    0x7f, 0xff, 0xff, 0xff, 0x80, 0x3, 0x80, 0x3,
    0x80, 0x3, 0x80, 0x3, 0x80, 0x3, 0x80, 0x3,
    0x80, 0x3, 0x80, 0x3, 0x80, 0x3, 0x80, 0x3,
    0x80, 0x3, 0x80, 0x3, 0x80, 0x3, 0xff, 0xfe,

    /* U+2751 "❑" */
    0xff, 0xff, 0x40, 0x0, 0xe0, 0x0, 0x70, 0x0,
    0x38, 0x0, 0x1c, 0x0, 0xe, 0x0, 0x7, 0x0,
    0x3, 0x80, 0x1, 0xc0, 0x0, 0xe0, 0x0, 0x70,
    0x0, 0x38, 0x0, 0x1c, 0x0, 0xf, 0xff, 0xfe,
    0xff, 0xff,

    /* U+2752 "❒" */
    0x7f, 0xff, 0xff, 0xff, 0xe0, 0x0, 0x70, 0x0,
    0x38, 0x0, 0x1c, 0x0, 0xe, 0x0, 0x7, 0x0,
    0x3, 0x80, 0x1, 0xc0, 0x0, 0xe0, 0x0, 0x70,
    0x0, 0x38, 0x0, 0x1c, 0x0, 0xe, 0x0, 0x7,
    0x0, 0x3, 0xff, 0xff, 0x0,

    /* U+2756 "❖" */
    0x0, 0x0, 0x1, 0x80, 0x3, 0xc0, 0x7, 0xe0,
    0x7, 0xe0, 0x13, 0xc8, 0x39, 0x9c, 0x7c, 0x3e,
    0xfe, 0x7f, 0xfc, 0x3f, 0x79, 0x9e, 0x33, 0xcc,
    0x7, 0xe0, 0xf, 0xf0, 0x7, 0xe0, 0x3, 0xc0,
    0x1, 0x80,

    /* U+2758 "❘" */
    0xff, 0xff, 0xff, 0xff, 0xff, 0xff,

    /* U+2759 "❙" */
    0xff, 0xff, 0xff, 0xff, 0xff, 0xff, 0xff, 0xff,
    0xff, 0xff, 0xff, 0xff, 0xff, 0xff, 0xff,

    /* U+275A "❚" */
    0xff, 0xff, 0xff, 0xff, 0xff, 0xff, 0xff, 0xff,
    0xff, 0xff, 0xff, 0xff, 0xff, 0xff, 0xff, 0xff,
    0xff, 0xff, 0xff, 0xff, 0xff, 0xff, 0xff, 0xff,
    0xff,

    /* U+275B "❛" */
    0x26, 0x6c, 0xff, 0xff,

    /* U+275C "❜" */
    0xff, 0xff, 0x36, 0x64,

    /* U+275D "❝" */
    0x20, 0x98, 0x66, 0x1b, 0xc, 0xf3, 0xfc, 0xff,
    0x3f, 0xcf,

    /* U+275E "❞" */
    0xf3, 0xfc, 0xff, 0x3f, 0xcf, 0x30, 0xd8, 0x66,
    0x19, 0x4,

    /* U+2761 "❡" */
    0x0, 0x60, 0x0, 0xc0, 0x1, 0x80, 0xff, 0xe7,
    0xe6, 0x1f, 0xcc, 0x3f, 0x98, 0x7f, 0x30, 0xfe,
    0x61, 0xfc, 0xc1, 0xf9, 0x80, 0xff, 0x0, 0x6,
    0x0, 0xc, 0x0, 0x18, 0xe, 0x30, 0x3e, 0x60,
    0xf8, 0xc1, 0xc1, 0x83, 0x6, 0x3, 0x18, 0x3,
    0xe0, 0x0,

    /* U+2762 "❢" */
    0x7f, 0xdf, 0xff, 0xff, 0xff, 0xff, 0xfe, 0xff,
    0x87, 0xc0, 0x70, 0x4, 0x0, 0x80, 0x0, 0x7,
    0x3, 0xf8, 0x7f, 0xf, 0xe1, 0xfc, 0x3f, 0x81,
    0xc0,

    /* U+2763 "❣" */
    0x79, 0xf7, 0xef, 0xbf, 0xff, 0xff, 0xff, 0xff,
    0x1f, 0xf0, 0x7e, 0x1, 0xe0, 0x6, 0x0, 0x0,
    0x0, 0x0, 0xe, 0x0, 0xf8, 0xf, 0xe0, 0x7f,
    0x3, 0xf8, 0xf, 0x80, 0x38, 0x0,

    /* U+2764 "❤" */
    0x3c, 0x3c, 0x7e, 0x7e, 0xff, 0xff, 0xff, 0xff,
    0xff, 0xff, 0xff, 0xff, 0xff, 0xfe, 0x7f, 0xfc,
    0x1f, 0xf8, 0xf, 0xe0, 0x7, 0xc0, 0x3, 0x80,
    0x1, 0x0,

    /* U+2765 "❥" */
    0x3c, 0x1, 0xfc, 0xf, 0xf0, 0x3f, 0xe0, 0xff,
    0xc3, 0xff, 0xf, 0xfe, 0x1f, 0xfc, 0x3f, 0xf8,
    0xff, 0xf7, 0xff, 0xbf, 0xfc, 0xff, 0xe3, 0xff,
    0xf, 0xf8, 0x3f, 0xe0, 0x7f, 0x1, 0xf8, 0x1,
    0x80, 0x0,

    /* U+2766 "❦" */
    0x0, 0x82, 0x3d, 0x47, 0x47, 0x23, 0x81, 0x22,
    0xc0, 0xfc, 0x80, 0x40, 0xf, 0x50, 0x1f, 0xfc,
    0x1f, 0xfc, 0x1f, 0xfc, 0x1f, 0xfc, 0x1f, 0xf8,
    0x1f, 0xf0, 0xf, 0xc0, 0x7, 0x88, 0x3, 0x98,
    0x1, 0xf8,

    /* U+2767 "❧" */
    0x40, 0x0, 0x61, 0xe0, 0x11, 0xf0, 0x3d, 0xf0,
    0x53, 0xf1, 0xb3, 0xf1, 0xc7, 0xf9, 0xf3, 0xfe,
    0x61, 0xf0,

    /* U+2768 "❨" */
    0x1, 0xe0, 0xf0, 0x38, 0xe, 0x3, 0xc0, 0x70,
    0x1e, 0x3, 0x80, 0xf0, 0x1e, 0x3, 0xc0, 0x78,
    0xf, 0x1, 0xe0, 0x3c, 0x3, 0x80, 0x78, 0x7,
    0x0, 0xf0, 0xe, 0x0, 0xe0, 0xf, 0x0, 0x78,

    /* U+2769 "❩" */
    0xf0, 0x7, 0x80, 0x38, 0x3, 0x80, 0x78, 0x7,
    0x0, 0xf0, 0xe, 0x1, 0xe0, 0x3c, 0x7, 0x80,
    0xf0, 0x1e, 0x3, 0xc0, 0x78, 0xe, 0x3, 0xc0,
    0x70, 0x1e, 0x3, 0x80, 0xe0, 0x78, 0x38, 0x0,

    /* U+276A "❪" */
    0x1e, 0x78, 0xf3, 0xc7, 0x8f, 0x3c, 0x78, 0xf1,
    0xe3, 0xc7, 0x8f, 0x1e, 0x3c, 0x3c, 0x78, 0xf0,
    0xf1, 0xe1, 0xe0,

    /* U+276B "❫" */
    0xf0, 0xf1, 0xe1, 0xe3, 0xc7, 0x87, 0x8f, 0x1e,
    0x3c, 0x78, 0xf1, 0xe3, 0xc7, 0x9e, 0x3c, 0x79,
    0xe3, 0xcf, 0x0,

    /* U+276C "❬" */
    0x7, 0xf, 0xe, 0x1e, 0x1c, 0x3c, 0x38, 0x78,
    0x70, 0xf0, 0xe0, 0xe0, 0xf0, 0x70, 0x78, 0x38,
    0x3c, 0x1c, 0x1e, 0xe, 0xf, 0x7,

    /* U+276D "❭" */
    0xe0, 0xf0, 0x70, 0x78, 0x38, 0x3c, 0x1c, 0x1e,
    0xe, 0xf, 0x7, 0x7, 0xf, 0xe, 0x1e, 0x1c,
    0x3c, 0x38, 0x78, 0x70, 0xf0, 0xe0,

    /* U+276E "❮" */
    0x1, 0xf0, 0x3e, 0x3, 0xc0, 0x7c, 0xf, 0x80,
    0xf0, 0x1f, 0x3, 0xe0, 0x3c, 0x7, 0xc0, 0xf8,
    0xf, 0x80, 0x7c, 0x3, 0xc0, 0x3e, 0x1, 0xf0,
    0xf, 0x0, 0xf8, 0x7, 0xc0, 0x3c, 0x3, 0xe0,
    0x1f,

    /* U+276F "❯" */
    0xf8, 0x7, 0xc0, 0x3e, 0x3, 0xe0, 0x1f, 0x0,
    0xf0, 0xf, 0x80, 0x7c, 0x3, 0xc0, 0x3e, 0x1,
    0xf0, 0x1f, 0x3, 0xe0, 0x3c, 0x7, 0xc0, 0xf8,
    0xf, 0x1, 0xf0, 0x3e, 0x3, 0xe0, 0x7c, 0xf,
    0x80,

    /* U+2770 "❰" */
    0x3, 0xf0, 0x7e, 0x7, 0xe0, 0xfc, 0xf, 0xc1,
    0xf8, 0x1f, 0x83, 0xf0, 0x3f, 0x7, 0xe0, 0x7e,
    0xf, 0xc0, 0xfc, 0x7, 0xe0, 0x7e, 0x3, 0xf0,
    0x3f, 0x1, 0xf8, 0x1f, 0x80, 0xfc, 0xf, 0xc0,
    0x7e, 0x7, 0xe0, 0x3f,

    /* U+2771 "❱" */
    0xfc, 0x7, 0xe0, 0x7e, 0x3, 0xf0, 0x3f, 0x1,
    0xf8, 0x1f, 0x80, 0xfc, 0xf, 0xc0, 0x7e, 0x7,
    0xe0, 0x3f, 0x3, 0xf0, 0x7e, 0x7, 0xe0, 0xfc,
    0xf, 0xc1, 0xf8, 0x1f, 0x83, 0xf0, 0x3f, 0x7,
    0xe0, 0x7e, 0xf, 0xc0,

    /* U+2772 "❲" */
    0x1b, 0xb9, 0x8c, 0x63, 0x18, 0xc6, 0x31, 0x8c,
    0x63, 0x18, 0xc6, 0x31, 0x8e, 0x38, 0xe2,

    /* U+2773 "❳" */
    0x7, 0x1c, 0x71, 0x8c, 0x63, 0x18, 0xc6, 0x31,
    0x8c, 0x63, 0x18, 0xc6, 0x31, 0x9d, 0xdc, 0x40,

    /* U+2774 "❴" */
    0x7, 0xc3, 0xf1, 0xf0, 0x78, 0x1e, 0x7, 0x81,
    0xe0, 0x78, 0x1e, 0x7, 0x83, 0xe3, 0xf0, 0xfc,
    0xf, 0x81, 0xe0, 0x78, 0x1e, 0x7, 0x81, 0xe0,
    0x78, 0x1e, 0x7, 0x81, 0xf0, 0x3f, 0x7, 0xc0,

    /* U+2775 "❵" */
    0xf8, 0x1f, 0x80, 0xf8, 0xf, 0x1, 0xe0, 0x3c,
    0x7, 0x80, 0xf0, 0x1e, 0x3, 0xc0, 0x7c, 0x7,
    0xf0, 0xfe, 0x3e, 0x7, 0x80, 0xf0, 0x1e, 0x3,
    0xc0, 0x78, 0xf, 0x1, 0xe0, 0x3c, 0xf, 0x87,
    0xe0, 0xf8, 0x0,

    /* U+2794 "➔" */
    0x0, 0xe0, 0x0, 0x70, 0x0, 0x38, 0x0, 0x1c,
    0xff, 0xfe, 0xff, 0xfe, 0x0, 0x1c, 0x0, 0x38,
    0x0, 0x70, 0x0, 0xe0,

    /* U+2798 "➘" */
    0x0, 0x1, 0x80, 0xf, 0x0, 0x1e, 0x0, 0x3c,
    0x0, 0x78, 0x0, 0xf0, 0x41, 0xe3, 0x3, 0x8c,
    0x3, 0x70, 0x7, 0xc0, 0x1f, 0x0, 0xfc, 0xf,
    0xf0, 0x1, 0xc0,

    /* U+2799 "➙" */
    0x0, 0x0, 0x0, 0x30, 0x0, 0x18, 0x0, 0x1c,
    0xff, 0xfe, 0xff, 0xfe, 0x0, 0x1c, 0x0, 0x18,
    0x0, 0x30, 0x0, 0x0,

    /* U+279A "➚" */
    0x0, 0x0, 0xf, 0xf0, 0x1f, 0xc0, 0x1f, 0x0,
    0x7c, 0x3, 0xf0, 0x1c, 0xc0, 0xe3, 0x7, 0x4,
    0x38, 0x3, 0xc0, 0x1e, 0x0, 0xf0, 0x3, 0x80,
    0x6, 0x0, 0x0,

    /* U+279B "➛" */
    0x0, 0x0, 0x2, 0x0, 0x1, 0x80, 0x1, 0xf0,
    0xff, 0xff, 0x1, 0xf0, 0x1, 0xc0, 0x2, 0x0,
    0x0, 0x0,

    /* U+279C "➜" */
    0x0, 0x70, 0x0, 0x78, 0x0, 0x3c, 0x0, 0x1e,
    0xff, 0xff, 0xff, 0xff, 0x0, 0x1e, 0x0, 0x3c,
    0x0, 0x78, 0x0, 0x70,

    /* U+279D "➝" */
    0x0, 0x10, 0x0, 0x18, 0x0, 0x1c, 0x0, 0x1e,
    0xff, 0xff, 0x0, 0x1e, 0x0, 0x1c, 0x0, 0x18,
    0x0, 0x10,

    /* U+279E "➞" */
    0x0, 0x0, 0x0, 0x8, 0x0, 0xc, 0x0, 0xe,
    0xff, 0xff, 0xff, 0xff, 0x0, 0xe, 0x0, 0xc,
    0x0, 0x8, 0x0, 0x0,

    /* U+279F "➟" */
    0x0, 0x0, 0x0, 0x4, 0x0, 0x3, 0x15, 0xdf,
    0xea, 0xef, 0xfd, 0x77, 0xfe, 0xbb, 0xfc, 0x0,
    0x1c, 0x0, 0x8, 0x0, 0x0, 0x0,

    /* U+27A0 "➠" */
    0x0, 0x10, 0xdd, 0xf0, 0xdd, 0xf8, 0xdd, 0xfe,
    0xdd, 0xfe, 0xdd, 0xf8, 0xdd, 0xf0, 0x0, 0x10,

    /* U+27A1 "➡" */
    0x0, 0x10, 0x0, 0x18, 0xff, 0xfc, 0xff, 0xfe,
    0xff, 0xfe, 0xff, 0xfc, 0x0, 0x18, 0x0, 0x10,

    /* U+27A2 "➢" */
    0x60, 0x0, 0x3c, 0x0, 0x1b, 0x80, 0xc, 0x70,
    0x6, 0xe, 0xf, 0xf8, 0x1f, 0xc0, 0x3e, 0x0,
    0x70, 0x0, 0x80, 0x0,

    /* U+27A3 "➣" */
    0x0, 0x1, 0x80, 0x3, 0xc0, 0x7, 0xe0, 0xf,
    0xf0, 0x20, 0x71, 0x1e, 0xb, 0x80, 0x70, 0x2,
    0x0, 0x0,

    /* U+27A4 "➤" */
    0x0, 0x3, 0x80, 0x7, 0x80, 0xf, 0x80, 0x3f,
    0x80, 0x7f, 0x81, 0xff, 0x87, 0xff, 0x1f, 0xe0,
    0xfe, 0x3, 0xe0, 0x1e, 0x0, 0xe0, 0x0, 0x0,
    0x0,

    /* U+27A5 "➥" */
    0x0, 0x0, 0x80, 0x10, 0x80, 0x18, 0xff, 0xfc,
    0xff, 0xfe, 0xff, 0xff, 0xff, 0xfe, 0x7f, 0xfc,
    0x0, 0x18, 0x0, 0x10,

    /* U+27A6 "➦" */
    0x0, 0x10, 0x0, 0x18, 0x7f, 0xfc, 0xff, 0xfe,
    0xff, 0xff, 0xff, 0xfe, 0xff, 0xfc, 0x80, 0x18,
    0x80, 0x10, 0x0, 0x0,

    /* U+27A7 "➧" */
    0x0, 0x8, 0x8, 0xc, 0xfe, 0xfe, 0xff, 0xff,
    0xfe, 0xfe, 0xc, 0x8, 0x8, 0x0,

    /* U+27A8 "➨" */
    0x0, 0x0, 0x0, 0x20, 0xff, 0xe0, 0xff, 0xf8,
    0xff, 0xfe, 0xff, 0xfe, 0xff, 0xf8, 0xff, 0xf0,
    0x0, 0x20, 0x0, 0x0,

    /* U+27A9 "➩" */
    0x1, 0xe0, 0x2, 0xe3, 0xfc, 0xe4, 0x0, 0xe8,
    0x0, 0xf0, 0x3, 0xbf, 0xce, 0x0, 0xb8, 0x1,
    0xe0,

    /* U+27AA "➪" */
    0x1, 0xc0, 0x6, 0x8f, 0xf9, 0x30, 0x2, 0xc0,
    0x7, 0x0, 0x2f, 0xf9, 0x0, 0x68, 0x1, 0xc0,

    /* U+27AB "➫" */
    0x0, 0xc, 0x0, 0xa, 0x1f, 0xf2, 0x20, 0x1,
    0x20, 0x1, 0x40, 0x3, 0x80, 0x7, 0xff, 0xcf,
    0xff, 0xbe, 0xff, 0xf8, 0x1, 0xf0, 0x1, 0xc0,

    /* U+27AC "➬" */
    0x1, 0xc0, 0x1, 0xf0, 0xff, 0xfc, 0xff, 0x9e,
    0x40, 0x7, 0x20, 0x1, 0x20, 0x2, 0x1f, 0xf2,
    0x0, 0xc, 0x0, 0xc,

    /* U+27AD "➭" */
    0x1, 0x80, 0x3, 0x83, 0xfd, 0x84, 0x1, 0x88,
    0x1, 0x90, 0x1, 0xa0, 0x7, 0x40, 0x1f, 0xff,
    0x7d, 0xff, 0xf1, 0xff, 0xc0, 0x7, 0x0, 0xc,
    0x0,

    /* U+27AE "➮" */
    0x0, 0xc0, 0x3, 0xc1, 0xff, 0xc7, 0xff, 0xcf,
    0xf7, 0xd0, 0x7, 0xe0, 0x7, 0xc0, 0x6, 0x80,
    0xd, 0x0, 0x32, 0x0, 0xc7, 0xfb, 0x0, 0x1c,
    0x0, 0x30, 0x0,

    /* U+27AF "➯" */
    0x0, 0x60, 0x0, 0x70, 0xff, 0xd8, 0x80, 0xc,
    0x40, 0x6, 0x40, 0x3, 0x40, 0x7, 0x80, 0xe,
    0xff, 0xdc, 0xff, 0xf8, 0x0, 0x70, 0x0, 0x60,

    /* U+27B1 "➱" */
    0x0, 0x30, 0x0, 0x1c, 0x1f, 0xff, 0xf, 0xfd,
    0xc4, 0x0, 0x72, 0x0, 0x1c, 0x80, 0x6, 0x40,
    0x2, 0x40, 0x2, 0x20, 0x2, 0x1f, 0xfa, 0x0,
    0x7, 0x0, 0x3, 0x0,

    /* U+27B2 "➲" */
    0xf, 0x80, 0xff, 0x87, 0xef, 0x3f, 0x9e, 0x0,
    0x38, 0x0, 0x70, 0x0, 0xc0, 0x1, 0x0, 0xc,
    0x0, 0x70, 0x3, 0xbf, 0x9e, 0x7e, 0xf0, 0xff,
    0x80, 0xf8, 0x0,

    /* U+27B3 "➳" */
    0x7c, 0x0, 0x7a, 0x8, 0x5d, 0xc, 0x3f, 0xff,
    0x5d, 0xc, 0x7a, 0x8, 0x7c, 0x0,

    /* U+27B4 "➴" */
    0x8, 0x0, 0x30, 0x0, 0xe0, 0x3, 0xc0, 0xf7,
    0x81, 0xee, 0x1, 0xd8, 0x3, 0xa0, 0x7, 0x80,
    0x1, 0x10, 0x2, 0xc0, 0x7, 0x0, 0x3c, 0x1,
    0xf0,

    /* U+27B5 "➵" */
    0x0, 0x0, 0x7e, 0x8, 0x3f, 0xc, 0x0, 0x7f,
    0x3f, 0xc, 0x7e, 0x8,

    /* U+27B6 "➶" */
    0x0, 0x0, 0x0, 0xf0, 0x1, 0xc0, 0x7, 0x0,
    0x24, 0x1, 0x0, 0xf0, 0x7, 0xa0, 0x3d, 0x81,
    0xee, 0xf, 0x70, 0x3, 0x80, 0xc, 0x0, 0x20,
    0x1, 0x0, 0x0,

    /* U+27B7 "➷" */
    0x8, 0x0, 0xc, 0x0, 0xe, 0x0, 0x7f, 0x0,
    0x7f, 0x80, 0x3f, 0xc0, 0x1f, 0x80, 0xf, 0x80,
    0x7, 0xc0, 0x0, 0x60, 0x0, 0x32, 0x0, 0x1a,
    0x0, 0xe, 0x0, 0xf, 0x0, 0x1f,

    /* U+27B8 "➸" */
    0x0, 0x4, 0x7f, 0x2, 0x1f, 0xc0, 0x87, 0xff,
    0xf7, 0xf0, 0x37, 0xf0, 0x33, 0xf8, 0x10,

    /* U+27B9 "➹" */
    0x0, 0x7c, 0x0, 0x70, 0x1, 0xc0, 0x9, 0x0,
    0x44, 0x2, 0x0, 0xf0, 0x7, 0xc0, 0x3f, 0x1,
    0xfe, 0xf, 0xf0, 0x7, 0x80, 0x1c, 0x0, 0x60,
    0x0,

    /* U+27BA "➺" */
    0x0, 0x30, 0x0, 0x78, 0x0, 0x38, 0x70, 0x1c,
    0xff, 0xc2, 0xff, 0x3d, 0x70, 0xe, 0x0, 0x3c,
    0x0, 0x78, 0x0, 0x70, 0x0, 0x30,

    /* U+27BB "➻" */
    0x0, 0x4, 0x7, 0x1, 0x3, 0xf0, 0x61, 0xff,
    0x9e, 0x7f, 0xf7, 0x8f, 0xc1, 0x81, 0xc0, 0x40,
    0x0, 0x10,

    /* U+27BC "➼" */
    0xff, 0x4, 0x7f, 0x83, 0x1f, 0xe1, 0xcf, 0xff,
    0xf7, 0xf8, 0x77, 0xf8, 0x33, 0xfc, 0x10,

    /* U+27BD "➽" */
    0xff, 0x10, 0x7f, 0xcc, 0x3f, 0xe3, 0xf, 0xf9,
    0xe7, 0xff, 0xf3, 0xfe, 0xf9, 0xff, 0x39, 0xff,
    0x38, 0xff, 0x98, 0x0,

    /* U+27BE "➾" */
    0x0, 0xb0, 0x0, 0x90, 0x0, 0xc8, 0xff, 0xc4,
    0x0, 0x2, 0x0, 0x3, 0xff, 0xc4, 0x0, 0xc8,
    0x0, 0x90, 0x1, 0xb0,

    /* U+27C2 "⟂" */
    0x3, 0x80, 0x7, 0x0, 0xe, 0x0, 0x1c, 0x0,
    0x38, 0x0, 0x70, 0x0, 0xe0, 0x1, 0xc0, 0x3,
    0x80, 0x7, 0x0, 0xe, 0x0, 0x1c, 0x0, 0x38,
    0x0, 0x70, 0x0, 0xe0, 0x1, 0xc0, 0xff, 0xff,
    0xff, 0xfc,

    /* U+27C5 "⟅" */
    0x3c, 0x3f, 0x39, 0x88, 0xc0, 0x60, 0x70, 0x30,
    0x18, 0xc, 0xc, 0x6, 0x3, 0x3, 0x1, 0x80,
    0xc0, 0xc0, 0x60, 0x30, 0x38, 0x18, 0xc, 0x6,
    0x3, 0x1, 0xc0, 0x60, 0x3c, 0x7, 0xe0, 0xf0,

    /* U+27C6 "⟆" */
    0x3c, 0x7e, 0x67, 0x62, 0x60, 0x70, 0x30, 0x30,
    0x30, 0x18, 0x18, 0x18, 0xc, 0xc, 0xc, 0x6,
    0x6, 0x6, 0x7, 0x3, 0x3, 0x3, 0x3, 0x7,
    0x6, 0x1e, 0xf8, 0xe0,

    /* U+27DC "⟜" */
    0x3c, 0x0, 0x3f, 0x0, 0x39, 0x80, 0x18, 0x60,
    0xc, 0x3f, 0xfe, 0x1f, 0xff, 0x9c, 0x0, 0xfc,
    0x0, 0x3c, 0x0, 0x0,

    /* U+27E0 "⟠" */
    0x2, 0x0, 0xc, 0x0, 0x30, 0x1, 0xe0, 0x7,
    0x80, 0x33, 0x0, 0xcc, 0x6, 0x18, 0x18, 0x60,
    0x40, 0xc3, 0x3, 0x8, 0x4, 0x60, 0x19, 0x0,
    0x2c, 0x0, 0xff, 0xff, 0xc0, 0xd, 0x0, 0x26,
    0x1, 0x88, 0x4, 0x30, 0x30, 0x40, 0x81, 0x86,
    0x2, 0x18, 0xc, 0xc0, 0x33, 0x0, 0x78, 0x1,
    0xe0, 0x3, 0x0, 0xc, 0x0, 0x0, 0x0,

    /* U+27E6 "⟦" */
    0xff, 0xc4, 0x22, 0x11, 0x8, 0x84, 0x42, 0x21,
    0x10, 0x88, 0x44, 0x22, 0x11, 0x8, 0x84, 0x42,
    0x21, 0x10, 0x88, 0x44, 0x22, 0x11, 0x8, 0x84,
    0x42, 0x21, 0x10, 0x88, 0x44, 0x3f, 0xe0,

    /* U+27E7 "⟧" */
    0xff, 0x84, 0x42, 0x21, 0x10, 0x88, 0x44, 0x22,
    0x11, 0x8, 0x84, 0x42, 0x21, 0x10, 0x88, 0x44,
    0x22, 0x11, 0x8, 0x84, 0x42, 0x21, 0x10, 0x88,
    0x44, 0x22, 0x11, 0x8, 0x84, 0x7f, 0xe0,

    /* U+27E8 "⟨" */
    0xc, 0x71, 0xc6, 0x38, 0xe3, 0x1c, 0x71, 0x86,
    0x38, 0xc3, 0xe, 0x18, 0x61, 0xc7, 0xc, 0x38,
    0xe1, 0x87, 0x1c, 0x30,

    /* U+27E9 "⟩" */
    0xc3, 0x86, 0x18, 0x71, 0xc3, 0xe, 0x38, 0x61,
    0xc7, 0xc, 0x31, 0xc7, 0x18, 0xe3, 0x8c, 0x71,
    0xc6, 0x18, 0xe3, 0x0,

    /* U+27EA "⟪" */
    0xc, 0x71, 0xc7, 0x1c, 0x61, 0x86, 0x38, 0xe3,
    0x8c, 0x30, 0xc3, 0x1c, 0x71, 0x86, 0x18, 0x63,
    0x8e, 0x30, 0xc3, 0xc, 0x30, 0xe3, 0x6, 0x38,
    0x61, 0x87, 0x18, 0x31, 0xc3, 0xc, 0x38, 0xc3,
    0x8e, 0x18, 0x61, 0xc6, 0x1c, 0x70, 0xc7,

    /* U+27EB "⟫" */
    0xc3, 0xe, 0x38, 0x63, 0x86, 0x18, 0x71, 0xc3,
    0x1c, 0x30, 0xc3, 0x8e, 0x38, 0xe1, 0x86, 0x1c,
    0x61, 0xc7, 0xc, 0x30, 0xc3, 0x1c, 0x71, 0xc6,
    0x18, 0x63, 0x8e, 0x38, 0xe3, 0xc, 0x31, 0xc7,
    0x1c, 0x61, 0x86, 0x38, 0xe3, 0x8c, 0x30,

    /* U+2987 "⦇" */
    0x0, 0x81, 0xc3, 0xe3, 0xd1, 0xc9, 0xc5, 0xe2,
    0xe1, 0x70, 0xf0, 0x78, 0x3c, 0x1e, 0xf, 0x7,
    0x83, 0xc1, 0xe0, 0xf0, 0x5c, 0x2e, 0x17, 0x9,
    0xc4, 0xf2, 0x3d, 0xf, 0x83, 0xc0, 0x60,

    /* U+2988 "⦈" */
    0x80, 0x70, 0x3e, 0x17, 0x89, 0xc4, 0x72, 0x39,
    0xe, 0x87, 0x43, 0xe0, 0xf0, 0x78, 0x3c, 0x1e,
    0xf, 0x7, 0x83, 0xc1, 0xe1, 0xd0, 0xe8, 0x74,
    0x72, 0x79, 0x78, 0xf8, 0x78, 0x20, 0x0,

    /* U+2997 "⦗" */
    0x0, 0x3, 0x7, 0xe, 0x1c, 0x38, 0x70, 0xf0,
    0xf0, 0xf0, 0xf0, 0xf0, 0xf0, 0xf0, 0xf0, 0xf0,
    0xf0, 0xf0, 0xf0, 0xf0, 0xf0, 0xf0, 0x70, 0x30,
    0x18, 0xc, 0x6, 0x3, 0x2,

    /* U+2998 "⦘" */
    0x0, 0xc0, 0xe0, 0x70, 0x38, 0x1c, 0xe, 0xf,
    0xf, 0xf, 0xf, 0xf, 0xf, 0xf, 0xf, 0xf,
    0xf, 0xf, 0xf, 0xf, 0xf, 0xf, 0xe, 0xc,
    0x18, 0x30, 0x60, 0xe0, 0x40,

    /* U+29EB "⧫" */
    0x2, 0x0, 0xc, 0x0, 0x30, 0x1, 0xe0, 0x7,
    0x80, 0x3f, 0x0, 0xfc, 0x7, 0xf8, 0x1f, 0xe0,
    0xff, 0xc3, 0xff, 0xf, 0xfe, 0x7f, 0xf9, 0xff,
    0xef, 0xff, 0xff, 0xff, 0xff, 0xfd, 0xff, 0xe7,
    0xff, 0x8f, 0xfc, 0x3f, 0xf0, 0x7f, 0x81, 0xfe,
    0x3, 0xf8, 0xf, 0xc0, 0x3f, 0x0, 0x78, 0x1,
    0xe0, 0x3, 0x0, 0xc, 0x0, 0x0, 0x0,

    /* U+29FA "⧺" */
    0x1c, 0x70, 0x38, 0xe0, 0x71, 0xc0, 0xe3, 0x81,
    0xc7, 0x3, 0x8e, 0x3f, 0xff, 0xff, 0xff, 0xff,
    0xfe, 0x38, 0xe0, 0x71, 0xc0, 0xe3, 0x81, 0xc7,
    0x3, 0x8e, 0x7, 0x1c, 0x0,

    /* U+29FB "⧻" */
    0x33, 0x98, 0x67, 0x30, 0xce, 0x61, 0x9c, 0xc3,
    0x39, 0x86, 0x73, 0x3f, 0xff, 0xff, 0xff, 0xff,
    0xfe, 0x67, 0x30, 0xce, 0x61, 0x9c, 0xc3, 0x39,
    0x86, 0x73, 0xc, 0xe6, 0x0,

    /* U+2A00 "⨀" */
    0x7, 0xe0, 0xf, 0xf0, 0x1c, 0x38, 0x38, 0x1c,
    0x30, 0xc, 0x60, 0x6, 0x60, 0x6, 0x60, 0x6,
    0xe0, 0x7, 0xc0, 0x3, 0xc0, 0x3, 0xc0, 0x3,
    0xc0, 0x3, 0xc3, 0xc3, 0xc3, 0xc3, 0xc3, 0xc3,
    0xc3, 0xc3, 0xc0, 0x3, 0xc0, 0x3, 0xc0, 0x3,
    0xc0, 0x3, 0xe0, 0x7, 0x60, 0x6, 0x60, 0x6,
    0x60, 0x6, 0x30, 0xc, 0x38, 0x1c, 0x1c, 0x38,
    0xf, 0xf0, 0x7, 0xe0,

    /* U+2A2F "⨯" */
    0x60, 0x1b, 0xc0, 0xf7, 0x87, 0x8f, 0x3c, 0x1f,
    0xe0, 0x3f, 0x0, 0x78, 0x3, 0xf0, 0x1f, 0xe0,
    0xf3, 0xc7, 0x87, 0xbc, 0xf, 0x60, 0x18,

    /* U+2A6A "⩪" */
    0x3, 0x80, 0x7, 0x0, 0xe, 0x0, 0x1c, 0x0,
    0x0, 0x1, 0x0, 0x1f, 0xc0, 0xff, 0xc3, 0xff,
    0xff, 0x1, 0xf0,

    /* U+2A6B "⩫" */
    0x0, 0x78, 0x0, 0xf0, 0x1, 0xe0, 0x3, 0xc0,
    0x0, 0x1, 0x0, 0x1f, 0xc0, 0xff, 0xc3, 0xff,
    0xff, 0x1, 0xf0, 0x0, 0x1, 0xe0, 0x3, 0xc0,
    0x7, 0x80, 0xf, 0x0, 0x0
};


/*---------------------
 *  GLYPH DESCRIPTION
 *--------------------*/

static const lv_font_fmt_txt_glyph_dsc_t glyph_dsc[] = {
    {.bitmap_index = 0, .adv_w = 0, .box_w = 0, .box_h = 0, .ofs_x = 0, .ofs_y = 0} /* id = 0 reserved */,
    {.bitmap_index = 0, .adv_w = 289, .box_w = 1, .box_h = 1, .ofs_x = 0, .ofs_y = 0},
    {.bitmap_index = 1, .adv_w = 289, .box_w = 3, .box_h = 22, .ofs_x = 8, .ofs_y = -5},
    {.bitmap_index = 10, .adv_w = 289, .box_w = 13, .box_h = 26, .ofs_x = 3, .ofs_y = -4},
    {.bitmap_index = 53, .adv_w = 289, .box_w = 14, .box_h = 22, .ofs_x = 2, .ofs_y = 0},
    {.bitmap_index = 92, .adv_w = 289, .box_w = 14, .box_h = 14, .ofs_x = 3, .ofs_y = 2},
    {.bitmap_index = 117, .adv_w = 289, .box_w = 17, .box_h = 22, .ofs_x = 1, .ofs_y = 0},
    {.bitmap_index = 164, .adv_w = 289, .box_w = 3, .box_h = 26, .ofs_x = 8, .ofs_y = -5},
    {.bitmap_index = 174, .adv_w = 289, .box_w = 13, .box_h = 25, .ofs_x = 3, .ofs_y = -3},
    {.bitmap_index = 215, .adv_w = 289, .box_w = 9, .box_h = 3, .ofs_x = 5, .ofs_y = 20},
    {.bitmap_index = 219, .adv_w = 289, .box_w = 18, .box_h = 19, .ofs_x = 0, .ofs_y = 2},
    {.bitmap_index = 262, .adv_w = 289, .box_w = 10, .box_h = 15, .ofs_x = 4, .ofs_y = 7},
    {.bitmap_index = 281, .adv_w = 289, .box_w = 14, .box_h = 14, .ofs_x = 2, .ofs_y = 2},
    {.bitmap_index = 306, .adv_w = 289, .box_w = 16, .box_h = 7, .ofs_x = 1, .ofs_y = 5},
    {.bitmap_index = 320, .adv_w = 289, .box_w = 8, .box_h = 2, .ofs_x = 5, .ofs_y = 7},
    {.bitmap_index = 322, .adv_w = 289, .box_w = 18, .box_h = 19, .ofs_x = 0, .ofs_y = 2},
    {.bitmap_index = 365, .adv_w = 289, .box_w = 9, .box_h = 2, .ofs_x = 5, .ofs_y = 20},
    {.bitmap_index = 368, .adv_w = 289, .box_w = 9, .box_h = 9, .ofs_x = 4, .ofs_y = 13},
    {.bitmap_index = 379, .adv_w = 289, .box_w = 15, .box_h = 17, .ofs_x = 1, .ofs_y = 0},
    {.bitmap_index = 411, .adv_w = 289, .box_w = 8, .box_h = 12, .ofs_x = 5, .ofs_y = 10},
    {.bitmap_index = 423, .adv_w = 289, .box_w = 8, .box_h = 12, .ofs_x = 5, .ofs_y = 10},
    {.bitmap_index = 435, .adv_w = 289, .box_w = 7, .box_h = 6, .ofs_x = 7, .ofs_y = 19},
    {.bitmap_index = 441, .adv_w = 289, .box_w = 15, .box_h = 23, .ofs_x = 3, .ofs_y = -6},
    {.bitmap_index = 485, .adv_w = 289, .box_w = 14, .box_h = 25, .ofs_x = 1, .ofs_y = -3},
    {.bitmap_index = 529, .adv_w = 289, .box_w = 3, .box_h = 4, .ofs_x = 7, .ofs_y = 8},
    {.bitmap_index = 531, .adv_w = 289, .box_w = 6, .box_h = 6, .ofs_x = 6, .ofs_y = -6},
    {.bitmap_index = 536, .adv_w = 289, .box_w = 8, .box_h = 12, .ofs_x = 5, .ofs_y = 10},
    {.bitmap_index = 548, .adv_w = 289, .box_w = 11, .box_h = 15, .ofs_x = 4, .ofs_y = 7},
    {.bitmap_index = 569, .adv_w = 289, .box_w = 14, .box_h = 14, .ofs_x = 3, .ofs_y = 2},
    {.bitmap_index = 594, .adv_w = 289, .box_w = 16, .box_h = 29, .ofs_x = 1, .ofs_y = -4},
    {.bitmap_index = 652, .adv_w = 289, .box_w = 15, .box_h = 29, .ofs_x = 1, .ofs_y = -4},
    {.bitmap_index = 707, .adv_w = 289, .box_w = 16, .box_h = 29, .ofs_x = 0, .ofs_y = -4},
    {.bitmap_index = 765, .adv_w = 289, .box_w = 12, .box_h = 23, .ofs_x = 3, .ofs_y = -6},
    {.bitmap_index = 800, .adv_w = 289, .box_w = 17, .box_h = 28, .ofs_x = 1, .ofs_y = 0},
    {.bitmap_index = 860, .adv_w = 289, .box_w = 17, .box_h = 28, .ofs_x = 1, .ofs_y = 0},
    {.bitmap_index = 920, .adv_w = 289, .box_w = 17, .box_h = 28, .ofs_x = 1, .ofs_y = 0},
    {.bitmap_index = 980, .adv_w = 289, .box_w = 18, .box_h = 28, .ofs_x = 0, .ofs_y = 0},
    {.bitmap_index = 1043, .adv_w = 289, .box_w = 17, .box_h = 28, .ofs_x = 1, .ofs_y = 0},
    {.bitmap_index = 1103, .adv_w = 289, .box_w = 16, .box_h = 28, .ofs_x = 1, .ofs_y = 0},
    {.bitmap_index = 1159, .adv_w = 289, .box_w = 17, .box_h = 22, .ofs_x = 0, .ofs_y = 0},
    {.bitmap_index = 1206, .adv_w = 289, .box_w = 14, .box_h = 28, .ofs_x = 2, .ofs_y = -6},
    {.bitmap_index = 1255, .adv_w = 289, .box_w = 14, .box_h = 28, .ofs_x = 3, .ofs_y = 0},
    {.bitmap_index = 1304, .adv_w = 289, .box_w = 14, .box_h = 28, .ofs_x = 3, .ofs_y = 0},
    {.bitmap_index = 1353, .adv_w = 289, .box_w = 14, .box_h = 28, .ofs_x = 3, .ofs_y = 0},
    {.bitmap_index = 1402, .adv_w = 289, .box_w = 14, .box_h = 28, .ofs_x = 3, .ofs_y = 0},
    {.bitmap_index = 1451, .adv_w = 289, .box_w = 12, .box_h = 28, .ofs_x = 3, .ofs_y = 0},
    {.bitmap_index = 1493, .adv_w = 289, .box_w = 12, .box_h = 28, .ofs_x = 3, .ofs_y = 0},
    {.bitmap_index = 1535, .adv_w = 289, .box_w = 12, .box_h = 28, .ofs_x = 3, .ofs_y = 0},
    {.bitmap_index = 1577, .adv_w = 289, .box_w = 12, .box_h = 28, .ofs_x = 3, .ofs_y = 0},
    {.bitmap_index = 1619, .adv_w = 289, .box_w = 16, .box_h = 22, .ofs_x = 1, .ofs_y = 0},
    {.bitmap_index = 1663, .adv_w = 289, .box_w = 14, .box_h = 28, .ofs_x = 2, .ofs_y = 0},
    {.bitmap_index = 1712, .adv_w = 289, .box_w = 15, .box_h = 29, .ofs_x = 2, .ofs_y = 0},
    {.bitmap_index = 1767, .adv_w = 289, .box_w = 15, .box_h = 29, .ofs_x = 2, .ofs_y = 0},
    {.bitmap_index = 1822, .adv_w = 289, .box_w = 15, .box_h = 29, .ofs_x = 2, .ofs_y = 0},
    {.bitmap_index = 1877, .adv_w = 289, .box_w = 15, .box_h = 29, .ofs_x = 2, .ofs_y = 0},
    {.bitmap_index = 1932, .adv_w = 289, .box_w = 15, .box_h = 28, .ofs_x = 2, .ofs_y = 0},
    {.bitmap_index = 1985, .adv_w = 289, .box_w = 14, .box_h = 13, .ofs_x = 2, .ofs_y = 3},
    {.bitmap_index = 2008, .adv_w = 289, .box_w = 18, .box_h = 24, .ofs_x = 0, .ofs_y = -1},
    {.bitmap_index = 2062, .adv_w = 289, .box_w = 14, .box_h = 29, .ofs_x = 2, .ofs_y = 0},
    {.bitmap_index = 2113, .adv_w = 289, .box_w = 14, .box_h = 29, .ofs_x = 2, .ofs_y = 0},
    {.bitmap_index = 2164, .adv_w = 289, .box_w = 14, .box_h = 29, .ofs_x = 2, .ofs_y = 0},
    {.bitmap_index = 2215, .adv_w = 289, .box_w = 14, .box_h = 28, .ofs_x = 2, .ofs_y = 0},
    {.bitmap_index = 2264, .adv_w = 289, .box_w = 17, .box_h = 28, .ofs_x = 1, .ofs_y = 0},
    {.bitmap_index = 2324, .adv_w = 289, .box_w = 14, .box_h = 22, .ofs_x = 3, .ofs_y = 0},
    {.bitmap_index = 2363, .adv_w = 289, .box_w = 14, .box_h = 23, .ofs_x = 3, .ofs_y = 0},
    {.bitmap_index = 2404, .adv_w = 289, .box_w = 14, .box_h = 25, .ofs_x = 2, .ofs_y = 0},
    {.bitmap_index = 2448, .adv_w = 289, .box_w = 14, .box_h = 25, .ofs_x = 2, .ofs_y = 0},
    {.bitmap_index = 2492, .adv_w = 289, .box_w = 14, .box_h = 25, .ofs_x = 2, .ofs_y = 0},
    {.bitmap_index = 2536, .adv_w = 289, .box_w = 14, .box_h = 24, .ofs_x = 2, .ofs_y = 0},
    {.bitmap_index = 2578, .adv_w = 289, .box_w = 14, .box_h = 23, .ofs_x = 2, .ofs_y = 0},
    {.bitmap_index = 2619, .adv_w = 289, .box_w = 14, .box_h = 27, .ofs_x = 2, .ofs_y = 0},
    {.bitmap_index = 2667, .adv_w = 289, .box_w = 17, .box_h = 17, .ofs_x = 1, .ofs_y = 0},
    {.bitmap_index = 2704, .adv_w = 289, .box_w = 13, .box_h = 23, .ofs_x = 3, .ofs_y = -6},
    {.bitmap_index = 2742, .adv_w = 289, .box_w = 15, .box_h = 25, .ofs_x = 2, .ofs_y = 0},
    {.bitmap_index = 2789, .adv_w = 289, .box_w = 15, .box_h = 25, .ofs_x = 2, .ofs_y = 0},
    {.bitmap_index = 2836, .adv_w = 289, .box_w = 15, .box_h = 25, .ofs_x = 2, .ofs_y = 0},
    {.bitmap_index = 2883, .adv_w = 289, .box_w = 15, .box_h = 23, .ofs_x = 2, .ofs_y = 0},
    {.bitmap_index = 2927, .adv_w = 289, .box_w = 13, .box_h = 25, .ofs_x = 3, .ofs_y = 0},
    {.bitmap_index = 2968, .adv_w = 289, .box_w = 13, .box_h = 25, .ofs_x = 3, .ofs_y = 0},
    {.bitmap_index = 3009, .adv_w = 289, .box_w = 13, .box_h = 25, .ofs_x = 3, .ofs_y = 0},
    {.bitmap_index = 3050, .adv_w = 289, .box_w = 13, .box_h = 23, .ofs_x = 3, .ofs_y = 0},
    {.bitmap_index = 3088, .adv_w = 289, .box_w = 14, .box_h = 23, .ofs_x = 2, .ofs_y = 0},
    {.bitmap_index = 3129, .adv_w = 289, .box_w = 13, .box_h = 24, .ofs_x = 3, .ofs_y = 0},
    {.bitmap_index = 3168, .adv_w = 289, .box_w = 14, .box_h = 25, .ofs_x = 2, .ofs_y = 0},
    {.bitmap_index = 3212, .adv_w = 289, .box_w = 14, .box_h = 25, .ofs_x = 2, .ofs_y = 0},
    {.bitmap_index = 3256, .adv_w = 289, .box_w = 14, .box_h = 25, .ofs_x = 2, .ofs_y = 0},
    {.bitmap_index = 3300, .adv_w = 289, .box_w = 14, .box_h = 24, .ofs_x = 2, .ofs_y = 0},
    {.bitmap_index = 3342, .adv_w = 289, .box_w = 14, .box_h = 23, .ofs_x = 2, .ofs_y = 0},
    {.bitmap_index = 3383, .adv_w = 289, .box_w = 15, .box_h = 14, .ofs_x = 1, .ofs_y = 3},
    {.bitmap_index = 3410, .adv_w = 289, .box_w = 16, .box_h = 19, .ofs_x = 1, .ofs_y = -1},
    {.bitmap_index = 3448, .adv_w = 289, .box_w = 13, .box_h = 25, .ofs_x = 3, .ofs_y = 0},
    {.bitmap_index = 3489, .adv_w = 289, .box_w = 13, .box_h = 25, .ofs_x = 3, .ofs_y = 0},
    {.bitmap_index = 3530, .adv_w = 289, .box_w = 13, .box_h = 25, .ofs_x = 3, .ofs_y = 0},
    {.bitmap_index = 3571, .adv_w = 289, .box_w = 13, .box_h = 23, .ofs_x = 3, .ofs_y = 0},
    {.bitmap_index = 3609, .adv_w = 289, .box_w = 15, .box_h = 31, .ofs_x = 2, .ofs_y = -6},
    {.bitmap_index = 3668, .adv_w = 289, .box_w = 14, .box_h = 29, .ofs_x = 3, .ofs_y = -6},
    {.bitmap_index = 3719, .adv_w = 289, .box_w = 16, .box_h = 29, .ofs_x = 2, .ofs_y = -6},
    {.bitmap_index = 3777, .adv_w = 289, .box_w = 4, .box_h = 7, .ofs_x = 7, .ofs_y = 17},
    {.bitmap_index = 3781, .adv_w = 289, .box_w = 4, .box_h = 7, .ofs_x = 7, .ofs_y = -6},
    {.bitmap_index = 3785, .adv_w = 289, .box_w = 14, .box_h = 22, .ofs_x = 2, .ofs_y = 0},
    {.bitmap_index = 3824, .adv_w = 289, .box_w = 13, .box_h = 17, .ofs_x = 3, .ofs_y = 0},
    {.bitmap_index = 3852, .adv_w = 289, .box_w = 3, .box_h = 5, .ofs_x = 8, .ofs_y = -6},
    {.bitmap_index = 3854, .adv_w = 289, .box_w = 13, .box_h = 17, .ofs_x = 3, .ofs_y = 0},
    {.bitmap_index = 3882, .adv_w = 289, .box_w = 13, .box_h = 17, .ofs_x = 3, .ofs_y = 0},
    {.bitmap_index = 3910, .adv_w = 289, .box_w = 13, .box_h = 17, .ofs_x = 2, .ofs_y = 0},
    {.bitmap_index = 3938, .adv_w = 289, .box_w = 4, .box_h = 20, .ofs_x = 6, .ofs_y = -4},
    {.bitmap_index = 3948, .adv_w = 289, .box_w = 13, .box_h = 22, .ofs_x = 1, .ofs_y = 0},
    {.bitmap_index = 3984, .adv_w = 289, .box_w = 7, .box_h = 6, .ofs_x = 7, .ofs_y = 19},
    {.bitmap_index = 3990, .adv_w = 289, .box_w = 10, .box_h = 10, .ofs_x = 5, .ofs_y = 20},
    {.bitmap_index = 4003, .adv_w = 289, .box_w = 18, .box_h = 24, .ofs_x = 0, .ofs_y = 0},
    {.bitmap_index = 4057, .adv_w = 289, .box_w = 3, .box_h = 4, .ofs_x = 7, .ofs_y = 8},
    {.bitmap_index = 4059, .adv_w = 289, .box_w = 20, .box_h = 24, .ofs_x = -3, .ofs_y = 0},
    {.bitmap_index = 4119, .adv_w = 289, .box_w = 20, .box_h = 24, .ofs_x = -4, .ofs_y = 0},
    {.bitmap_index = 4179, .adv_w = 289, .box_w = 18, .box_h = 24, .ofs_x = -3, .ofs_y = 0},
    {.bitmap_index = 4233, .adv_w = 289, .box_w = 18, .box_h = 25, .ofs_x = -1, .ofs_y = 0},
    {.bitmap_index = 4290, .adv_w = 289, .box_w = 23, .box_h = 24, .ofs_x = -5, .ofs_y = 0},
    {.bitmap_index = 4359, .adv_w = 289, .box_w = 18, .box_h = 24, .ofs_x = -1, .ofs_y = 0},
    {.bitmap_index = 4413, .adv_w = 289, .box_w = 10, .box_h = 30, .ofs_x = 5, .ofs_y = 0},
    {.bitmap_index = 4451, .adv_w = 289, .box_w = 17, .box_h = 22, .ofs_x = 1, .ofs_y = 0},
    {.bitmap_index = 4498, .adv_w = 289, .box_w = 14, .box_h = 22, .ofs_x = 2, .ofs_y = 0},
    {.bitmap_index = 4537, .adv_w = 289, .box_w = 14, .box_h = 22, .ofs_x = 3, .ofs_y = 0},
    {.bitmap_index = 4576, .adv_w = 289, .box_w = 17, .box_h = 22, .ofs_x = 1, .ofs_y = 0},
    {.bitmap_index = 4623, .adv_w = 289, .box_w = 14, .box_h = 22, .ofs_x = 3, .ofs_y = 0},
    {.bitmap_index = 4662, .adv_w = 289, .box_w = 15, .box_h = 22, .ofs_x = 2, .ofs_y = 0},
    {.bitmap_index = 4704, .adv_w = 289, .box_w = 14, .box_h = 22, .ofs_x = 2, .ofs_y = 0},
    {.bitmap_index = 4743, .adv_w = 289, .box_w = 15, .box_h = 22, .ofs_x = 2, .ofs_y = 0},
    {.bitmap_index = 4785, .adv_w = 289, .box_w = 12, .box_h = 22, .ofs_x = 3, .ofs_y = 0},
    {.bitmap_index = 4818, .adv_w = 289, .box_w = 16, .box_h = 22, .ofs_x = 2, .ofs_y = 0},
    {.bitmap_index = 4862, .adv_w = 289, .box_w = 17, .box_h = 22, .ofs_x = 1, .ofs_y = 0},
    {.bitmap_index = 4909, .adv_w = 289, .box_w = 16, .box_h = 22, .ofs_x = 1, .ofs_y = 0},
    {.bitmap_index = 4953, .adv_w = 289, .box_w = 14, .box_h = 22, .ofs_x = 2, .ofs_y = 0},
    {.bitmap_index = 4992, .adv_w = 289, .box_w = 14, .box_h = 22, .ofs_x = 2, .ofs_y = 0},
    {.bitmap_index = 5031, .adv_w = 289, .box_w = 15, .box_h = 22, .ofs_x = 2, .ofs_y = 0},
    {.bitmap_index = 5073, .adv_w = 289, .box_w = 14, .box_h = 22, .ofs_x = 2, .ofs_y = 0},
    {.bitmap_index = 5112, .adv_w = 289, .box_w = 14, .box_h = 22, .ofs_x = 3, .ofs_y = 0},
    {.bitmap_index = 5151, .adv_w = 289, .box_w = 15, .box_h = 22, .ofs_x = 2, .ofs_y = 0},
    {.bitmap_index = 5193, .adv_w = 289, .box_w = 17, .box_h = 22, .ofs_x = 1, .ofs_y = 0},
    {.bitmap_index = 5240, .adv_w = 289, .box_w = 17, .box_h = 22, .ofs_x = 1, .ofs_y = 0},
    {.bitmap_index = 5287, .adv_w = 289, .box_w = 15, .box_h = 22, .ofs_x = 2, .ofs_y = 0},
    {.bitmap_index = 5329, .adv_w = 289, .box_w = 18, .box_h = 22, .ofs_x = 0, .ofs_y = 0},
    {.bitmap_index = 5379, .adv_w = 289, .box_w = 15, .box_h = 22, .ofs_x = 2, .ofs_y = 0},
    {.bitmap_index = 5421, .adv_w = 289, .box_w = 16, .box_h = 22, .ofs_x = 1, .ofs_y = 0},
    {.bitmap_index = 5465, .adv_w = 289, .box_w = 12, .box_h = 28, .ofs_x = 3, .ofs_y = 0},
    {.bitmap_index = 5507, .adv_w = 289, .box_w = 17, .box_h = 28, .ofs_x = 1, .ofs_y = 0},
    {.bitmap_index = 5567, .adv_w = 289, .box_w = 16, .box_h = 25, .ofs_x = 1, .ofs_y = 0},
    {.bitmap_index = 5617, .adv_w = 289, .box_w = 13, .box_h = 25, .ofs_x = 2, .ofs_y = 0},
    {.bitmap_index = 5658, .adv_w = 289, .box_w = 13, .box_h = 31, .ofs_x = 3, .ofs_y = -6},
    {.bitmap_index = 5709, .adv_w = 289, .box_w = 10, .box_h = 24, .ofs_x = 5, .ofs_y = 0},
    {.bitmap_index = 5739, .adv_w = 289, .box_w = 16, .box_h = 30, .ofs_x = 1, .ofs_y = 0},
    {.bitmap_index = 5799, .adv_w = 289, .box_w = 16, .box_h = 17, .ofs_x = 1, .ofs_y = 0},
    {.bitmap_index = 5833, .adv_w = 289, .box_w = 14, .box_h = 29, .ofs_x = 2, .ofs_y = -6},
    {.bitmap_index = 5884, .adv_w = 289, .box_w = 16, .box_h = 23, .ofs_x = 1, .ofs_y = -6},
    {.bitmap_index = 5930, .adv_w = 289, .box_w = 14, .box_h = 23, .ofs_x = 2, .ofs_y = 0},
    {.bitmap_index = 5971, .adv_w = 289, .box_w = 13, .box_h = 17, .ofs_x = 2, .ofs_y = 0},
    {.bitmap_index = 5999, .adv_w = 289, .box_w = 14, .box_h = 29, .ofs_x = 2, .ofs_y = -6},
    {.bitmap_index = 6050, .adv_w = 289, .box_w = 13, .box_h = 23, .ofs_x = 3, .ofs_y = -6},
    {.bitmap_index = 6088, .adv_w = 289, .box_w = 14, .box_h = 22, .ofs_x = 2, .ofs_y = 0},
    {.bitmap_index = 6127, .adv_w = 289, .box_w = 10, .box_h = 17, .ofs_x = 5, .ofs_y = 0},
    {.bitmap_index = 6149, .adv_w = 289, .box_w = 14, .box_h = 17, .ofs_x = 3, .ofs_y = 0},
    {.bitmap_index = 6179, .adv_w = 289, .box_w = 16, .box_h = 23, .ofs_x = 1, .ofs_y = 0},
    {.bitmap_index = 6225, .adv_w = 289, .box_w = 15, .box_h = 23, .ofs_x = 3, .ofs_y = -6},
    {.bitmap_index = 6269, .adv_w = 289, .box_w = 15, .box_h = 17, .ofs_x = 1, .ofs_y = 0},
    {.bitmap_index = 6301, .adv_w = 289, .box_w = 14, .box_h = 29, .ofs_x = 2, .ofs_y = -6},
    {.bitmap_index = 6352, .adv_w = 289, .box_w = 14, .box_h = 17, .ofs_x = 2, .ofs_y = 0},
    {.bitmap_index = 6382, .adv_w = 289, .box_w = 16, .box_h = 17, .ofs_x = 1, .ofs_y = 0},
    {.bitmap_index = 6416, .adv_w = 289, .box_w = 14, .box_h = 23, .ofs_x = 3, .ofs_y = -6},
    {.bitmap_index = 6457, .adv_w = 289, .box_w = 13, .box_h = 23, .ofs_x = 3, .ofs_y = -6},
    {.bitmap_index = 6495, .adv_w = 289, .box_w = 15, .box_h = 17, .ofs_x = 2, .ofs_y = 0},
    {.bitmap_index = 6527, .adv_w = 289, .box_w = 13, .box_h = 17, .ofs_x = 2, .ofs_y = 0},
    {.bitmap_index = 6555, .adv_w = 289, .box_w = 16, .box_h = 17, .ofs_x = 1, .ofs_y = 0},
    {.bitmap_index = 6589, .adv_w = 289, .box_w = 16, .box_h = 23, .ofs_x = 1, .ofs_y = -6},
    {.bitmap_index = 6635, .adv_w = 289, .box_w = 16, .box_h = 23, .ofs_x = 1, .ofs_y = -6},
    {.bitmap_index = 6681, .adv_w = 289, .box_w = 15, .box_h = 23, .ofs_x = 2, .ofs_y = -6},
    {.bitmap_index = 6725, .adv_w = 289, .box_w = 16, .box_h = 17, .ofs_x = 1, .ofs_y = 0},
    {.bitmap_index = 6759, .adv_w = 289, .box_w = 10, .box_h = 23, .ofs_x = 5, .ofs_y = 0},
    {.bitmap_index = 6788, .adv_w = 289, .box_w = 16, .box_h = 23, .ofs_x = 1, .ofs_y = 0},
    {.bitmap_index = 6834, .adv_w = 289, .box_w = 14, .box_h = 25, .ofs_x = 2, .ofs_y = 0},
    {.bitmap_index = 6878, .adv_w = 289, .box_w = 16, .box_h = 24, .ofs_x = 1, .ofs_y = 0},
    {.bitmap_index = 6926, .adv_w = 289, .box_w = 16, .box_h = 25, .ofs_x = 1, .ofs_y = 0},
    {.bitmap_index = 6976, .adv_w = 289, .box_w = 16, .box_h = 23, .ofs_x = 2, .ofs_y = 0},
    {.bitmap_index = 7022, .adv_w = 289, .box_w = 15, .box_h = 23, .ofs_x = 2, .ofs_y = 0},
    {.bitmap_index = 7066, .adv_w = 289, .box_w = 18, .box_h = 22, .ofs_x = 1, .ofs_y = 0},
    {.bitmap_index = 7116, .adv_w = 289, .box_w = 24, .box_h = 24, .ofs_x = -5, .ofs_y = 0},
    {.bitmap_index = 7188, .adv_w = 289, .box_w = 18, .box_h = 28, .ofs_x = 1, .ofs_y = 0},
    {.bitmap_index = 7251, .adv_w = 289, .box_w = 15, .box_h = 28, .ofs_x = 2, .ofs_y = -6},
    {.bitmap_index = 7304, .adv_w = 289, .box_w = 16, .box_h = 17, .ofs_x = 1, .ofs_y = 0},
    {.bitmap_index = 7338, .adv_w = 289, .box_w = 17, .box_h = 24, .ofs_x = 0, .ofs_y = -7},
    {.bitmap_index = 7389, .adv_w = 289, .box_w = 15, .box_h = 28, .ofs_x = 2, .ofs_y = -6},
    {.bitmap_index = 7442, .adv_w = 289, .box_w = 14, .box_h = 23, .ofs_x = 2, .ofs_y = -6},
    {.bitmap_index = 7483, .adv_w = 289, .box_w = 14, .box_h = 28, .ofs_x = 2, .ofs_y = -6},
    {.bitmap_index = 7532, .adv_w = 289, .box_w = 14, .box_h = 23, .ofs_x = 2, .ofs_y = -6},
    {.bitmap_index = 7573, .adv_w = 289, .box_w = 13, .box_h = 22, .ofs_x = 3, .ofs_y = 0},
    {.bitmap_index = 7609, .adv_w = 289, .box_w = 16, .box_h = 29, .ofs_x = 0, .ofs_y = -6},
    {.bitmap_index = 7667, .adv_w = 289, .box_w = 16, .box_h = 22, .ofs_x = 1, .ofs_y = 0},
    {.bitmap_index = 7711, .adv_w = 289, .box_w = 14, .box_h = 23, .ofs_x = 2, .ofs_y = 0},
    {.bitmap_index = 7752, .adv_w = 289, .box_w = 17, .box_h = 28, .ofs_x = 0, .ofs_y = -6},
    {.bitmap_index = 7812, .adv_w = 289, .box_w = 16, .box_h = 23, .ofs_x = 1, .ofs_y = -6},
    {.bitmap_index = 7858, .adv_w = 289, .box_w = 16, .box_h = 17, .ofs_x = 1, .ofs_y = 0},
    {.bitmap_index = 7892, .adv_w = 289, .box_w = 14, .box_h = 23, .ofs_x = 3, .ofs_y = -6},
    {.bitmap_index = 7933, .adv_w = 289, .box_w = 13, .box_h = 17, .ofs_x = 3, .ofs_y = 0},
    {.bitmap_index = 7961, .adv_w = 289, .box_w = 9, .box_h = 29, .ofs_x = 3, .ofs_y = -6},
    {.bitmap_index = 7994, .adv_w = 289, .box_w = 15, .box_h = 22, .ofs_x = 2, .ofs_y = 0},
    {.bitmap_index = 8036, .adv_w = 289, .box_w = 13, .box_h = 17, .ofs_x = 2, .ofs_y = 0},
    {.bitmap_index = 8064, .adv_w = 289, .box_w = 13, .box_h = 17, .ofs_x = 2, .ofs_y = 0},
    {.bitmap_index = 8092, .adv_w = 289, .box_w = 14, .box_h = 22, .ofs_x = 3, .ofs_y = 0},
    {.bitmap_index = 8131, .adv_w = 289, .box_w = 14, .box_h = 29, .ofs_x = 3, .ofs_y = -6},
    {.bitmap_index = 8182, .adv_w = 289, .box_w = 14, .box_h = 22, .ofs_x = 2, .ofs_y = 0},
    {.bitmap_index = 8221, .adv_w = 289, .box_w = 16, .box_h = 22, .ofs_x = 1, .ofs_y = 0},
    {.bitmap_index = 8265, .adv_w = 289, .box_w = 14, .box_h = 23, .ofs_x = 2, .ofs_y = -6},
    {.bitmap_index = 8306, .adv_w = 289, .box_w = 15, .box_h = 23, .ofs_x = 1, .ofs_y = -6},
    {.bitmap_index = 8350, .adv_w = 289, .box_w = 14, .box_h = 22, .ofs_x = 2, .ofs_y = 0},
    {.bitmap_index = 8389, .adv_w = 289, .box_w = 14, .box_h = 22, .ofs_x = 2, .ofs_y = 0},
    {.bitmap_index = 8428, .adv_w = 289, .box_w = 14, .box_h = 22, .ofs_x = 2, .ofs_y = 0},
    {.bitmap_index = 8467, .adv_w = 289, .box_w = 8, .box_h = 2, .ofs_x = 5, .ofs_y = 7},
    {.bitmap_index = 8469, .adv_w = 289, .box_w = 8, .box_h = 2, .ofs_x = 5, .ofs_y = 7},
    {.bitmap_index = 8471, .adv_w = 289, .box_w = 18, .box_h = 2, .ofs_x = 0, .ofs_y = 7},
    {.bitmap_index = 8476, .adv_w = 289, .box_w = 18, .box_h = 2, .ofs_x = 0, .ofs_y = 7},
    {.bitmap_index = 8481, .adv_w = 289, .box_w = 18, .box_h = 2, .ofs_x = 0, .ofs_y = 7},
    {.bitmap_index = 8486, .adv_w = 289, .box_w = 18, .box_h = 2, .ofs_x = 0, .ofs_y = 7},
    {.bitmap_index = 8491, .adv_w = 289, .box_w = 10, .box_h = 31, .ofs_x = 4, .ofs_y = -8},
    {.bitmap_index = 8530, .adv_w = 289, .box_w = 18, .box_h = 5, .ofs_x = 0, .ofs_y = -7},
    {.bitmap_index = 8542, .adv_w = 289, .box_w = 4, .box_h = 8, .ofs_x = 7, .ofs_y = 15},
    {.bitmap_index = 8546, .adv_w = 289, .box_w = 4, .box_h = 8, .ofs_x = 7, .ofs_y = 15},
    {.bitmap_index = 8550, .adv_w = 289, .box_w = 4, .box_h = 8, .ofs_x = 6, .ofs_y = -4},
    {.bitmap_index = 8554, .adv_w = 289, .box_w = 4, .box_h = 8, .ofs_x = 7, .ofs_y = 15},
    {.bitmap_index = 8558, .adv_w = 289, .box_w = 11, .box_h = 8, .ofs_x = 3, .ofs_y = 15},
    {.bitmap_index = 8569, .adv_w = 289, .box_w = 11, .box_h = 8, .ofs_x = 4, .ofs_y = 15},
    {.bitmap_index = 8580, .adv_w = 289, .box_w = 11, .box_h = 8, .ofs_x = 4, .ofs_y = -4},
    {.bitmap_index = 8591, .adv_w = 289, .box_w = 11, .box_h = 8, .ofs_x = 3, .ofs_y = 15},
    {.bitmap_index = 8602, .adv_w = 289, .box_w = 13, .box_h = 25, .ofs_x = 2, .ofs_y = -3},
    {.bitmap_index = 8643, .adv_w = 289, .box_w = 13, .box_h = 25, .ofs_x = 2, .ofs_y = -3},
    {.bitmap_index = 8684, .adv_w = 289, .box_w = 9, .box_h = 9, .ofs_x = 5, .ofs_y = 7},
    {.bitmap_index = 8695, .adv_w = 289, .box_w = 10, .box_h = 11, .ofs_x = 5, .ofs_y = 6},
    {.bitmap_index = 8709, .adv_w = 289, .box_w = 15, .box_h = 4, .ofs_x = 1, .ofs_y = 0},
    {.bitmap_index = 8717, .adv_w = 289, .box_w = 1, .box_h = 1, .ofs_x = 0, .ofs_y = 0},
    {.bitmap_index = 8718, .adv_w = 289, .box_w = 18, .box_h = 21, .ofs_x = 0, .ofs_y = 0},
    {.bitmap_index = 8766, .adv_w = 289, .box_w = 18, .box_h = 21, .ofs_x = 0, .ofs_y = 0},
    {.bitmap_index = 8814, .adv_w = 289, .box_w = 6, .box_h = 6, .ofs_x = 6, .ofs_y = 16},
    {.bitmap_index = 8819, .adv_w = 289, .box_w = 10, .box_h = 5, .ofs_x = 4, .ofs_y = 17},
    {.bitmap_index = 8826, .adv_w = 289, .box_w = 14, .box_h = 5, .ofs_x = 2, .ofs_y = 17},
    {.bitmap_index = 8835, .adv_w = 289, .box_w = 6, .box_h = 6, .ofs_x = 6, .ofs_y = 16},
    {.bitmap_index = 8840, .adv_w = 289, .box_w = 10, .box_h = 5, .ofs_x = 4, .ofs_y = 17},
    {.bitmap_index = 8847, .adv_w = 289, .box_w = 14, .box_h = 5, .ofs_x = 2, .ofs_y = 17},
    {.bitmap_index = 8856, .adv_w = 289, .box_w = 7, .box_h = 14, .ofs_x = 5, .ofs_y = 2},
    {.bitmap_index = 8869, .adv_w = 289, .box_w = 7, .box_h = 14, .ofs_x = 6, .ofs_y = 2},
    {.bitmap_index = 8882, .adv_w = 289, .box_w = 12, .box_h = 22, .ofs_x = 3, .ofs_y = 0},
    {.bitmap_index = 8915, .adv_w = 289, .box_w = 12, .box_h = 22, .ofs_x = 3, .ofs_y = 0},
    {.bitmap_index = 8948, .adv_w = 289, .box_w = 18, .box_h = 1, .ofs_x = 0, .ofs_y = 22},
    {.bitmap_index = 8951, .adv_w = 289, .box_w = 20, .box_h = 5, .ofs_x = -1, .ofs_y = -7},
    {.bitmap_index = 8964, .adv_w = 289, .box_w = 6, .box_h = 27, .ofs_x = 7, .ofs_y = -4},
    {.bitmap_index = 8985, .adv_w = 289, .box_w = 7, .box_h = 27, .ofs_x = 5, .ofs_y = -4},
    {.bitmap_index = 9009, .adv_w = 289, .box_w = 17, .box_h = 22, .ofs_x = 1, .ofs_y = 0},
    {.bitmap_index = 9056, .adv_w = 289, .box_w = 15, .box_h = 22, .ofs_x = 1, .ofs_y = 0},
    {.bitmap_index = 9098, .adv_w = 289, .box_w = 14, .box_h = 22, .ofs_x = 3, .ofs_y = 0},
    {.bitmap_index = 9137, .adv_w = 289, .box_w = 14, .box_h = 25, .ofs_x = 3, .ofs_y = -3},
    {.bitmap_index = 9181, .adv_w = 289, .box_w = 1, .box_h = 1, .ofs_x = 0, .ofs_y = 0},
    {.bitmap_index = 9182, .adv_w = 289, .box_w = 9, .box_h = 12, .ofs_x = 5, .ofs_y = 10},
    {.bitmap_index = 9196, .adv_w = 289, .box_w = 8, .box_h = 12, .ofs_x = 5, .ofs_y = 10},
    {.bitmap_index = 9208, .adv_w = 289, .box_w = 10, .box_h = 12, .ofs_x = 3, .ofs_y = 10},
    {.bitmap_index = 9223, .adv_w = 289, .box_w = 9, .box_h = 12, .ofs_x = 4, .ofs_y = 10},
    {.bitmap_index = 9237, .adv_w = 289, .box_w = 9, .box_h = 12, .ofs_x = 5, .ofs_y = 10},
    {.bitmap_index = 9251, .adv_w = 289, .box_w = 9, .box_h = 12, .ofs_x = 5, .ofs_y = 10},
    {.bitmap_index = 9265, .adv_w = 289, .box_w = 9, .box_h = 12, .ofs_x = 5, .ofs_y = 10},
    {.bitmap_index = 9279, .adv_w = 289, .box_w = 9, .box_h = 12, .ofs_x = 4, .ofs_y = 10},
    {.bitmap_index = 9293, .adv_w = 289, .box_w = 10, .box_h = 8, .ofs_x = 4, .ofs_y = 11},
    {.bitmap_index = 9303, .adv_w = 289, .box_w = 10, .box_h = 1, .ofs_x = 4, .ofs_y = 14},
    {.bitmap_index = 9305, .adv_w = 289, .box_w = 10, .box_h = 5, .ofs_x = 4, .ofs_y = 13},
    {.bitmap_index = 9312, .adv_w = 289, .box_w = 4, .box_h = 15, .ofs_x = 7, .ofs_y = 7},
    {.bitmap_index = 9320, .adv_w = 289, .box_w = 4, .box_h = 15, .ofs_x = 7, .ofs_y = 7},
    {.bitmap_index = 9328, .adv_w = 289, .box_w = 9, .box_h = 9, .ofs_x = 5, .ofs_y = 10},
    {.bitmap_index = 9339, .adv_w = 289, .box_w = 9, .box_h = 13, .ofs_x = 5, .ofs_y = 0},
    {.bitmap_index = 9354, .adv_w = 289, .box_w = 8, .box_h = 13, .ofs_x = 5, .ofs_y = 0},
    {.bitmap_index = 9367, .adv_w = 289, .box_w = 8, .box_h = 13, .ofs_x = 5, .ofs_y = 0},
    {.bitmap_index = 9380, .adv_w = 289, .box_w = 8, .box_h = 13, .ofs_x = 5, .ofs_y = 0},
    {.bitmap_index = 9393, .adv_w = 289, .box_w = 10, .box_h = 13, .ofs_x = 3, .ofs_y = 0},
    {.bitmap_index = 9410, .adv_w = 289, .box_w = 9, .box_h = 13, .ofs_x = 4, .ofs_y = 0},
    {.bitmap_index = 9425, .adv_w = 289, .box_w = 9, .box_h = 13, .ofs_x = 5, .ofs_y = 0},
    {.bitmap_index = 9440, .adv_w = 289, .box_w = 9, .box_h = 13, .ofs_x = 5, .ofs_y = 0},
    {.bitmap_index = 9455, .adv_w = 289, .box_w = 9, .box_h = 13, .ofs_x = 5, .ofs_y = 0},
    {.bitmap_index = 9470, .adv_w = 289, .box_w = 9, .box_h = 13, .ofs_x = 4, .ofs_y = 0},
    {.bitmap_index = 9485, .adv_w = 289, .box_w = 10, .box_h = 9, .ofs_x = 4, .ofs_y = 1},
    {.bitmap_index = 9497, .adv_w = 289, .box_w = 10, .box_h = 1, .ofs_x = 4, .ofs_y = 5},
    {.bitmap_index = 9499, .adv_w = 289, .box_w = 10, .box_h = 5, .ofs_x = 4, .ofs_y = 3},
    {.bitmap_index = 9506, .adv_w = 289, .box_w = 4, .box_h = 16, .ofs_x = 7, .ofs_y = -2},
    {.bitmap_index = 9514, .adv_w = 289, .box_w = 4, .box_h = 16, .ofs_x = 7, .ofs_y = -2},
    {.bitmap_index = 9522, .adv_w = 289, .box_w = 9, .box_h = 10, .ofs_x = 5, .ofs_y = 0},
    {.bitmap_index = 9534, .adv_w = 289, .box_w = 9, .box_h = 10, .ofs_x = 4, .ofs_y = 0},
    {.bitmap_index = 9546, .adv_w = 289, .box_w = 9, .box_h = 10, .ofs_x = 5, .ofs_y = 0},
    {.bitmap_index = 9558, .adv_w = 289, .box_w = 10, .box_h = 10, .ofs_x = 4, .ofs_y = 0},
    {.bitmap_index = 9571, .adv_w = 289, .box_w = 9, .box_h = 10, .ofs_x = 4, .ofs_y = 0},
    {.bitmap_index = 9583, .adv_w = 289, .box_w = 9, .box_h = 14, .ofs_x = 5, .ofs_y = 0},
    {.bitmap_index = 9599, .adv_w = 289, .box_w = 9, .box_h = 14, .ofs_x = 5, .ofs_y = 0},
    {.bitmap_index = 9615, .adv_w = 289, .box_w = 9, .box_h = 14, .ofs_x = 5, .ofs_y = 0},
    {.bitmap_index = 9631, .adv_w = 289, .box_w = 10, .box_h = 10, .ofs_x = 4, .ofs_y = 0},
    {.bitmap_index = 9644, .adv_w = 289, .box_w = 9, .box_h = 10, .ofs_x = 5, .ofs_y = 0},
    {.bitmap_index = 9656, .adv_w = 289, .box_w = 9, .box_h = 14, .ofs_x = 5, .ofs_y = -4},
    {.bitmap_index = 9672, .adv_w = 289, .box_w = 8, .box_h = 10, .ofs_x = 5, .ofs_y = 0},
    {.bitmap_index = 9682, .adv_w = 289, .box_w = 8, .box_h = 13, .ofs_x = 5, .ofs_y = 0},
    {.bitmap_index = 9695, .adv_w = 289, .box_w = 18, .box_h = 22, .ofs_x = 1, .ofs_y = 0},
    {.bitmap_index = 9745, .adv_w = 289, .box_w = 15, .box_h = 25, .ofs_x = 2, .ofs_y = -1},
    {.bitmap_index = 9792, .adv_w = 289, .box_w = 15, .box_h = 22, .ofs_x = 1, .ofs_y = 0},
    {.bitmap_index = 9834, .adv_w = 289, .box_w = 16, .box_h = 22, .ofs_x = 0, .ofs_y = 0},
    {.bitmap_index = 9878, .adv_w = 289, .box_w = 15, .box_h = 22, .ofs_x = 2, .ofs_y = 0},
    {.bitmap_index = 9920, .adv_w = 289, .box_w = 15, .box_h = 23, .ofs_x = 2, .ofs_y = -3},
    {.bitmap_index = 9964, .adv_w = 289, .box_w = 18, .box_h = 22, .ofs_x = 0, .ofs_y = 0},
    {.bitmap_index = 10014, .adv_w = 289, .box_w = 18, .box_h = 22, .ofs_x = 1, .ofs_y = 0},
    {.bitmap_index = 10064, .adv_w = 289, .box_w = 18, .box_h = 22, .ofs_x = 1, .ofs_y = 0},
    {.bitmap_index = 10114, .adv_w = 289, .box_w = 18, .box_h = 22, .ofs_x = 0, .ofs_y = 0},
    {.bitmap_index = 10164, .adv_w = 289, .box_w = 17, .box_h = 22, .ofs_x = 1, .ofs_y = 0},
    {.bitmap_index = 10211, .adv_w = 289, .box_w = 16, .box_h = 28, .ofs_x = 2, .ofs_y = -5},
    {.bitmap_index = 10267, .adv_w = 289, .box_w = 15, .box_h = 22, .ofs_x = 1, .ofs_y = 0},
    {.bitmap_index = 10309, .adv_w = 289, .box_w = 17, .box_h = 22, .ofs_x = 1, .ofs_y = 0},
    {.bitmap_index = 10356, .adv_w = 289, .box_w = 17, .box_h = 22, .ofs_x = 1, .ofs_y = 0},
    {.bitmap_index = 10403, .adv_w = 289, .box_w = 17, .box_h = 28, .ofs_x = 1, .ofs_y = -6},
    {.bitmap_index = 10463, .adv_w = 289, .box_w = 17, .box_h = 22, .ofs_x = 0, .ofs_y = 0},
    {.bitmap_index = 10510, .adv_w = 289, .box_w = 17, .box_h = 22, .ofs_x = 2, .ofs_y = 0},
    {.bitmap_index = 10557, .adv_w = 289, .box_w = 16, .box_h = 27, .ofs_x = 1, .ofs_y = -2},
    {.bitmap_index = 10611, .adv_w = 289, .box_w = 16, .box_h = 22, .ofs_x = 1, .ofs_y = 0},
    {.bitmap_index = 10655, .adv_w = 289, .box_w = 18, .box_h = 22, .ofs_x = 0, .ofs_y = 0},
    {.bitmap_index = 10705, .adv_w = 289, .box_w = 15, .box_h = 27, .ofs_x = 1, .ofs_y = -4},
    {.bitmap_index = 10756, .adv_w = 289, .box_w = 17, .box_h = 22, .ofs_x = 1, .ofs_y = 0},
    {.bitmap_index = 10803, .adv_w = 289, .box_w = 15, .box_h = 22, .ofs_x = 2, .ofs_y = 0},
    {.bitmap_index = 10845, .adv_w = 289, .box_w = 18, .box_h = 22, .ofs_x = 0, .ofs_y = 0},
    {.bitmap_index = 10895, .adv_w = 289, .box_w = 15, .box_h = 22, .ofs_x = 1, .ofs_y = 0},
    {.bitmap_index = 10937, .adv_w = 289, .box_w = 14, .box_h = 22, .ofs_x = 2, .ofs_y = 0},
    {.bitmap_index = 10976, .adv_w = 289, .box_w = 18, .box_h = 24, .ofs_x = 0, .ofs_y = -1},
    {.bitmap_index = 11030, .adv_w = 289, .box_w = 16, .box_h = 22, .ofs_x = 1, .ofs_y = 0},
    {.bitmap_index = 11074, .adv_w = 289, .box_w = 15, .box_h = 22, .ofs_x = 1, .ofs_y = 1},
    {.bitmap_index = 11116, .adv_w = 289, .box_w = 15, .box_h = 22, .ofs_x = 1, .ofs_y = 1},
    {.bitmap_index = 11158, .adv_w = 289, .box_w = 16, .box_h = 22, .ofs_x = 1, .ofs_y = 0},
    {.bitmap_index = 11202, .adv_w = 289, .box_w = 19, .box_h = 22, .ofs_x = 0, .ofs_y = 0},
    {.bitmap_index = 11255, .adv_w = 289, .box_w = 19, .box_h = 18, .ofs_x = 0, .ofs_y = 2},
    {.bitmap_index = 11298, .adv_w = 289, .box_w = 16, .box_h = 22, .ofs_x = 1, .ofs_y = 0},
    {.bitmap_index = 11342, .adv_w = 289, .box_w = 18, .box_h = 26, .ofs_x = 0, .ofs_y = -4},
    {.bitmap_index = 11401, .adv_w = 289, .box_w = 16, .box_h = 22, .ofs_x = 1, .ofs_y = 0},
    {.bitmap_index = 11445, .adv_w = 289, .box_w = 16, .box_h = 8, .ofs_x = 0, .ofs_y = 14},
    {.bitmap_index = 11461, .adv_w = 289, .box_w = 17, .box_h = 22, .ofs_x = 0, .ofs_y = 0},
    {.bitmap_index = 11508, .adv_w = 289, .box_w = 16, .box_h = 21, .ofs_x = 1, .ofs_y = 0},
    {.bitmap_index = 11550, .adv_w = 289, .box_w = 16, .box_h = 22, .ofs_x = 2, .ofs_y = 0},
    {.bitmap_index = 11594, .adv_w = 289, .box_w = 16, .box_h = 28, .ofs_x = 1, .ofs_y = 0},
    {.bitmap_index = 11650, .adv_w = 289, .box_w = 17, .box_h = 21, .ofs_x = 0, .ofs_y = -1},
    {.bitmap_index = 11695, .adv_w = 289, .box_w = 14, .box_h = 23, .ofs_x = 0, .ofs_y = 0},
    {.bitmap_index = 11736, .adv_w = 289, .box_w = 16, .box_h = 29, .ofs_x = 1, .ofs_y = -4},
    {.bitmap_index = 11794, .adv_w = 289, .box_w = 16, .box_h = 30, .ofs_x = 1, .ofs_y = -5},
    {.bitmap_index = 11854, .adv_w = 289, .box_w = 16, .box_h = 29, .ofs_x = 1, .ofs_y = -4},
    {.bitmap_index = 11912, .adv_w = 289, .box_w = 16, .box_h = 29, .ofs_x = 0, .ofs_y = -4},
    {.bitmap_index = 11970, .adv_w = 289, .box_w = 16, .box_h = 29, .ofs_x = 1, .ofs_y = -4},
    {.bitmap_index = 12028, .adv_w = 289, .box_w = 16, .box_h = 29, .ofs_x = 0, .ofs_y = -4},
    {.bitmap_index = 12086, .adv_w = 289, .box_w = 16, .box_h = 29, .ofs_x = 0, .ofs_y = -4},
    {.bitmap_index = 12144, .adv_w = 289, .box_w = 16, .box_h = 29, .ofs_x = 0, .ofs_y = -4},
    {.bitmap_index = 12202, .adv_w = 289, .box_w = 16, .box_h = 29, .ofs_x = 1, .ofs_y = -4},
    {.bitmap_index = 12260, .adv_w = 289, .box_w = 16, .box_h = 29, .ofs_x = 0, .ofs_y = -4},
    {.bitmap_index = 12318, .adv_w = 289, .box_w = 16, .box_h = 29, .ofs_x = 1, .ofs_y = -4},
    {.bitmap_index = 12376, .adv_w = 289, .box_w = 16, .box_h = 29, .ofs_x = 0, .ofs_y = -4},
    {.bitmap_index = 12434, .adv_w = 289, .box_w = 16, .box_h = 29, .ofs_x = 0, .ofs_y = -4},
    {.bitmap_index = 12492, .adv_w = 289, .box_w = 16, .box_h = 29, .ofs_x = 1, .ofs_y = -4},
    {.bitmap_index = 12550, .adv_w = 289, .box_w = 16, .box_h = 18, .ofs_x = 1, .ofs_y = 7},
    {.bitmap_index = 12586, .adv_w = 289, .box_w = 16, .box_h = 29, .ofs_x = 1, .ofs_y = -4},
    {.bitmap_index = 12644, .adv_w = 289, .box_w = 16, .box_h = 10, .ofs_x = 1, .ofs_y = 3},
    {.bitmap_index = 12664, .adv_w = 289, .box_w = 10, .box_h = 16, .ofs_x = 4, .ofs_y = 0},
    {.bitmap_index = 12684, .adv_w = 289, .box_w = 16, .box_h = 10, .ofs_x = 1, .ofs_y = 3},
    {.bitmap_index = 12704, .adv_w = 289, .box_w = 10, .box_h = 16, .ofs_x = 4, .ofs_y = 0},
    {.bitmap_index = 12724, .adv_w = 289, .box_w = 16, .box_h = 10, .ofs_x = 1, .ofs_y = 3},
    {.bitmap_index = 12744, .adv_w = 289, .box_w = 10, .box_h = 16, .ofs_x = 4, .ofs_y = 0},
    {.bitmap_index = 12764, .adv_w = 289, .box_w = 13, .box_h = 13, .ofs_x = 3, .ofs_y = 0},
    {.bitmap_index = 12786, .adv_w = 289, .box_w = 13, .box_h = 13, .ofs_x = 2, .ofs_y = 0},
    {.bitmap_index = 12808, .adv_w = 289, .box_w = 13, .box_h = 13, .ofs_x = 2, .ofs_y = 0},
    {.bitmap_index = 12830, .adv_w = 289, .box_w = 13, .box_h = 13, .ofs_x = 3, .ofs_y = 0},
    {.bitmap_index = 12852, .adv_w = 289, .box_w = 16, .box_h = 10, .ofs_x = 1, .ofs_y = 3},
    {.bitmap_index = 12872, .adv_w = 289, .box_w = 16, .box_h = 10, .ofs_x = 1, .ofs_y = 3},
    {.bitmap_index = 12892, .adv_w = 289, .box_w = 16, .box_h = 7, .ofs_x = 1, .ofs_y = 6},
    {.bitmap_index = 12906, .adv_w = 289, .box_w = 16, .box_h = 7, .ofs_x = 1, .ofs_y = 6},
    {.bitmap_index = 12920, .adv_w = 289, .box_w = 16, .box_h = 10, .ofs_x = 1, .ofs_y = 3},
    {.bitmap_index = 12940, .adv_w = 289, .box_w = 10, .box_h = 16, .ofs_x = 4, .ofs_y = 0},
    {.bitmap_index = 12960, .adv_w = 289, .box_w = 16, .box_h = 10, .ofs_x = 1, .ofs_y = 3},
    {.bitmap_index = 12980, .adv_w = 289, .box_w = 10, .box_h = 16, .ofs_x = 4, .ofs_y = 0},
    {.bitmap_index = 13000, .adv_w = 289, .box_w = 16, .box_h = 10, .ofs_x = 1, .ofs_y = 3},
    {.bitmap_index = 13020, .adv_w = 289, .box_w = 16, .box_h = 10, .ofs_x = 1, .ofs_y = 3},
    {.bitmap_index = 13040, .adv_w = 289, .box_w = 16, .box_h = 9, .ofs_x = 1, .ofs_y = 4},
    {.bitmap_index = 13058, .adv_w = 289, .box_w = 10, .box_h = 16, .ofs_x = 4, .ofs_y = 0},
    {.bitmap_index = 13078, .adv_w = 289, .box_w = 16, .box_h = 9, .ofs_x = 1, .ofs_y = 4},
    {.bitmap_index = 13096, .adv_w = 289, .box_w = 10, .box_h = 16, .ofs_x = 4, .ofs_y = 0},
    {.bitmap_index = 13116, .adv_w = 289, .box_w = 10, .box_h = 16, .ofs_x = 4, .ofs_y = 0},
    {.bitmap_index = 13136, .adv_w = 289, .box_w = 16, .box_h = 12, .ofs_x = 1, .ofs_y = 3},
    {.bitmap_index = 13160, .adv_w = 289, .box_w = 16, .box_h = 12, .ofs_x = 1, .ofs_y = 3},
    {.bitmap_index = 13184, .adv_w = 289, .box_w = 16, .box_h = 12, .ofs_x = 1, .ofs_y = 3},
    {.bitmap_index = 13208, .adv_w = 289, .box_w = 16, .box_h = 12, .ofs_x = 1, .ofs_y = 3},
    {.bitmap_index = 13232, .adv_w = 289, .box_w = 16, .box_h = 10, .ofs_x = 1, .ofs_y = 3},
    {.bitmap_index = 13252, .adv_w = 289, .box_w = 16, .box_h = 10, .ofs_x = 1, .ofs_y = 3},
    {.bitmap_index = 13272, .adv_w = 289, .box_w = 14, .box_h = 21, .ofs_x = 2, .ofs_y = 0},
    {.bitmap_index = 13309, .adv_w = 289, .box_w = 12, .box_h = 20, .ofs_x = 3, .ofs_y = 0},
    {.bitmap_index = 13339, .adv_w = 289, .box_w = 12, .box_h = 20, .ofs_x = 3, .ofs_y = 0},
    {.bitmap_index = 13369, .adv_w = 289, .box_w = 12, .box_h = 20, .ofs_x = 3, .ofs_y = 0},
    {.bitmap_index = 13399, .adv_w = 289, .box_w = 12, .box_h = 20, .ofs_x = 3, .ofs_y = 0},
    {.bitmap_index = 13429, .adv_w = 289, .box_w = 13, .box_h = 16, .ofs_x = 2, .ofs_y = 0},
    {.bitmap_index = 13455, .adv_w = 289, .box_w = 16, .box_h = 13, .ofs_x = 1, .ofs_y = 0},
    {.bitmap_index = 13481, .adv_w = 289, .box_w = 16, .box_h = 10, .ofs_x = 1, .ofs_y = 5},
    {.bitmap_index = 13501, .adv_w = 289, .box_w = 16, .box_h = 10, .ofs_x = 1, .ofs_y = 5},
    {.bitmap_index = 13521, .adv_w = 289, .box_w = 17, .box_h = 15, .ofs_x = 1, .ofs_y = 0},
    {.bitmap_index = 13553, .adv_w = 289, .box_w = 16, .box_h = 18, .ofs_x = 1, .ofs_y = 0},
    {.bitmap_index = 13589, .adv_w = 289, .box_w = 15, .box_h = 15, .ofs_x = 2, .ofs_y = 0},
    {.bitmap_index = 13618, .adv_w = 289, .box_w = 15, .box_h = 15, .ofs_x = 1, .ofs_y = 0},
    {.bitmap_index = 13647, .adv_w = 289, .box_w = 16, .box_h = 6, .ofs_x = 1, .ofs_y = 7},
    {.bitmap_index = 13659, .adv_w = 289, .box_w = 16, .box_h = 6, .ofs_x = 1, .ofs_y = 3},
    {.bitmap_index = 13671, .adv_w = 289, .box_w = 6, .box_h = 16, .ofs_x = 8, .ofs_y = 0},
    {.bitmap_index = 13683, .adv_w = 289, .box_w = 6, .box_h = 16, .ofs_x = 4, .ofs_y = 0},
    {.bitmap_index = 13695, .adv_w = 289, .box_w = 16, .box_h = 6, .ofs_x = 1, .ofs_y = 7},
    {.bitmap_index = 13707, .adv_w = 289, .box_w = 16, .box_h = 6, .ofs_x = 1, .ofs_y = 3},
    {.bitmap_index = 13719, .adv_w = 289, .box_w = 6, .box_h = 16, .ofs_x = 8, .ofs_y = 0},
    {.bitmap_index = 13731, .adv_w = 289, .box_w = 6, .box_h = 16, .ofs_x = 5, .ofs_y = 0},
    {.bitmap_index = 13743, .adv_w = 289, .box_w = 16, .box_h = 17, .ofs_x = 1, .ofs_y = 0},
    {.bitmap_index = 13777, .adv_w = 289, .box_w = 17, .box_h = 16, .ofs_x = 0, .ofs_y = 0},
    {.bitmap_index = 13811, .adv_w = 289, .box_w = 16, .box_h = 17, .ofs_x = 1, .ofs_y = 0},
    {.bitmap_index = 13845, .adv_w = 289, .box_w = 16, .box_h = 17, .ofs_x = 1, .ofs_y = 0},
    {.bitmap_index = 13879, .adv_w = 289, .box_w = 17, .box_h = 16, .ofs_x = 0, .ofs_y = 0},
    {.bitmap_index = 13913, .adv_w = 289, .box_w = 16, .box_h = 17, .ofs_x = 1, .ofs_y = 0},
    {.bitmap_index = 13947, .adv_w = 289, .box_w = 17, .box_h = 16, .ofs_x = 0, .ofs_y = 0},
    {.bitmap_index = 13981, .adv_w = 289, .box_w = 16, .box_h = 15, .ofs_x = 1, .ofs_y = 1},
    {.bitmap_index = 14011, .adv_w = 289, .box_w = 16, .box_h = 15, .ofs_x = 1, .ofs_y = 1},
    {.bitmap_index = 14041, .adv_w = 289, .box_w = 16, .box_h = 9, .ofs_x = 1, .ofs_y = 4},
    {.bitmap_index = 14059, .adv_w = 289, .box_w = 16, .box_h = 10, .ofs_x = 1, .ofs_y = 4},
    {.bitmap_index = 14079, .adv_w = 289, .box_w = 16, .box_h = 9, .ofs_x = 1, .ofs_y = 4},
    {.bitmap_index = 14097, .adv_w = 289, .box_w = 16, .box_h = 9, .ofs_x = 1, .ofs_y = 4},
    {.bitmap_index = 14115, .adv_w = 289, .box_w = 9, .box_h = 16, .ofs_x = 5, .ofs_y = 0},
    {.bitmap_index = 14133, .adv_w = 289, .box_w = 16, .box_h = 9, .ofs_x = 1, .ofs_y = 4},
    {.bitmap_index = 14151, .adv_w = 289, .box_w = 9, .box_h = 16, .ofs_x = 5, .ofs_y = 0},
    {.bitmap_index = 14169, .adv_w = 289, .box_w = 16, .box_h = 9, .ofs_x = 1, .ofs_y = 4},
    {.bitmap_index = 14187, .adv_w = 289, .box_w = 9, .box_h = 16, .ofs_x = 5, .ofs_y = 0},
    {.bitmap_index = 14205, .adv_w = 289, .box_w = 14, .box_h = 14, .ofs_x = 2, .ofs_y = -1},
    {.bitmap_index = 14230, .adv_w = 289, .box_w = 14, .box_h = 14, .ofs_x = 2, .ofs_y = -1},
    {.bitmap_index = 14255, .adv_w = 289, .box_w = 14, .box_h = 14, .ofs_x = 2, .ofs_y = 0},
    {.bitmap_index = 14280, .adv_w = 289, .box_w = 14, .box_h = 14, .ofs_x = 2, .ofs_y = 0},
    {.bitmap_index = 14305, .adv_w = 289, .box_w = 16, .box_h = 9, .ofs_x = 1, .ofs_y = 4},
    {.bitmap_index = 14323, .adv_w = 289, .box_w = 16, .box_h = 9, .ofs_x = 1, .ofs_y = 4},
    {.bitmap_index = 14341, .adv_w = 289, .box_w = 16, .box_h = 10, .ofs_x = 1, .ofs_y = 3},
    {.bitmap_index = 14361, .adv_w = 289, .box_w = 16, .box_h = 10, .ofs_x = 1, .ofs_y = 3},
    {.bitmap_index = 14381, .adv_w = 289, .box_w = 10, .box_h = 16, .ofs_x = 4, .ofs_y = 0},
    {.bitmap_index = 14401, .adv_w = 289, .box_w = 10, .box_h = 16, .ofs_x = 4, .ofs_y = 0},
    {.bitmap_index = 14421, .adv_w = 289, .box_w = 16, .box_h = 10, .ofs_x = 1, .ofs_y = 3},
    {.bitmap_index = 14441, .adv_w = 289, .box_w = 10, .box_h = 16, .ofs_x = 4, .ofs_y = 0},
    {.bitmap_index = 14461, .adv_w = 289, .box_w = 17, .box_h = 10, .ofs_x = 1, .ofs_y = 3},
    {.bitmap_index = 14483, .adv_w = 289, .box_w = 10, .box_h = 16, .ofs_x = 4, .ofs_y = 0},
    {.bitmap_index = 14503, .adv_w = 289, .box_w = 16, .box_h = 9, .ofs_x = 1, .ofs_y = 4},
    {.bitmap_index = 14521, .adv_w = 289, .box_w = 16, .box_h = 9, .ofs_x = 1, .ofs_y = 4},
    {.bitmap_index = 14539, .adv_w = 289, .box_w = 16, .box_h = 11, .ofs_x = 1, .ofs_y = 3},
    {.bitmap_index = 14561, .adv_w = 289, .box_w = 11, .box_h = 16, .ofs_x = 4, .ofs_y = 0},
    {.bitmap_index = 14583, .adv_w = 289, .box_w = 16, .box_h = 11, .ofs_x = 1, .ofs_y = 3},
    {.bitmap_index = 14605, .adv_w = 289, .box_w = 11, .box_h = 17, .ofs_x = 4, .ofs_y = 0},
    {.bitmap_index = 14629, .adv_w = 289, .box_w = 11, .box_h = 16, .ofs_x = 4, .ofs_y = 0},
    {.bitmap_index = 14651, .adv_w = 289, .box_w = 11, .box_h = 16, .ofs_x = 4, .ofs_y = 0},
    {.bitmap_index = 14673, .adv_w = 289, .box_w = 11, .box_h = 17, .ofs_x = 4, .ofs_y = 0},
    {.bitmap_index = 14697, .adv_w = 289, .box_w = 11, .box_h = 16, .ofs_x = 4, .ofs_y = 0},
    {.bitmap_index = 14719, .adv_w = 289, .box_w = 11, .box_h = 16, .ofs_x = 4, .ofs_y = 0},
    {.bitmap_index = 14741, .adv_w = 289, .box_w = 11, .box_h = 16, .ofs_x = 4, .ofs_y = 0},
    {.bitmap_index = 14763, .adv_w = 289, .box_w = 16, .box_h = 11, .ofs_x = 1, .ofs_y = 3},
    {.bitmap_index = 14785, .adv_w = 289, .box_w = 16, .box_h = 16, .ofs_x = 1, .ofs_y = 0},
    {.bitmap_index = 14817, .adv_w = 289, .box_w = 16, .box_h = 16, .ofs_x = 1, .ofs_y = 0},
    {.bitmap_index = 14849, .adv_w = 289, .box_w = 11, .box_h = 16, .ofs_x = 4, .ofs_y = 0},
    {.bitmap_index = 14871, .adv_w = 289, .box_w = 16, .box_h = 10, .ofs_x = 1, .ofs_y = 3},
    {.bitmap_index = 14891, .adv_w = 289, .box_w = 17, .box_h = 16, .ofs_x = 0, .ofs_y = 0},
    {.bitmap_index = 14925, .adv_w = 289, .box_w = 16, .box_h = 24, .ofs_x = 1, .ofs_y = -4},
    {.bitmap_index = 14973, .adv_w = 289, .box_w = 16, .box_h = 9, .ofs_x = 1, .ofs_y = 4},
    {.bitmap_index = 14991, .adv_w = 289, .box_w = 16, .box_h = 9, .ofs_x = 1, .ofs_y = 4},
    {.bitmap_index = 15009, .adv_w = 289, .box_w = 16, .box_h = 9, .ofs_x = 1, .ofs_y = 4},
    {.bitmap_index = 15027, .adv_w = 289, .box_w = 16, .box_h = 9, .ofs_x = 1, .ofs_y = 4},
    {.bitmap_index = 15045, .adv_w = 289, .box_w = 16, .box_h = 9, .ofs_x = 1, .ofs_y = 4},
    {.bitmap_index = 15063, .adv_w = 289, .box_w = 16, .box_h = 9, .ofs_x = 1, .ofs_y = 4},
    {.bitmap_index = 15081, .adv_w = 289, .box_w = 16, .box_h = 10, .ofs_x = 1, .ofs_y = 3},
    {.bitmap_index = 15101, .adv_w = 289, .box_w = 16, .box_h = 10, .ofs_x = 1, .ofs_y = 3},
    {.bitmap_index = 15121, .adv_w = 289, .box_w = 17, .box_h = 10, .ofs_x = 1, .ofs_y = 3},
    {.bitmap_index = 15143, .adv_w = 289, .box_w = 17, .box_h = 22, .ofs_x = 1, .ofs_y = 0},
    {.bitmap_index = 15190, .adv_w = 289, .box_w = 15, .box_h = 22, .ofs_x = 2, .ofs_y = 0},
    {.bitmap_index = 15232, .adv_w = 289, .box_w = 13, .box_h = 20, .ofs_x = 2, .ofs_y = 0},
    {.bitmap_index = 15265, .adv_w = 289, .box_w = 13, .box_h = 22, .ofs_x = 3, .ofs_y = 0},
    {.bitmap_index = 15301, .adv_w = 289, .box_w = 13, .box_h = 24, .ofs_x = 3, .ofs_y = -1},
    {.bitmap_index = 15340, .adv_w = 289, .box_w = 16, .box_h = 15, .ofs_x = 1, .ofs_y = 2},
    {.bitmap_index = 15370, .adv_w = 289, .box_w = 18, .box_h = 20, .ofs_x = 0, .ofs_y = 0},
    {.bitmap_index = 15415, .adv_w = 289, .box_w = 18, .box_h = 20, .ofs_x = 0, .ofs_y = 1},
    {.bitmap_index = 15460, .adv_w = 289, .box_w = 14, .box_h = 21, .ofs_x = 2, .ofs_y = 0},
    {.bitmap_index = 15497, .adv_w = 289, .box_w = 14, .box_h = 27, .ofs_x = 2, .ofs_y = -3},
    {.bitmap_index = 15545, .adv_w = 289, .box_w = 14, .box_h = 13, .ofs_x = 2, .ofs_y = 3},
    {.bitmap_index = 15568, .adv_w = 289, .box_w = 14, .box_h = 21, .ofs_x = 2, .ofs_y = 0},
    {.bitmap_index = 15605, .adv_w = 289, .box_w = 14, .box_h = 27, .ofs_x = 2, .ofs_y = -3},
    {.bitmap_index = 15653, .adv_w = 289, .box_w = 14, .box_h = 13, .ofs_x = 2, .ofs_y = 3},
    {.bitmap_index = 15676, .adv_w = 289, .box_w = 11, .box_h = 19, .ofs_x = 4, .ofs_y = 0},
    {.bitmap_index = 15703, .adv_w = 289, .box_w = 13, .box_h = 29, .ofs_x = 2, .ofs_y = -7},
    {.bitmap_index = 15751, .adv_w = 289, .box_w = 13, .box_h = 29, .ofs_x = 2, .ofs_y = -6},
    {.bitmap_index = 15799, .adv_w = 289, .box_w = 14, .box_h = 28, .ofs_x = 2, .ofs_y = -6},
    {.bitmap_index = 15848, .adv_w = 289, .box_w = 15, .box_h = 2, .ofs_x = 2, .ofs_y = 8},
    {.bitmap_index = 15852, .adv_w = 289, .box_w = 15, .box_h = 17, .ofs_x = 2, .ofs_y = 0},
    {.bitmap_index = 15884, .adv_w = 289, .box_w = 15, .box_h = 25, .ofs_x = 1, .ofs_y = -3},
    {.bitmap_index = 15931, .adv_w = 289, .box_w = 14, .box_h = 13, .ofs_x = 2, .ofs_y = 3},
    {.bitmap_index = 15954, .adv_w = 289, .box_w = 9, .box_h = 9, .ofs_x = 4, .ofs_y = 5},
    {.bitmap_index = 15965, .adv_w = 289, .box_w = 9, .box_h = 8, .ofs_x = 5, .ofs_y = 6},
    {.bitmap_index = 15974, .adv_w = 289, .box_w = 16, .box_h = 26, .ofs_x = 1, .ofs_y = -1},
    {.bitmap_index = 16026, .adv_w = 289, .box_w = 16, .box_h = 28, .ofs_x = 1, .ofs_y = 0},
    {.bitmap_index = 16082, .adv_w = 289, .box_w = 16, .box_h = 28, .ofs_x = 1, .ofs_y = 0},
    {.bitmap_index = 16138, .adv_w = 289, .box_w = 13, .box_h = 11, .ofs_x = 3, .ofs_y = 4},
    {.bitmap_index = 16156, .adv_w = 289, .box_w = 17, .box_h = 11, .ofs_x = 1, .ofs_y = 4},
    {.bitmap_index = 16180, .adv_w = 289, .box_w = 15, .box_h = 14, .ofs_x = 2, .ofs_y = 4},
    {.bitmap_index = 16207, .adv_w = 289, .box_w = 14, .box_h = 14, .ofs_x = 2, .ofs_y = 4},
    {.bitmap_index = 16232, .adv_w = 289, .box_w = 3, .box_h = 30, .ofs_x = 8, .ofs_y = -7},
    {.bitmap_index = 16244, .adv_w = 289, .box_w = 14, .box_h = 17, .ofs_x = 2, .ofs_y = 0},
    {.bitmap_index = 16274, .adv_w = 289, .box_w = 14, .box_h = 17, .ofs_x = 2, .ofs_y = 0},
    {.bitmap_index = 16304, .adv_w = 289, .box_w = 14, .box_h = 17, .ofs_x = 2, .ofs_y = 0},
    {.bitmap_index = 16334, .adv_w = 289, .box_w = 14, .box_h = 17, .ofs_x = 2, .ofs_y = 0},
    {.bitmap_index = 16364, .adv_w = 289, .box_w = 15, .box_h = 31, .ofs_x = 2, .ofs_y = -5},
    {.bitmap_index = 16423, .adv_w = 289, .box_w = 17, .box_h = 32, .ofs_x = 0, .ofs_y = -6},
    {.bitmap_index = 16491, .adv_w = 289, .box_w = 17, .box_h = 31, .ofs_x = 1, .ofs_y = -5},
    {.bitmap_index = 16557, .adv_w = 289, .box_w = 12, .box_h = 15, .ofs_x = 3, .ofs_y = 2},
    {.bitmap_index = 16580, .adv_w = 289, .box_w = 12, .box_h = 15, .ofs_x = 3, .ofs_y = 2},
    {.bitmap_index = 16603, .adv_w = 289, .box_w = 4, .box_h = 15, .ofs_x = 7, .ofs_y = 2},
    {.bitmap_index = 16611, .adv_w = 289, .box_w = 13, .box_h = 15, .ofs_x = 3, .ofs_y = 2},
    {.bitmap_index = 16636, .adv_w = 289, .box_w = 15, .box_h = 9, .ofs_x = 2, .ofs_y = 8},
    {.bitmap_index = 16653, .adv_w = 289, .box_w = 16, .box_h = 15, .ofs_x = 1, .ofs_y = 2},
    {.bitmap_index = 16683, .adv_w = 289, .box_w = 15, .box_h = 15, .ofs_x = 2, .ofs_y = 2},
    {.bitmap_index = 16712, .adv_w = 289, .box_w = 15, .box_h = 15, .ofs_x = 2, .ofs_y = 2},
    {.bitmap_index = 16741, .adv_w = 289, .box_w = 15, .box_h = 4, .ofs_x = 2, .ofs_y = 7},
    {.bitmap_index = 16749, .adv_w = 289, .box_w = 15, .box_h = 4, .ofs_x = 2, .ofs_y = 7},
    {.bitmap_index = 16757, .adv_w = 289, .box_w = 15, .box_h = 13, .ofs_x = 2, .ofs_y = 2},
    {.bitmap_index = 16782, .adv_w = 289, .box_w = 15, .box_h = 8, .ofs_x = 2, .ofs_y = 5},
    {.bitmap_index = 16797, .adv_w = 289, .box_w = 15, .box_h = 9, .ofs_x = 2, .ofs_y = 5},
    {.bitmap_index = 16814, .adv_w = 289, .box_w = 15, .box_h = 17, .ofs_x = 2, .ofs_y = 1},
    {.bitmap_index = 16846, .adv_w = 289, .box_w = 15, .box_h = 14, .ofs_x = 2, .ofs_y = 3},
    {.bitmap_index = 16873, .adv_w = 289, .box_w = 15, .box_h = 16, .ofs_x = 2, .ofs_y = 1},
    {.bitmap_index = 16903, .adv_w = 289, .box_w = 15, .box_h = 19, .ofs_x = 2, .ofs_y = 0},
    {.bitmap_index = 16939, .adv_w = 289, .box_w = 15, .box_h = 9, .ofs_x = 2, .ofs_y = 5},
    {.bitmap_index = 16956, .adv_w = 289, .box_w = 15, .box_h = 17, .ofs_x = 2, .ofs_y = 1},
    {.bitmap_index = 16988, .adv_w = 289, .box_w = 15, .box_h = 14, .ofs_x = 2, .ofs_y = 3},
    {.bitmap_index = 17015, .adv_w = 289, .box_w = 15, .box_h = 15, .ofs_x = 2, .ofs_y = 2},
    {.bitmap_index = 17044, .adv_w = 289, .box_w = 15, .box_h = 14, .ofs_x = 2, .ofs_y = 3},
    {.bitmap_index = 17071, .adv_w = 289, .box_w = 15, .box_h = 11, .ofs_x = 2, .ofs_y = 4},
    {.bitmap_index = 17092, .adv_w = 289, .box_w = 15, .box_h = 17, .ofs_x = 1, .ofs_y = 1},
    {.bitmap_index = 17124, .adv_w = 289, .box_w = 15, .box_h = 13, .ofs_x = 1, .ofs_y = 5},
    {.bitmap_index = 17149, .adv_w = 289, .box_w = 15, .box_h = 14, .ofs_x = 2, .ofs_y = 5},
    {.bitmap_index = 17176, .adv_w = 289, .box_w = 15, .box_h = 19, .ofs_x = 2, .ofs_y = 0},
    {.bitmap_index = 17212, .adv_w = 289, .box_w = 15, .box_h = 19, .ofs_x = 2, .ofs_y = 0},
    {.bitmap_index = 17248, .adv_w = 289, .box_w = 16, .box_h = 19, .ofs_x = 1, .ofs_y = 0},
    {.bitmap_index = 17286, .adv_w = 289, .box_w = 15, .box_h = 10, .ofs_x = 1, .ofs_y = 4},
    {.bitmap_index = 17305, .adv_w = 289, .box_w = 16, .box_h = 10, .ofs_x = 1, .ofs_y = 4},
    {.bitmap_index = 17325, .adv_w = 289, .box_w = 15, .box_h = 8, .ofs_x = 2, .ofs_y = 5},
    {.bitmap_index = 17340, .adv_w = 289, .box_w = 15, .box_h = 17, .ofs_x = 2, .ofs_y = 5},
    {.bitmap_index = 17372, .adv_w = 289, .box_w = 15, .box_h = 15, .ofs_x = 2, .ofs_y = 5},
    {.bitmap_index = 17401, .adv_w = 289, .box_w = 15, .box_h = 18, .ofs_x = 2, .ofs_y = 5},
    {.bitmap_index = 17435, .adv_w = 289, .box_w = 15, .box_h = 18, .ofs_x = 2, .ofs_y = 5},
    {.bitmap_index = 17469, .adv_w = 289, .box_w = 15, .box_h = 19, .ofs_x = 2, .ofs_y = 5},
    {.bitmap_index = 17505, .adv_w = 289, .box_w = 15, .box_h = 20, .ofs_x = 2, .ofs_y = 5},
    {.bitmap_index = 17543, .adv_w = 289, .box_w = 16, .box_h = 18, .ofs_x = 1, .ofs_y = 5},
    {.bitmap_index = 17579, .adv_w = 289, .box_w = 15, .box_h = 18, .ofs_x = 2, .ofs_y = 5},
    {.bitmap_index = 17613, .adv_w = 289, .box_w = 15, .box_h = 21, .ofs_x = 2, .ofs_y = 5},
    {.bitmap_index = 17653, .adv_w = 289, .box_w = 15, .box_h = 18, .ofs_x = 2, .ofs_y = 0},
    {.bitmap_index = 17687, .adv_w = 289, .box_w = 15, .box_h = 13, .ofs_x = 2, .ofs_y = 3},
    {.bitmap_index = 17712, .adv_w = 289, .box_w = 15, .box_h = 19, .ofs_x = 2, .ofs_y = 0},
    {.bitmap_index = 17748, .adv_w = 289, .box_w = 15, .box_h = 18, .ofs_x = 2, .ofs_y = 0},
    {.bitmap_index = 17782, .adv_w = 289, .box_w = 15, .box_h = 15, .ofs_x = 2, .ofs_y = 0},
    {.bitmap_index = 17811, .adv_w = 289, .box_w = 15, .box_h = 15, .ofs_x = 2, .ofs_y = 0},
    {.bitmap_index = 17840, .adv_w = 289, .box_w = 15, .box_h = 19, .ofs_x = 1, .ofs_y = -2},
    {.bitmap_index = 17876, .adv_w = 289, .box_w = 15, .box_h = 19, .ofs_x = 1, .ofs_y = -2},
    {.bitmap_index = 17912, .adv_w = 289, .box_w = 15, .box_h = 21, .ofs_x = 1, .ofs_y = -4},
    {.bitmap_index = 17952, .adv_w = 289, .box_w = 15, .box_h = 21, .ofs_x = 1, .ofs_y = -4},
    {.bitmap_index = 17992, .adv_w = 289, .box_w = 15, .box_h = 19, .ofs_x = 2, .ofs_y = 0},
    {.bitmap_index = 18028, .adv_w = 289, .box_w = 16, .box_h = 19, .ofs_x = 1, .ofs_y = 0},
    {.bitmap_index = 18066, .adv_w = 289, .box_w = 16, .box_h = 19, .ofs_x = 1, .ofs_y = 0},
    {.bitmap_index = 18104, .adv_w = 289, .box_w = 15, .box_h = 22, .ofs_x = 2, .ofs_y = -4},
    {.bitmap_index = 18146, .adv_w = 289, .box_w = 15, .box_h = 22, .ofs_x = 2, .ofs_y = -4},
    {.bitmap_index = 18188, .adv_w = 289, .box_w = 15, .box_h = 16, .ofs_x = 1, .ofs_y = 0},
    {.bitmap_index = 18218, .adv_w = 289, .box_w = 15, .box_h = 16, .ofs_x = 1, .ofs_y = 0},
    {.bitmap_index = 18248, .adv_w = 289, .box_w = 15, .box_h = 22, .ofs_x = 1, .ofs_y = -3},
    {.bitmap_index = 18290, .adv_w = 289, .box_w = 15, .box_h = 22, .ofs_x = 1, .ofs_y = -3},
    {.bitmap_index = 18332, .adv_w = 289, .box_w = 15, .box_h = 21, .ofs_x = 1, .ofs_y = -3},
    {.bitmap_index = 18372, .adv_w = 289, .box_w = 15, .box_h = 21, .ofs_x = 1, .ofs_y = -3},
    {.bitmap_index = 18412, .adv_w = 289, .box_w = 15, .box_h = 27, .ofs_x = 1, .ofs_y = -6},
    {.bitmap_index = 18463, .adv_w = 289, .box_w = 15, .box_h = 27, .ofs_x = 1, .ofs_y = -6},
    {.bitmap_index = 18514, .adv_w = 289, .box_w = 16, .box_h = 20, .ofs_x = 1, .ofs_y = -1},
    {.bitmap_index = 18554, .adv_w = 289, .box_w = 16, .box_h = 20, .ofs_x = 1, .ofs_y = -1},
    {.bitmap_index = 18594, .adv_w = 289, .box_w = 15, .box_h = 25, .ofs_x = 1, .ofs_y = -4},
    {.bitmap_index = 18641, .adv_w = 289, .box_w = 15, .box_h = 25, .ofs_x = 1, .ofs_y = -4},
    {.bitmap_index = 18688, .adv_w = 289, .box_w = 15, .box_h = 23, .ofs_x = 1, .ofs_y = -1},
    {.bitmap_index = 18732, .adv_w = 289, .box_w = 15, .box_h = 23, .ofs_x = 1, .ofs_y = -1},
    {.bitmap_index = 18776, .adv_w = 289, .box_w = 16, .box_h = 23, .ofs_x = 1, .ofs_y = -2},
    {.bitmap_index = 18822, .adv_w = 289, .box_w = 16, .box_h = 23, .ofs_x = 1, .ofs_y = -2},
    {.bitmap_index = 18868, .adv_w = 289, .box_w = 15, .box_h = 14, .ofs_x = 1, .ofs_y = 2},
    {.bitmap_index = 18895, .adv_w = 289, .box_w = 15, .box_h = 14, .ofs_x = 2, .ofs_y = 2},
    {.bitmap_index = 18922, .adv_w = 289, .box_w = 15, .box_h = 20, .ofs_x = 1, .ofs_y = -1},
    {.bitmap_index = 18960, .adv_w = 289, .box_w = 15, .box_h = 20, .ofs_x = 2, .ofs_y = -1},
    {.bitmap_index = 18998, .adv_w = 289, .box_w = 15, .box_h = 19, .ofs_x = 2, .ofs_y = 0},
    {.bitmap_index = 19034, .adv_w = 289, .box_w = 15, .box_h = 19, .ofs_x = 2, .ofs_y = 0},
    {.bitmap_index = 19070, .adv_w = 289, .box_w = 15, .box_h = 25, .ofs_x = 2, .ofs_y = -3},
    {.bitmap_index = 19117, .adv_w = 289, .box_w = 15, .box_h = 25, .ofs_x = 2, .ofs_y = -3},
    {.bitmap_index = 19164, .adv_w = 289, .box_w = 15, .box_h = 22, .ofs_x = 2, .ofs_y = -3},
    {.bitmap_index = 19206, .adv_w = 289, .box_w = 15, .box_h = 22, .ofs_x = 2, .ofs_y = -3},
    {.bitmap_index = 19248, .adv_w = 289, .box_w = 15, .box_h = 19, .ofs_x = 2, .ofs_y = 0},
    {.bitmap_index = 19284, .adv_w = 289, .box_w = 15, .box_h = 18, .ofs_x = 2, .ofs_y = 0},
    {.bitmap_index = 19318, .adv_w = 289, .box_w = 15, .box_h = 15, .ofs_x = 2, .ofs_y = 2},
    {.bitmap_index = 19347, .adv_w = 289, .box_w = 15, .box_h = 15, .ofs_x = 2, .ofs_y = 2},
    {.bitmap_index = 19376, .adv_w = 289, .box_w = 15, .box_h = 18, .ofs_x = 2, .ofs_y = 0},
    {.bitmap_index = 19410, .adv_w = 289, .box_w = 15, .box_h = 18, .ofs_x = 2, .ofs_y = 0},
    {.bitmap_index = 19444, .adv_w = 289, .box_w = 15, .box_h = 18, .ofs_x = 1, .ofs_y = 1},
    {.bitmap_index = 19478, .adv_w = 289, .box_w = 15, .box_h = 18, .ofs_x = 1, .ofs_y = 0},
    {.bitmap_index = 19512, .adv_w = 289, .box_w = 16, .box_h = 15, .ofs_x = 1, .ofs_y = 2},
    {.bitmap_index = 19542, .adv_w = 289, .box_w = 16, .box_h = 15, .ofs_x = 1, .ofs_y = 2},
    {.bitmap_index = 19572, .adv_w = 289, .box_w = 16, .box_h = 15, .ofs_x = 1, .ofs_y = 2},
    {.bitmap_index = 19602, .adv_w = 289, .box_w = 16, .box_h = 15, .ofs_x = 1, .ofs_y = 2},
    {.bitmap_index = 19632, .adv_w = 289, .box_w = 16, .box_h = 15, .ofs_x = 1, .ofs_y = 2},
    {.bitmap_index = 19662, .adv_w = 289, .box_w = 16, .box_h = 15, .ofs_x = 1, .ofs_y = 2},
    {.bitmap_index = 19692, .adv_w = 289, .box_w = 16, .box_h = 16, .ofs_x = 1, .ofs_y = 1},
    {.bitmap_index = 19724, .adv_w = 289, .box_w = 16, .box_h = 15, .ofs_x = 1, .ofs_y = 2},
    {.bitmap_index = 19754, .adv_w = 289, .box_w = 16, .box_h = 15, .ofs_x = 1, .ofs_y = 2},
    {.bitmap_index = 19784, .adv_w = 289, .box_w = 16, .box_h = 15, .ofs_x = 1, .ofs_y = 2},
    {.bitmap_index = 19814, .adv_w = 289, .box_w = 16, .box_h = 15, .ofs_x = 1, .ofs_y = 2},
    {.bitmap_index = 19844, .adv_w = 289, .box_w = 16, .box_h = 15, .ofs_x = 1, .ofs_y = 2},
    {.bitmap_index = 19874, .adv_w = 289, .box_w = 16, .box_h = 15, .ofs_x = 1, .ofs_y = 2},
    {.bitmap_index = 19904, .adv_w = 289, .box_w = 15, .box_h = 19, .ofs_x = 2, .ofs_y = 0},
    {.bitmap_index = 19940, .adv_w = 289, .box_w = 15, .box_h = 19, .ofs_x = 2, .ofs_y = 0},
    {.bitmap_index = 19976, .adv_w = 289, .box_w = 15, .box_h = 18, .ofs_x = 2, .ofs_y = 1},
    {.bitmap_index = 20010, .adv_w = 289, .box_w = 15, .box_h = 18, .ofs_x = 2, .ofs_y = 0},
    {.bitmap_index = 20044, .adv_w = 289, .box_w = 15, .box_h = 15, .ofs_x = 2, .ofs_y = 2},
    {.bitmap_index = 20073, .adv_w = 289, .box_w = 15, .box_h = 15, .ofs_x = 2, .ofs_y = 2},
    {.bitmap_index = 20102, .adv_w = 289, .box_w = 15, .box_h = 15, .ofs_x = 2, .ofs_y = 0},
    {.bitmap_index = 20131, .adv_w = 289, .box_w = 15, .box_h = 15, .ofs_x = 2, .ofs_y = 0},
    {.bitmap_index = 20160, .adv_w = 289, .box_w = 17, .box_h = 9, .ofs_x = 0, .ofs_y = 5},
    {.bitmap_index = 20180, .adv_w = 289, .box_w = 15, .box_h = 29, .ofs_x = 2, .ofs_y = -7},
    {.bitmap_index = 20235, .adv_w = 289, .box_w = 15, .box_h = 29, .ofs_x = 2, .ofs_y = -7},
    {.bitmap_index = 20290, .adv_w = 289, .box_w = 15, .box_h = 15, .ofs_x = 2, .ofs_y = 2},
    {.bitmap_index = 20319, .adv_w = 289, .box_w = 4, .box_h = 4, .ofs_x = 7, .ofs_y = 8},
    {.bitmap_index = 20321, .adv_w = 289, .box_w = 10, .box_h = 10, .ofs_x = 4, .ofs_y = 6},
    {.bitmap_index = 20334, .adv_w = 289, .box_w = 15, .box_h = 9, .ofs_x = 2, .ofs_y = 5},
    {.bitmap_index = 20351, .adv_w = 289, .box_w = 18, .box_h = 19, .ofs_x = 0, .ofs_y = 0},
    {.bitmap_index = 20394, .adv_w = 289, .box_w = 18, .box_h = 19, .ofs_x = 0, .ofs_y = 0},
    {.bitmap_index = 20437, .adv_w = 289, .box_w = 16, .box_h = 19, .ofs_x = 1, .ofs_y = 0},
    {.bitmap_index = 20475, .adv_w = 289, .box_w = 16, .box_h = 19, .ofs_x = 1, .ofs_y = 0},
    {.bitmap_index = 20513, .adv_w = 289, .box_w = 15, .box_h = 28, .ofs_x = 2, .ofs_y = -6},
    {.bitmap_index = 20566, .adv_w = 289, .box_w = 15, .box_h = 28, .ofs_x = 2, .ofs_y = -6},
    {.bitmap_index = 20619, .adv_w = 289, .box_w = 15, .box_h = 15, .ofs_x = 1, .ofs_y = 1},
    {.bitmap_index = 20648, .adv_w = 289, .box_w = 15, .box_h = 15, .ofs_x = 2, .ofs_y = 1},
    {.bitmap_index = 20677, .adv_w = 289, .box_w = 15, .box_h = 25, .ofs_x = 1, .ofs_y = -4},
    {.bitmap_index = 20724, .adv_w = 289, .box_w = 15, .box_h = 25, .ofs_x = 1, .ofs_y = -4},
    {.bitmap_index = 20771, .adv_w = 289, .box_w = 15, .box_h = 28, .ofs_x = 1, .ofs_y = -5},
    {.bitmap_index = 20824, .adv_w = 289, .box_w = 15, .box_h = 28, .ofs_x = 1, .ofs_y = -5},
    {.bitmap_index = 20877, .adv_w = 289, .box_w = 15, .box_h = 23, .ofs_x = 2, .ofs_y = -2},
    {.bitmap_index = 20921, .adv_w = 289, .box_w = 15, .box_h = 23, .ofs_x = 2, .ofs_y = -2},
    {.bitmap_index = 20965, .adv_w = 289, .box_w = 15, .box_h = 21, .ofs_x = 2, .ofs_y = -3},
    {.bitmap_index = 21005, .adv_w = 289, .box_w = 15, .box_h = 21, .ofs_x = 2, .ofs_y = -3},
    {.bitmap_index = 21045, .adv_w = 289, .box_w = 15, .box_h = 19, .ofs_x = 1, .ofs_y = -3},
    {.bitmap_index = 21081, .adv_w = 289, .box_w = 15, .box_h = 19, .ofs_x = 1, .ofs_y = -3},
    {.bitmap_index = 21117, .adv_w = 289, .box_w = 15, .box_h = 28, .ofs_x = 1, .ofs_y = -6},
    {.bitmap_index = 21170, .adv_w = 289, .box_w = 15, .box_h = 28, .ofs_x = 1, .ofs_y = -6},
    {.bitmap_index = 21223, .adv_w = 289, .box_w = 16, .box_h = 4, .ofs_x = 1, .ofs_y = 7},
    {.bitmap_index = 21231, .adv_w = 289, .box_w = 16, .box_h = 15, .ofs_x = 1, .ofs_y = 2},
    {.bitmap_index = 21261, .adv_w = 289, .box_w = 14, .box_h = 8, .ofs_x = 2, .ofs_y = 5},
    {.bitmap_index = 21275, .adv_w = 289, .box_w = 14, .box_h = 18, .ofs_x = 2, .ofs_y = 0},
    {.bitmap_index = 21307, .adv_w = 289, .box_w = 14, .box_h = 10, .ofs_x = 2, .ofs_y = 12},
    {.bitmap_index = 21325, .adv_w = 289, .box_w = 14, .box_h = 10, .ofs_x = 2, .ofs_y = -4},
    {.bitmap_index = 21343, .adv_w = 289, .box_w = 14, .box_h = 13, .ofs_x = 2, .ofs_y = 0},
    {.bitmap_index = 21366, .adv_w = 289, .box_w = 14, .box_h = 17, .ofs_x = 2, .ofs_y = 0},
    {.bitmap_index = 21396, .adv_w = 289, .box_w = 7, .box_h = 27, .ofs_x = 7, .ofs_y = -4},
    {.bitmap_index = 21420, .adv_w = 289, .box_w = 7, .box_h = 27, .ofs_x = 4, .ofs_y = -4},
    {.bitmap_index = 21444, .adv_w = 289, .box_w = 7, .box_h = 27, .ofs_x = 7, .ofs_y = -4},
    {.bitmap_index = 21468, .adv_w = 289, .box_w = 7, .box_h = 27, .ofs_x = 4, .ofs_y = -4},
    {.bitmap_index = 21492, .adv_w = 289, .box_w = 10, .box_h = 10, .ofs_x = 8, .ofs_y = 2},
    {.bitmap_index = 21505, .adv_w = 289, .box_w = 10, .box_h = 10, .ofs_x = 0, .ofs_y = 2},
    {.bitmap_index = 21518, .adv_w = 289, .box_w = 10, .box_h = 10, .ofs_x = 8, .ofs_y = 11},
    {.bitmap_index = 21531, .adv_w = 289, .box_w = 10, .box_h = 10, .ofs_x = 0, .ofs_y = 11},
    {.bitmap_index = 21544, .adv_w = 289, .box_w = 15, .box_h = 7, .ofs_x = 2, .ofs_y = 5},
    {.bitmap_index = 21558, .adv_w = 289, .box_w = 16, .box_h = 15, .ofs_x = 1, .ofs_y = 4},
    {.bitmap_index = 21588, .adv_w = 289, .box_w = 18, .box_h = 9, .ofs_x = 0, .ofs_y = 6},
    {.bitmap_index = 21609, .adv_w = 289, .box_w = 18, .box_h = 8, .ofs_x = 0, .ofs_y = 7},
    {.bitmap_index = 21627, .adv_w = 289, .box_w = 12, .box_h = 11, .ofs_x = 3, .ofs_y = 4},
    {.bitmap_index = 21644, .adv_w = 289, .box_w = 13, .box_h = 13, .ofs_x = 2, .ofs_y = 3},
    {.bitmap_index = 21666, .adv_w = 289, .box_w = 16, .box_h = 15, .ofs_x = 1, .ofs_y = 4},
    {.bitmap_index = 21696, .adv_w = 289, .box_w = 15, .box_h = 7, .ofs_x = 2, .ofs_y = 6},
    {.bitmap_index = 21710, .adv_w = 289, .box_w = 10, .box_h = 9, .ofs_x = 4, .ofs_y = 11},
    {.bitmap_index = 21722, .adv_w = 289, .box_w = 10, .box_h = 9, .ofs_x = 4, .ofs_y = 11},
    {.bitmap_index = 21734, .adv_w = 289, .box_w = 10, .box_h = 9, .ofs_x = 4, .ofs_y = -1},
    {.bitmap_index = 21746, .adv_w = 289, .box_w = 10, .box_h = 9, .ofs_x = 4, .ofs_y = -1},
    {.bitmap_index = 21758, .adv_w = 289, .box_w = 9, .box_h = 35, .ofs_x = 8, .ofs_y = -7},
    {.bitmap_index = 21798, .adv_w = 289, .box_w = 9, .box_h = 35, .ofs_x = 1, .ofs_y = -7},
    {.bitmap_index = 21838, .adv_w = 289, .box_w = 15, .box_h = 15, .ofs_x = 1, .ofs_y = 3},
    {.bitmap_index = 21867, .adv_w = 289, .box_w = 18, .box_h = 11, .ofs_x = 0, .ofs_y = 5},
    {.bitmap_index = 21892, .adv_w = 289, .box_w = 15, .box_h = 11, .ofs_x = 2, .ofs_y = 5},
    {.bitmap_index = 21913, .adv_w = 289, .box_w = 17, .box_h = 10, .ofs_x = 1, .ofs_y = 6},
    {.bitmap_index = 21935, .adv_w = 289, .box_w = 18, .box_h = 11, .ofs_x = 0, .ofs_y = 5},
    {.bitmap_index = 21960, .adv_w = 289, .box_w = 16, .box_h = 10, .ofs_x = 1, .ofs_y = -1},
    {.bitmap_index = 21980, .adv_w = 289, .box_w = 15, .box_h = 19, .ofs_x = 2, .ofs_y = 0},
    {.bitmap_index = 22016, .adv_w = 289, .box_w = 11, .box_h = 28, .ofs_x = 4, .ofs_y = -3},
    {.bitmap_index = 22055, .adv_w = 289, .box_w = 18, .box_h = 28, .ofs_x = 0, .ofs_y = -3},
    {.bitmap_index = 22118, .adv_w = 289, .box_w = 18, .box_h = 28, .ofs_x = 0, .ofs_y = -3},
    {.bitmap_index = 22181, .adv_w = 289, .box_w = 18, .box_h = 28, .ofs_x = 0, .ofs_y = -3},
    {.bitmap_index = 22244, .adv_w = 289, .box_w = 18, .box_h = 28, .ofs_x = 0, .ofs_y = -3},
    {.bitmap_index = 22307, .adv_w = 289, .box_w = 18, .box_h = 28, .ofs_x = 0, .ofs_y = -3},
    {.bitmap_index = 22370, .adv_w = 289, .box_w = 18, .box_h = 32, .ofs_x = 0, .ofs_y = -5},
    {.bitmap_index = 22442, .adv_w = 289, .box_w = 18, .box_h = 18, .ofs_x = 0, .ofs_y = 2},
    {.bitmap_index = 22483, .adv_w = 289, .box_w = 15, .box_h = 24, .ofs_x = 2, .ofs_y = -3},
    {.bitmap_index = 22528, .adv_w = 289, .box_w = 15, .box_h = 24, .ofs_x = 2, .ofs_y = -3},
    {.bitmap_index = 22573, .adv_w = 289, .box_w = 18, .box_h = 28, .ofs_x = 0, .ofs_y = -3},
    {.bitmap_index = 22636, .adv_w = 289, .box_w = 18, .box_h = 28, .ofs_x = 0, .ofs_y = -3},
    {.bitmap_index = 22699, .adv_w = 289, .box_w = 18, .box_h = 28, .ofs_x = 0, .ofs_y = -3},
    {.bitmap_index = 22762, .adv_w = 289, .box_w = 18, .box_h = 28, .ofs_x = 0, .ofs_y = -3},
    {.bitmap_index = 22825, .adv_w = 289, .box_w = 16, .box_h = 32, .ofs_x = 1, .ofs_y = -5},
    {.bitmap_index = 22889, .adv_w = 289, .box_w = 16, .box_h = 32, .ofs_x = 1, .ofs_y = -5},
    {.bitmap_index = 22953, .adv_w = 289, .box_w = 18, .box_h = 28, .ofs_x = 0, .ofs_y = -3},
    {.bitmap_index = 23016, .adv_w = 289, .box_w = 18, .box_h = 28, .ofs_x = 0, .ofs_y = -3},
    {.bitmap_index = 23079, .adv_w = 289, .box_w = 18, .box_h = 23, .ofs_x = 0, .ofs_y = -1},
    {.bitmap_index = 23131, .adv_w = 289, .box_w = 15, .box_h = 21, .ofs_x = 2, .ofs_y = -3},
    {.bitmap_index = 23171, .adv_w = 289, .box_w = 16, .box_h = 32, .ofs_x = 1, .ofs_y = -5},
    {.bitmap_index = 23235, .adv_w = 289, .box_w = 18, .box_h = 28, .ofs_x = 0, .ofs_y = -3},
    {.bitmap_index = 23298, .adv_w = 289, .box_w = 18, .box_h = 28, .ofs_x = 0, .ofs_y = -3},
    {.bitmap_index = 23361, .adv_w = 289, .box_w = 15, .box_h = 18, .ofs_x = 2, .ofs_y = 0},
    {.bitmap_index = 23395, .adv_w = 289, .box_w = 15, .box_h = 22, .ofs_x = 2, .ofs_y = 0},
    {.bitmap_index = 23437, .adv_w = 289, .box_w = 18, .box_h = 28, .ofs_x = 0, .ofs_y = -3},
    {.bitmap_index = 23500, .adv_w = 289, .box_w = 15, .box_h = 21, .ofs_x = 2, .ofs_y = 1},
    {.bitmap_index = 23540, .adv_w = 289, .box_w = 16, .box_h = 32, .ofs_x = 1, .ofs_y = -5},
    {.bitmap_index = 23604, .adv_w = 289, .box_w = 18, .box_h = 28, .ofs_x = 0, .ofs_y = -3},
    {.bitmap_index = 23667, .adv_w = 289, .box_w = 18, .box_h = 28, .ofs_x = 0, .ofs_y = -3},
    {.bitmap_index = 23730, .adv_w = 289, .box_w = 15, .box_h = 18, .ofs_x = 2, .ofs_y = 1},
    {.bitmap_index = 23764, .adv_w = 289, .box_w = 15, .box_h = 22, .ofs_x = 2, .ofs_y = 0},
    {.bitmap_index = 23806, .adv_w = 289, .box_w = 18, .box_h = 28, .ofs_x = 0, .ofs_y = -3},
    {.bitmap_index = 23869, .adv_w = 289, .box_w = 11, .box_h = 25, .ofs_x = 4, .ofs_y = -3},
    {.bitmap_index = 23904, .adv_w = 289, .box_w = 18, .box_h = 24, .ofs_x = 0, .ofs_y = -3},
    {.bitmap_index = 23958, .adv_w = 289, .box_w = 18, .box_h = 22, .ofs_x = 0, .ofs_y = -3},
    {.bitmap_index = 24008, .adv_w = 289, .box_w = 11, .box_h = 18, .ofs_x = 4, .ofs_y = -3},
    {.bitmap_index = 24033, .adv_w = 289, .box_w = 18, .box_h = 23, .ofs_x = 0, .ofs_y = -3},
    {.bitmap_index = 24085, .adv_w = 289, .box_w = 14, .box_h = 20, .ofs_x = 2, .ofs_y = 0},
    {.bitmap_index = 24120, .adv_w = 289, .box_w = 18, .box_h = 28, .ofs_x = 0, .ofs_y = -3},
    {.bitmap_index = 24183, .adv_w = 289, .box_w = 19, .box_h = 19, .ofs_x = 0, .ofs_y = 1},
    {.bitmap_index = 24229, .adv_w = 289, .box_w = 18, .box_h = 28, .ofs_x = 0, .ofs_y = -3},
    {.bitmap_index = 24292, .adv_w = 289, .box_w = 15, .box_h = 24, .ofs_x = 2, .ofs_y = 1},
    {.bitmap_index = 24337, .adv_w = 289, .box_w = 19, .box_h = 24, .ofs_x = 0, .ofs_y = 1},
    {.bitmap_index = 24394, .adv_w = 289, .box_w = 11, .box_h = 13, .ofs_x = 4, .ofs_y = 6},
    {.bitmap_index = 24412, .adv_w = 289, .box_w = 9, .box_h = 13, .ofs_x = 5, .ofs_y = 7},
    {.bitmap_index = 24427, .adv_w = 289, .box_w = 18, .box_h = 23, .ofs_x = 0, .ofs_y = 2},
    {.bitmap_index = 24479, .adv_w = 289, .box_w = 14, .box_h = 32, .ofs_x = 2, .ofs_y = -5},
    {.bitmap_index = 24535, .adv_w = 289, .box_w = 16, .box_h = 32, .ofs_x = 1, .ofs_y = -5},
    {.bitmap_index = 24599, .adv_w = 289, .box_w = 15, .box_h = 13, .ofs_x = 2, .ofs_y = 7},
    {.bitmap_index = 24624, .adv_w = 289, .box_w = 15, .box_h = 18, .ofs_x = 2, .ofs_y = 2},
    {.bitmap_index = 24658, .adv_w = 289, .box_w = 15, .box_h = 14, .ofs_x = 2, .ofs_y = -4},
    {.bitmap_index = 24685, .adv_w = 289, .box_w = 17, .box_h = 21, .ofs_x = 1, .ofs_y = 1},
    {.bitmap_index = 24730, .adv_w = 289, .box_w = 16, .box_h = 22, .ofs_x = 1, .ofs_y = 0},
    {.bitmap_index = 24774, .adv_w = 289, .box_w = 16, .box_h = 32, .ofs_x = 1, .ofs_y = -5},
    {.bitmap_index = 24838, .adv_w = 289, .box_w = 11, .box_h = 19, .ofs_x = 4, .ofs_y = -4},
    {.bitmap_index = 24865, .adv_w = 289, .box_w = 18, .box_h = 28, .ofs_x = 0, .ofs_y = -3},
    {.bitmap_index = 24928, .adv_w = 289, .box_w = 18, .box_h = 28, .ofs_x = 0, .ofs_y = -3},
    {.bitmap_index = 24991, .adv_w = 289, .box_w = 15, .box_h = 17, .ofs_x = 2, .ofs_y = 0},
    {.bitmap_index = 25023, .adv_w = 289, .box_w = 15, .box_h = 17, .ofs_x = 2, .ofs_y = 0},
    {.bitmap_index = 25055, .adv_w = 289, .box_w = 10, .box_h = 16, .ofs_x = 4, .ofs_y = 0},
    {.bitmap_index = 25075, .adv_w = 289, .box_w = 14, .box_h = 23, .ofs_x = 3, .ofs_y = -6},
    {.bitmap_index = 25116, .adv_w = 289, .box_w = 16, .box_h = 17, .ofs_x = 1, .ofs_y = 0},
    {.bitmap_index = 25150, .adv_w = 289, .box_w = 18, .box_h = 20, .ofs_x = 0, .ofs_y = -3},
    {.bitmap_index = 25195, .adv_w = 289, .box_w = 14, .box_h = 20, .ofs_x = 2, .ofs_y = -3},
    {.bitmap_index = 25230, .adv_w = 289, .box_w = 11, .box_h = 19, .ofs_x = 3, .ofs_y = -3},
    {.bitmap_index = 25257, .adv_w = 289, .box_w = 18, .box_h = 20, .ofs_x = 0, .ofs_y = -3},
    {.bitmap_index = 25302, .adv_w = 289, .box_w = 16, .box_h = 17, .ofs_x = 1, .ofs_y = 0},
    {.bitmap_index = 25336, .adv_w = 289, .box_w = 17, .box_h = 9, .ofs_x = 1, .ofs_y = -7},
    {.bitmap_index = 25356, .adv_w = 289, .box_w = 16, .box_h = 17, .ofs_x = 1, .ofs_y = -1},
    {.bitmap_index = 25390, .adv_w = 289, .box_w = 18, .box_h = 12, .ofs_x = 0, .ofs_y = 4},
    {.bitmap_index = 25417, .adv_w = 289, .box_w = 18, .box_h = 12, .ofs_x = 0, .ofs_y = 4},
    {.bitmap_index = 25444, .adv_w = 289, .box_w = 18, .box_h = 12, .ofs_x = 0, .ofs_y = 5},
    {.bitmap_index = 25471, .adv_w = 289, .box_w = 15, .box_h = 17, .ofs_x = 2, .ofs_y = 1},
    {.bitmap_index = 25503, .adv_w = 289, .box_w = 16, .box_h = 15, .ofs_x = 1, .ofs_y = 2},
    {.bitmap_index = 25533, .adv_w = 289, .box_w = 16, .box_h = 16, .ofs_x = 1, .ofs_y = 1},
    {.bitmap_index = 25565, .adv_w = 289, .box_w = 16, .box_h = 15, .ofs_x = 1, .ofs_y = 2},
    {.bitmap_index = 25595, .adv_w = 289, .box_w = 18, .box_h = 28, .ofs_x = 0, .ofs_y = -3},
    {.bitmap_index = 25658, .adv_w = 289, .box_w = 10, .box_h = 36, .ofs_x = 4, .ofs_y = -8},
    {.bitmap_index = 25703, .adv_w = 289, .box_w = 3, .box_h = 36, .ofs_x = 4, .ofs_y = -8},
    {.bitmap_index = 25717, .adv_w = 289, .box_w = 10, .box_h = 35, .ofs_x = 4, .ofs_y = -7},
    {.bitmap_index = 25761, .adv_w = 289, .box_w = 10, .box_h = 36, .ofs_x = 4, .ofs_y = -8},
    {.bitmap_index = 25806, .adv_w = 289, .box_w = 3, .box_h = 36, .ofs_x = 11, .ofs_y = -8},
    {.bitmap_index = 25820, .adv_w = 289, .box_w = 10, .box_h = 35, .ofs_x = 4, .ofs_y = -7},
    {.bitmap_index = 25864, .adv_w = 289, .box_w = 10, .box_h = 36, .ofs_x = 4, .ofs_y = -8},
    {.bitmap_index = 25909, .adv_w = 289, .box_w = 3, .box_h = 36, .ofs_x = 4, .ofs_y = -8},
    {.bitmap_index = 25923, .adv_w = 289, .box_w = 10, .box_h = 36, .ofs_x = 4, .ofs_y = -7},
    {.bitmap_index = 25968, .adv_w = 289, .box_w = 10, .box_h = 36, .ofs_x = 4, .ofs_y = -8},
    {.bitmap_index = 26013, .adv_w = 289, .box_w = 3, .box_h = 35, .ofs_x = 11, .ofs_y = -7},
    {.bitmap_index = 26027, .adv_w = 289, .box_w = 10, .box_h = 35, .ofs_x = 4, .ofs_y = -7},
    {.bitmap_index = 26071, .adv_w = 289, .box_w = 10, .box_h = 35, .ofs_x = 8, .ofs_y = -7},
    {.bitmap_index = 26115, .adv_w = 289, .box_w = 10, .box_h = 36, .ofs_x = 1, .ofs_y = -8},
    {.bitmap_index = 26160, .adv_w = 289, .box_w = 10, .box_h = 35, .ofs_x = 8, .ofs_y = -7},
    {.bitmap_index = 26204, .adv_w = 289, .box_w = 3, .box_h = 36, .ofs_x = 8, .ofs_y = -8},
    {.bitmap_index = 26218, .adv_w = 289, .box_w = 10, .box_h = 35, .ofs_x = 1, .ofs_y = -7},
    {.bitmap_index = 26262, .adv_w = 289, .box_w = 10, .box_h = 36, .ofs_x = 8, .ofs_y = -8},
    {.bitmap_index = 26307, .adv_w = 289, .box_w = 10, .box_h = 35, .ofs_x = 1, .ofs_y = -7},
    {.bitmap_index = 26351, .adv_w = 289, .box_w = 3, .box_h = 36, .ofs_x = 7, .ofs_y = -8},
    {.bitmap_index = 26365, .adv_w = 289, .box_w = 16, .box_h = 14, .ofs_x = 1, .ofs_y = 3},
    {.bitmap_index = 26393, .adv_w = 289, .box_w = 18, .box_h = 17, .ofs_x = 0, .ofs_y = 0},
    {.bitmap_index = 26432, .adv_w = 289, .box_w = 19, .box_h = 2, .ofs_x = 0, .ofs_y = 9},
    {.bitmap_index = 26437, .adv_w = 289, .box_w = 19, .box_h = 5, .ofs_x = 0, .ofs_y = 8},
    {.bitmap_index = 26449, .adv_w = 289, .box_w = 2, .box_h = 35, .ofs_x = 8, .ofs_y = -7},
    {.bitmap_index = 26458, .adv_w = 289, .box_w = 5, .box_h = 35, .ofs_x = 7, .ofs_y = -7},
    {.bitmap_index = 26480, .adv_w = 289, .box_w = 16, .box_h = 2, .ofs_x = 1, .ofs_y = 9},
    {.bitmap_index = 26484, .adv_w = 289, .box_w = 16, .box_h = 5, .ofs_x = 1, .ofs_y = 8},
    {.bitmap_index = 26494, .adv_w = 289, .box_w = 2, .box_h = 32, .ofs_x = 8, .ofs_y = -6},
    {.bitmap_index = 26502, .adv_w = 289, .box_w = 5, .box_h = 32, .ofs_x = 7, .ofs_y = -6},
    {.bitmap_index = 26522, .adv_w = 289, .box_w = 17, .box_h = 2, .ofs_x = 1, .ofs_y = 9},
    {.bitmap_index = 26527, .adv_w = 289, .box_w = 17, .box_h = 5, .ofs_x = 1, .ofs_y = 8},
    {.bitmap_index = 26538, .adv_w = 289, .box_w = 2, .box_h = 32, .ofs_x = 8, .ofs_y = -6},
    {.bitmap_index = 26546, .adv_w = 289, .box_w = 5, .box_h = 32, .ofs_x = 7, .ofs_y = -6},
    {.bitmap_index = 26566, .adv_w = 289, .box_w = 10, .box_h = 19, .ofs_x = 8, .ofs_y = -8},
    {.bitmap_index = 26590, .adv_w = 289, .box_w = 10, .box_h = 20, .ofs_x = 8, .ofs_y = -7},
    {.bitmap_index = 26615, .adv_w = 289, .box_w = 12, .box_h = 19, .ofs_x = 7, .ofs_y = -8},
    {.bitmap_index = 26644, .adv_w = 289, .box_w = 12, .box_h = 20, .ofs_x = 7, .ofs_y = -7},
    {.bitmap_index = 26674, .adv_w = 289, .box_w = 10, .box_h = 19, .ofs_x = 0, .ofs_y = -8},
    {.bitmap_index = 26698, .adv_w = 289, .box_w = 10, .box_h = 20, .ofs_x = 0, .ofs_y = -7},
    {.bitmap_index = 26723, .adv_w = 289, .box_w = 12, .box_h = 19, .ofs_x = 0, .ofs_y = -8},
    {.bitmap_index = 26752, .adv_w = 289, .box_w = 12, .box_h = 20, .ofs_x = 0, .ofs_y = -7},
    {.bitmap_index = 26782, .adv_w = 289, .box_w = 10, .box_h = 19, .ofs_x = 8, .ofs_y = 9},
    {.bitmap_index = 26806, .adv_w = 289, .box_w = 10, .box_h = 20, .ofs_x = 8, .ofs_y = 8},
    {.bitmap_index = 26831, .adv_w = 289, .box_w = 12, .box_h = 19, .ofs_x = 7, .ofs_y = 9},
    {.bitmap_index = 26860, .adv_w = 289, .box_w = 12, .box_h = 20, .ofs_x = 7, .ofs_y = 8},
    {.bitmap_index = 26890, .adv_w = 289, .box_w = 10, .box_h = 19, .ofs_x = 0, .ofs_y = 9},
    {.bitmap_index = 26914, .adv_w = 289, .box_w = 10, .box_h = 20, .ofs_x = 0, .ofs_y = 8},
    {.bitmap_index = 26939, .adv_w = 289, .box_w = 12, .box_h = 19, .ofs_x = 0, .ofs_y = 9},
    {.bitmap_index = 26968, .adv_w = 289, .box_w = 12, .box_h = 20, .ofs_x = 0, .ofs_y = 8},
    {.bitmap_index = 26998, .adv_w = 289, .box_w = 10, .box_h = 35, .ofs_x = 8, .ofs_y = -7},
    {.bitmap_index = 27042, .adv_w = 289, .box_w = 10, .box_h = 35, .ofs_x = 8, .ofs_y = -7},
    {.bitmap_index = 27086, .adv_w = 289, .box_w = 12, .box_h = 36, .ofs_x = 7, .ofs_y = -8},
    {.bitmap_index = 27140, .adv_w = 289, .box_w = 12, .box_h = 36, .ofs_x = 7, .ofs_y = -7},
    {.bitmap_index = 27194, .adv_w = 289, .box_w = 12, .box_h = 35, .ofs_x = 7, .ofs_y = -7},
    {.bitmap_index = 27247, .adv_w = 289, .box_w = 12, .box_h = 35, .ofs_x = 7, .ofs_y = -7},
    {.bitmap_index = 27300, .adv_w = 289, .box_w = 12, .box_h = 35, .ofs_x = 7, .ofs_y = -7},
    {.bitmap_index = 27353, .adv_w = 289, .box_w = 12, .box_h = 35, .ofs_x = 7, .ofs_y = -7},
    {.bitmap_index = 27406, .adv_w = 289, .box_w = 10, .box_h = 35, .ofs_x = 0, .ofs_y = -7},
    {.bitmap_index = 27450, .adv_w = 289, .box_w = 10, .box_h = 35, .ofs_x = 0, .ofs_y = -7},
    {.bitmap_index = 27494, .adv_w = 289, .box_w = 12, .box_h = 36, .ofs_x = 0, .ofs_y = -8},
    {.bitmap_index = 27548, .adv_w = 289, .box_w = 12, .box_h = 36, .ofs_x = 0, .ofs_y = -8},
    {.bitmap_index = 27602, .adv_w = 289, .box_w = 12, .box_h = 35, .ofs_x = 0, .ofs_y = -7},
    {.bitmap_index = 27655, .adv_w = 289, .box_w = 12, .box_h = 35, .ofs_x = 0, .ofs_y = -7},
    {.bitmap_index = 27708, .adv_w = 289, .box_w = 12, .box_h = 35, .ofs_x = 0, .ofs_y = -7},
    {.bitmap_index = 27761, .adv_w = 289, .box_w = 12, .box_h = 35, .ofs_x = 0, .ofs_y = -7},
    {.bitmap_index = 27814, .adv_w = 289, .box_w = 19, .box_h = 19, .ofs_x = 0, .ofs_y = -8},
    {.bitmap_index = 27860, .adv_w = 289, .box_w = 19, .box_h = 20, .ofs_x = -1, .ofs_y = -7},
    {.bitmap_index = 27908, .adv_w = 289, .box_w = 18, .box_h = 20, .ofs_x = 0, .ofs_y = -7},
    {.bitmap_index = 27953, .adv_w = 289, .box_w = 19, .box_h = 20, .ofs_x = 0, .ofs_y = -7},
    {.bitmap_index = 28001, .adv_w = 289, .box_w = 19, .box_h = 19, .ofs_x = 0, .ofs_y = -8},
    {.bitmap_index = 28047, .adv_w = 289, .box_w = 19, .box_h = 20, .ofs_x = 0, .ofs_y = -7},
    {.bitmap_index = 28095, .adv_w = 289, .box_w = 19, .box_h = 20, .ofs_x = 0, .ofs_y = -7},
    {.bitmap_index = 28143, .adv_w = 289, .box_w = 19, .box_h = 20, .ofs_x = 0, .ofs_y = -7},
    {.bitmap_index = 28191, .adv_w = 289, .box_w = 19, .box_h = 19, .ofs_x = 0, .ofs_y = 9},
    {.bitmap_index = 28237, .adv_w = 289, .box_w = 18, .box_h = 20, .ofs_x = 0, .ofs_y = 8},
    {.bitmap_index = 28282, .adv_w = 289, .box_w = 18, .box_h = 20, .ofs_x = 0, .ofs_y = 8},
    {.bitmap_index = 28327, .adv_w = 289, .box_w = 19, .box_h = 20, .ofs_x = 0, .ofs_y = 8},
    {.bitmap_index = 28375, .adv_w = 289, .box_w = 19, .box_h = 19, .ofs_x = 0, .ofs_y = 9},
    {.bitmap_index = 28421, .adv_w = 289, .box_w = 19, .box_h = 20, .ofs_x = 0, .ofs_y = 8},
    {.bitmap_index = 28469, .adv_w = 289, .box_w = 19, .box_h = 20, .ofs_x = 0, .ofs_y = 8},
    {.bitmap_index = 28517, .adv_w = 289, .box_w = 19, .box_h = 20, .ofs_x = 0, .ofs_y = 8},
    {.bitmap_index = 28565, .adv_w = 289, .box_w = 19, .box_h = 35, .ofs_x = 0, .ofs_y = -7},
    {.bitmap_index = 28649, .adv_w = 289, .box_w = 18, .box_h = 35, .ofs_x = 0, .ofs_y = -7},
    {.bitmap_index = 28728, .adv_w = 289, .box_w = 18, .box_h = 35, .ofs_x = 0, .ofs_y = -7},
    {.bitmap_index = 28807, .adv_w = 289, .box_w = 19, .box_h = 35, .ofs_x = 0, .ofs_y = -7},
    {.bitmap_index = 28891, .adv_w = 289, .box_w = 19, .box_h = 36, .ofs_x = 0, .ofs_y = -8},
    {.bitmap_index = 28977, .adv_w = 289, .box_w = 19, .box_h = 36, .ofs_x = 0, .ofs_y = -8},
    {.bitmap_index = 29063, .adv_w = 289, .box_w = 19, .box_h = 35, .ofs_x = 0, .ofs_y = -7},
    {.bitmap_index = 29147, .adv_w = 289, .box_w = 19, .box_h = 35, .ofs_x = 0, .ofs_y = -7},
    {.bitmap_index = 29231, .adv_w = 289, .box_w = 19, .box_h = 35, .ofs_x = 0, .ofs_y = -7},
    {.bitmap_index = 29315, .adv_w = 289, .box_w = 19, .box_h = 35, .ofs_x = 0, .ofs_y = -7},
    {.bitmap_index = 29399, .adv_w = 289, .box_w = 19, .box_h = 35, .ofs_x = 0, .ofs_y = -7},
    {.bitmap_index = 29483, .adv_w = 289, .box_w = 19, .box_h = 35, .ofs_x = 0, .ofs_y = -7},
    {.bitmap_index = 29567, .adv_w = 289, .box_w = 19, .box_h = 35, .ofs_x = 0, .ofs_y = -7},
    {.bitmap_index = 29651, .adv_w = 289, .box_w = 19, .box_h = 35, .ofs_x = 0, .ofs_y = -7},
    {.bitmap_index = 29735, .adv_w = 289, .box_w = 19, .box_h = 35, .ofs_x = 0, .ofs_y = -7},
    {.bitmap_index = 29819, .adv_w = 289, .box_w = 19, .box_h = 35, .ofs_x = 0, .ofs_y = -7},
    {.bitmap_index = 29903, .adv_w = 289, .box_w = 16, .box_h = 2, .ofs_x = 1, .ofs_y = 9},
    {.bitmap_index = 29907, .adv_w = 289, .box_w = 16, .box_h = 5, .ofs_x = 1, .ofs_y = 8},
    {.bitmap_index = 29917, .adv_w = 289, .box_w = 2, .box_h = 29, .ofs_x = 8, .ofs_y = -4},
    {.bitmap_index = 29925, .adv_w = 289, .box_w = 5, .box_h = 29, .ofs_x = 7, .ofs_y = -4},
    {.bitmap_index = 29944, .adv_w = 289, .box_w = 19, .box_h = 7, .ofs_x = 0, .ofs_y = 7},
    {.bitmap_index = 29961, .adv_w = 289, .box_w = 7, .box_h = 35, .ofs_x = 6, .ofs_y = -7},
    {.bitmap_index = 29992, .adv_w = 289, .box_w = 10, .box_h = 21, .ofs_x = 8, .ofs_y = -7},
    {.bitmap_index = 30019, .adv_w = 289, .box_w = 13, .box_h = 19, .ofs_x = 6, .ofs_y = -8},
    {.bitmap_index = 30050, .adv_w = 289, .box_w = 13, .box_h = 21, .ofs_x = 6, .ofs_y = -7},
    {.bitmap_index = 30085, .adv_w = 289, .box_w = 10, .box_h = 21, .ofs_x = 0, .ofs_y = -7},
    {.bitmap_index = 30112, .adv_w = 289, .box_w = 13, .box_h = 19, .ofs_x = 0, .ofs_y = -8},
    {.bitmap_index = 30143, .adv_w = 289, .box_w = 13, .box_h = 21, .ofs_x = 0, .ofs_y = -7},
    {.bitmap_index = 30178, .adv_w = 289, .box_w = 10, .box_h = 21, .ofs_x = 8, .ofs_y = 7},
    {.bitmap_index = 30205, .adv_w = 289, .box_w = 13, .box_h = 19, .ofs_x = 6, .ofs_y = 9},
    {.bitmap_index = 30236, .adv_w = 289, .box_w = 13, .box_h = 21, .ofs_x = 6, .ofs_y = 7},
    {.bitmap_index = 30271, .adv_w = 289, .box_w = 10, .box_h = 21, .ofs_x = 0, .ofs_y = 7},
    {.bitmap_index = 30298, .adv_w = 289, .box_w = 13, .box_h = 19, .ofs_x = 0, .ofs_y = 9},
    {.bitmap_index = 30329, .adv_w = 289, .box_w = 13, .box_h = 21, .ofs_x = 0, .ofs_y = 7},
    {.bitmap_index = 30364, .adv_w = 289, .box_w = 10, .box_h = 35, .ofs_x = 8, .ofs_y = -7},
    {.bitmap_index = 30408, .adv_w = 289, .box_w = 13, .box_h = 35, .ofs_x = 6, .ofs_y = -7},
    {.bitmap_index = 30465, .adv_w = 289, .box_w = 13, .box_h = 35, .ofs_x = 6, .ofs_y = -7},
    {.bitmap_index = 30522, .adv_w = 289, .box_w = 10, .box_h = 35, .ofs_x = 0, .ofs_y = -7},
    {.bitmap_index = 30566, .adv_w = 289, .box_w = 13, .box_h = 35, .ofs_x = 0, .ofs_y = -7},
    {.bitmap_index = 30623, .adv_w = 289, .box_w = 13, .box_h = 35, .ofs_x = 0, .ofs_y = -7},
    {.bitmap_index = 30680, .adv_w = 289, .box_w = 19, .box_h = 21, .ofs_x = 0, .ofs_y = -7},
    {.bitmap_index = 30730, .adv_w = 289, .box_w = 19, .box_h = 19, .ofs_x = 0, .ofs_y = -8},
    {.bitmap_index = 30776, .adv_w = 289, .box_w = 19, .box_h = 21, .ofs_x = 0, .ofs_y = -7},
    {.bitmap_index = 30826, .adv_w = 289, .box_w = 19, .box_h = 21, .ofs_x = 0, .ofs_y = 7},
    {.bitmap_index = 30876, .adv_w = 289, .box_w = 19, .box_h = 19, .ofs_x = 0, .ofs_y = 9},
    {.bitmap_index = 30922, .adv_w = 289, .box_w = 19, .box_h = 21, .ofs_x = 0, .ofs_y = 7},
    {.bitmap_index = 30972, .adv_w = 289, .box_w = 19, .box_h = 35, .ofs_x = 0, .ofs_y = -7},
    {.bitmap_index = 31056, .adv_w = 289, .box_w = 19, .box_h = 35, .ofs_x = 0, .ofs_y = -7},
    {.bitmap_index = 31140, .adv_w = 289, .box_w = 19, .box_h = 35, .ofs_x = 0, .ofs_y = -7},
    {.bitmap_index = 31224, .adv_w = 289, .box_w = 10, .box_h = 19, .ofs_x = 8, .ofs_y = -8},
    {.bitmap_index = 31248, .adv_w = 289, .box_w = 10, .box_h = 19, .ofs_x = 0, .ofs_y = -8},
    {.bitmap_index = 31272, .adv_w = 289, .box_w = 10, .box_h = 19, .ofs_x = 0, .ofs_y = 9},
    {.bitmap_index = 31296, .adv_w = 289, .box_w = 10, .box_h = 19, .ofs_x = 8, .ofs_y = 9},
    {.bitmap_index = 31320, .adv_w = 289, .box_w = 20, .box_h = 35, .ofs_x = -1, .ofs_y = -7},
    {.bitmap_index = 31408, .adv_w = 289, .box_w = 20, .box_h = 35, .ofs_x = -1, .ofs_y = -7},
    {.bitmap_index = 31496, .adv_w = 289, .box_w = 20, .box_h = 35, .ofs_x = -1, .ofs_y = -7},
    {.bitmap_index = 31584, .adv_w = 289, .box_w = 9, .box_h = 2, .ofs_x = 0, .ofs_y = 9},
    {.bitmap_index = 31587, .adv_w = 289, .box_w = 2, .box_h = 18, .ofs_x = 8, .ofs_y = 10},
    {.bitmap_index = 31592, .adv_w = 289, .box_w = 9, .box_h = 2, .ofs_x = 9, .ofs_y = 9},
    {.bitmap_index = 31595, .adv_w = 289, .box_w = 2, .box_h = 18, .ofs_x = 8, .ofs_y = -8},
    {.bitmap_index = 31600, .adv_w = 289, .box_w = 9, .box_h = 5, .ofs_x = 0, .ofs_y = 8},
    {.bitmap_index = 31606, .adv_w = 289, .box_w = 5, .box_h = 18, .ofs_x = 7, .ofs_y = 10},
    {.bitmap_index = 31618, .adv_w = 289, .box_w = 9, .box_h = 5, .ofs_x = 9, .ofs_y = 8},
    {.bitmap_index = 31624, .adv_w = 289, .box_w = 5, .box_h = 18, .ofs_x = 7, .ofs_y = -8},
    {.bitmap_index = 31636, .adv_w = 289, .box_w = 19, .box_h = 5, .ofs_x = -1, .ofs_y = 8},
    {.bitmap_index = 31648, .adv_w = 289, .box_w = 5, .box_h = 36, .ofs_x = 7, .ofs_y = -8},
    {.bitmap_index = 31671, .adv_w = 289, .box_w = 19, .box_h = 5, .ofs_x = -1, .ofs_y = 8},
    {.bitmap_index = 31683, .adv_w = 289, .box_w = 5, .box_h = 36, .ofs_x = 7, .ofs_y = -8},
    {.bitmap_index = 31706, .adv_w = 289, .box_w = 18, .box_h = 18, .ofs_x = 0, .ofs_y = -1},
    {.bitmap_index = 31747, .adv_w = 289, .box_w = 18, .box_h = 17, .ofs_x = 0, .ofs_y = -1},
    {.bitmap_index = 31786, .adv_w = 289, .box_w = 18, .box_h = 17, .ofs_x = 0, .ofs_y = -1},
    {.bitmap_index = 31825, .adv_w = 289, .box_w = 18, .box_h = 17, .ofs_x = 0, .ofs_y = -1},
    {.bitmap_index = 31864, .adv_w = 289, .box_w = 18, .box_h = 17, .ofs_x = 0, .ofs_y = -1},
    {.bitmap_index = 31903, .adv_w = 289, .box_w = 18, .box_h = 17, .ofs_x = 0, .ofs_y = -1},
    {.bitmap_index = 31942, .adv_w = 289, .box_w = 18, .box_h = 17, .ofs_x = 0, .ofs_y = -1},
    {.bitmap_index = 31981, .adv_w = 289, .box_w = 18, .box_h = 17, .ofs_x = 0, .ofs_y = -1},
    {.bitmap_index = 32020, .adv_w = 289, .box_w = 18, .box_h = 17, .ofs_x = 0, .ofs_y = -1},
    {.bitmap_index = 32059, .adv_w = 289, .box_w = 18, .box_h = 17, .ofs_x = 0, .ofs_y = -1},
    {.bitmap_index = 32098, .adv_w = 289, .box_w = 12, .box_h = 11, .ofs_x = 3, .ofs_y = 2},
    {.bitmap_index = 32115, .adv_w = 289, .box_w = 12, .box_h = 11, .ofs_x = 3, .ofs_y = 2},
    {.bitmap_index = 32132, .adv_w = 289, .box_w = 18, .box_h = 8, .ofs_x = 0, .ofs_y = 4},
    {.bitmap_index = 32150, .adv_w = 289, .box_w = 18, .box_h = 8, .ofs_x = 0, .ofs_y = 4},
    {.bitmap_index = 32168, .adv_w = 289, .box_w = 9, .box_h = 18, .ofs_x = 5, .ofs_y = -1},
    {.bitmap_index = 32189, .adv_w = 289, .box_w = 9, .box_h = 17, .ofs_x = 5, .ofs_y = -1},
    {.bitmap_index = 32209, .adv_w = 289, .box_w = 18, .box_h = 8, .ofs_x = 0, .ofs_y = 4},
    {.bitmap_index = 32227, .adv_w = 289, .box_w = 18, .box_h = 8, .ofs_x = 0, .ofs_y = 4},
    {.bitmap_index = 32245, .adv_w = 289, .box_w = 18, .box_h = 18, .ofs_x = 0, .ofs_y = -1},
    {.bitmap_index = 32286, .adv_w = 289, .box_w = 18, .box_h = 17, .ofs_x = 0, .ofs_y = -1},
    {.bitmap_index = 32325, .adv_w = 289, .box_w = 12, .box_h = 12, .ofs_x = 3, .ofs_y = 2},
    {.bitmap_index = 32343, .adv_w = 289, .box_w = 12, .box_h = 11, .ofs_x = 3, .ofs_y = 2},
    {.bitmap_index = 32360, .adv_w = 289, .box_w = 18, .box_h = 18, .ofs_x = 0, .ofs_y = -1},
    {.bitmap_index = 32401, .adv_w = 289, .box_w = 18, .box_h = 18, .ofs_x = 0, .ofs_y = -1},
    {.bitmap_index = 32442, .adv_w = 289, .box_w = 12, .box_h = 12, .ofs_x = 3, .ofs_y = 2},
    {.bitmap_index = 32460, .adv_w = 289, .box_w = 12, .box_h = 12, .ofs_x = 3, .ofs_y = 2},
    {.bitmap_index = 32478, .adv_w = 289, .box_w = 18, .box_h = 12, .ofs_x = 0, .ofs_y = 2},
    {.bitmap_index = 32505, .adv_w = 289, .box_w = 18, .box_h = 12, .ofs_x = 0, .ofs_y = 2},
    {.bitmap_index = 32532, .adv_w = 289, .box_w = 18, .box_h = 18, .ofs_x = 0, .ofs_y = -1},
    {.bitmap_index = 32573, .adv_w = 289, .box_w = 18, .box_h = 18, .ofs_x = 0, .ofs_y = -1},
    {.bitmap_index = 32614, .adv_w = 289, .box_w = 12, .box_h = 12, .ofs_x = 3, .ofs_y = 2},
    {.bitmap_index = 32632, .adv_w = 289, .box_w = 12, .box_h = 12, .ofs_x = 3, .ofs_y = 1},
    {.bitmap_index = 32650, .adv_w = 289, .box_w = 18, .box_h = 18, .ofs_x = 0, .ofs_y = -1},
    {.bitmap_index = 32691, .adv_w = 289, .box_w = 18, .box_h = 18, .ofs_x = 0, .ofs_y = -1},
    {.bitmap_index = 32732, .adv_w = 289, .box_w = 12, .box_h = 12, .ofs_x = 3, .ofs_y = 2},
    {.bitmap_index = 32750, .adv_w = 289, .box_w = 12, .box_h = 12, .ofs_x = 3, .ofs_y = 2},
    {.bitmap_index = 32768, .adv_w = 289, .box_w = 18, .box_h = 12, .ofs_x = 0, .ofs_y = 2},
    {.bitmap_index = 32795, .adv_w = 289, .box_w = 18, .box_h = 12, .ofs_x = 0, .ofs_y = 2},
    {.bitmap_index = 32822, .adv_w = 289, .box_w = 18, .box_h = 18, .ofs_x = 0, .ofs_y = -1},
    {.bitmap_index = 32863, .adv_w = 289, .box_w = 18, .box_h = 18, .ofs_x = 0, .ofs_y = -1},
    {.bitmap_index = 32904, .adv_w = 289, .box_w = 18, .box_h = 18, .ofs_x = 0, .ofs_y = -1},
    {.bitmap_index = 32945, .adv_w = 289, .box_w = 18, .box_h = 18, .ofs_x = 0, .ofs_y = -1},
    {.bitmap_index = 32986, .adv_w = 289, .box_w = 14, .box_h = 31, .ofs_x = 2, .ofs_y = -7},
    {.bitmap_index = 33041, .adv_w = 289, .box_w = 18, .box_h = 18, .ofs_x = 0, .ofs_y = -1},
    {.bitmap_index = 33082, .adv_w = 289, .box_w = 18, .box_h = 18, .ofs_x = 0, .ofs_y = -1},
    {.bitmap_index = 33123, .adv_w = 289, .box_w = 18, .box_h = 18, .ofs_x = 0, .ofs_y = -1},
    {.bitmap_index = 33164, .adv_w = 289, .box_w = 18, .box_h = 18, .ofs_x = 0, .ofs_y = -1},
    {.bitmap_index = 33205, .adv_w = 289, .box_w = 18, .box_h = 18, .ofs_x = 0, .ofs_y = -1},
    {.bitmap_index = 33246, .adv_w = 289, .box_w = 18, .box_h = 18, .ofs_x = 0, .ofs_y = -1},
    {.bitmap_index = 33287, .adv_w = 289, .box_w = 18, .box_h = 18, .ofs_x = 0, .ofs_y = -1},
    {.bitmap_index = 33328, .adv_w = 289, .box_w = 18, .box_h = 18, .ofs_x = 0, .ofs_y = -1},
    {.bitmap_index = 33369, .adv_w = 289, .box_w = 18, .box_h = 18, .ofs_x = 0, .ofs_y = -1},
    {.bitmap_index = 33410, .adv_w = 289, .box_w = 18, .box_h = 18, .ofs_x = 0, .ofs_y = -1},
    {.bitmap_index = 33451, .adv_w = 289, .box_w = 18, .box_h = 18, .ofs_x = 0, .ofs_y = -1},
    {.bitmap_index = 33492, .adv_w = 289, .box_w = 9, .box_h = 18, .ofs_x = 5, .ofs_y = -1},
    {.bitmap_index = 33513, .adv_w = 289, .box_w = 9, .box_h = 18, .ofs_x = 5, .ofs_y = -1},
    {.bitmap_index = 33534, .adv_w = 289, .box_w = 19, .box_h = 23, .ofs_x = 0, .ofs_y = 0},
    {.bitmap_index = 33589, .adv_w = 289, .box_w = 19, .box_h = 30, .ofs_x = -1, .ofs_y = -7},
    {.bitmap_index = 33661, .adv_w = 289, .box_w = 19, .box_h = 15, .ofs_x = -1, .ofs_y = 8},
    {.bitmap_index = 33697, .adv_w = 289, .box_w = 19, .box_h = 15, .ofs_x = -1, .ofs_y = -7},
    {.bitmap_index = 33733, .adv_w = 289, .box_w = 9, .box_h = 9, .ofs_x = 4, .ofs_y = 8},
    {.bitmap_index = 33744, .adv_w = 289, .box_w = 9, .box_h = 9, .ofs_x = 5, .ofs_y = 8},
    {.bitmap_index = 33755, .adv_w = 289, .box_w = 9, .box_h = 9, .ofs_x = 5, .ofs_y = -1},
    {.bitmap_index = 33766, .adv_w = 289, .box_w = 9, .box_h = 9, .ofs_x = 4, .ofs_y = -1},
    {.bitmap_index = 33777, .adv_w = 289, .box_w = 18, .box_h = 9, .ofs_x = 0, .ofs_y = 8},
    {.bitmap_index = 33798, .adv_w = 289, .box_w = 18, .box_h = 9, .ofs_x = 0, .ofs_y = -1},
    {.bitmap_index = 33819, .adv_w = 289, .box_w = 18, .box_h = 18, .ofs_x = 0, .ofs_y = -1},
    {.bitmap_index = 33860, .adv_w = 289, .box_w = 18, .box_h = 18, .ofs_x = 0, .ofs_y = -1},
    {.bitmap_index = 33901, .adv_w = 289, .box_w = 18, .box_h = 18, .ofs_x = 0, .ofs_y = -1},
    {.bitmap_index = 33942, .adv_w = 289, .box_w = 18, .box_h = 18, .ofs_x = 0, .ofs_y = -1},
    {.bitmap_index = 33983, .adv_w = 289, .box_w = 9, .box_h = 9, .ofs_x = 5, .ofs_y = 7},
    {.bitmap_index = 33994, .adv_w = 289, .box_w = 18, .box_h = 17, .ofs_x = 0, .ofs_y = -1},
    {.bitmap_index = 34033, .adv_w = 289, .box_w = 18, .box_h = 17, .ofs_x = 0, .ofs_y = -1},
    {.bitmap_index = 34072, .adv_w = 289, .box_w = 18, .box_h = 17, .ofs_x = 0, .ofs_y = -1},
    {.bitmap_index = 34111, .adv_w = 289, .box_w = 18, .box_h = 17, .ofs_x = 0, .ofs_y = -1},
    {.bitmap_index = 34150, .adv_w = 289, .box_w = 18, .box_h = 17, .ofs_x = 0, .ofs_y = -1},
    {.bitmap_index = 34189, .adv_w = 289, .box_w = 18, .box_h = 17, .ofs_x = 0, .ofs_y = -1},
    {.bitmap_index = 34228, .adv_w = 289, .box_w = 18, .box_h = 17, .ofs_x = 0, .ofs_y = -1},
    {.bitmap_index = 34267, .adv_w = 289, .box_w = 18, .box_h = 17, .ofs_x = 0, .ofs_y = -1},
    {.bitmap_index = 34306, .adv_w = 289, .box_w = 19, .box_h = 19, .ofs_x = 0, .ofs_y = -2},
    {.bitmap_index = 34352, .adv_w = 289, .box_w = 18, .box_h = 17, .ofs_x = 0, .ofs_y = -1},
    {.bitmap_index = 34391, .adv_w = 289, .box_w = 18, .box_h = 17, .ofs_x = 0, .ofs_y = -1},
    {.bitmap_index = 34430, .adv_w = 289, .box_w = 18, .box_h = 17, .ofs_x = 0, .ofs_y = -1},
    {.bitmap_index = 34469, .adv_w = 289, .box_w = 18, .box_h = 17, .ofs_x = 0, .ofs_y = -1},
    {.bitmap_index = 34508, .adv_w = 289, .box_w = 18, .box_h = 17, .ofs_x = 0, .ofs_y = -1},
    {.bitmap_index = 34547, .adv_w = 289, .box_w = 18, .box_h = 18, .ofs_x = 0, .ofs_y = -1},
    {.bitmap_index = 34588, .adv_w = 289, .box_w = 18, .box_h = 18, .ofs_x = 0, .ofs_y = -1},
    {.bitmap_index = 34629, .adv_w = 289, .box_w = 18, .box_h = 17, .ofs_x = 0, .ofs_y = -1},
    {.bitmap_index = 34668, .adv_w = 289, .box_w = 18, .box_h = 17, .ofs_x = 0, .ofs_y = -1},
    {.bitmap_index = 34707, .adv_w = 289, .box_w = 18, .box_h = 17, .ofs_x = 0, .ofs_y = -1},
    {.bitmap_index = 34746, .adv_w = 289, .box_w = 18, .box_h = 17, .ofs_x = 0, .ofs_y = -1},
    {.bitmap_index = 34785, .adv_w = 289, .box_w = 16, .box_h = 14, .ofs_x = 1, .ofs_y = 1},
    {.bitmap_index = 34813, .adv_w = 289, .box_w = 15, .box_h = 15, .ofs_x = 2, .ofs_y = 0},
    {.bitmap_index = 34842, .adv_w = 289, .box_w = 13, .box_h = 12, .ofs_x = 2, .ofs_y = 2},
    {.bitmap_index = 34862, .adv_w = 289, .box_w = 13, .box_h = 13, .ofs_x = 3, .ofs_y = 1},
    {.bitmap_index = 34884, .adv_w = 289, .box_w = 18, .box_h = 17, .ofs_x = 0, .ofs_y = -1},
    {.bitmap_index = 34923, .adv_w = 289, .box_w = 17, .box_h = 10, .ofs_x = 1, .ofs_y = 5},
    {.bitmap_index = 34945, .adv_w = 289, .box_w = 17, .box_h = 10, .ofs_x = 1, .ofs_y = 5},
    {.bitmap_index = 34967, .adv_w = 289, .box_w = 16, .box_h = 9, .ofs_x = 1, .ofs_y = 5},
    {.bitmap_index = 34985, .adv_w = 289, .box_w = 17, .box_h = 10, .ofs_x = 1, .ofs_y = 5},
    {.bitmap_index = 35007, .adv_w = 289, .box_w = 16, .box_h = 17, .ofs_x = 1, .ofs_y = 1},
    {.bitmap_index = 35041, .adv_w = 289, .box_w = 17, .box_h = 17, .ofs_x = 1, .ofs_y = 1},
    {.bitmap_index = 35078, .adv_w = 289, .box_w = 16, .box_h = 17, .ofs_x = 1, .ofs_y = 0},
    {.bitmap_index = 35112, .adv_w = 289, .box_w = 16, .box_h = 11, .ofs_x = 1, .ofs_y = 2},
    {.bitmap_index = 35134, .adv_w = 289, .box_w = 9, .box_h = 19, .ofs_x = 5, .ofs_y = 0},
    {.bitmap_index = 35156, .adv_w = 289, .box_w = 17, .box_h = 13, .ofs_x = 1, .ofs_y = 2},
    {.bitmap_index = 35184, .adv_w = 289, .box_w = 15, .box_h = 15, .ofs_x = 1, .ofs_y = 2},
    {.bitmap_index = 35213, .adv_w = 289, .box_w = 17, .box_h = 8, .ofs_x = 0, .ofs_y = 3},
    {.bitmap_index = 35230, .adv_w = 289, .box_w = 15, .box_h = 15, .ofs_x = 1, .ofs_y = 3},
    {.bitmap_index = 35259, .adv_w = 289, .box_w = 17, .box_h = 8, .ofs_x = 1, .ofs_y = 5},
    {.bitmap_index = 35276, .adv_w = 289, .box_w = 17, .box_h = 7, .ofs_x = 0, .ofs_y = 4},
    {.bitmap_index = 35291, .adv_w = 289, .box_w = 14, .box_h = 14, .ofs_x = 2, .ofs_y = 3},
    {.bitmap_index = 35316, .adv_w = 289, .box_w = 16, .box_h = 14, .ofs_x = 1, .ofs_y = 2},
    {.bitmap_index = 35344, .adv_w = 289, .box_w = 14, .box_h = 14, .ofs_x = 2, .ofs_y = 2},
    {.bitmap_index = 35369, .adv_w = 289, .box_w = 15, .box_h = 15, .ofs_x = 1, .ofs_y = 3},
    {.bitmap_index = 35398, .adv_w = 289, .box_w = 14, .box_h = 18, .ofs_x = 2, .ofs_y = 0},
    {.bitmap_index = 35430, .adv_w = 289, .box_w = 16, .box_h = 19, .ofs_x = 1, .ofs_y = 0},
    {.bitmap_index = 35468, .adv_w = 289, .box_w = 16, .box_h = 16, .ofs_x = 1, .ofs_y = 0},
    {.bitmap_index = 35500, .adv_w = 289, .box_w = 16, .box_h = 15, .ofs_x = 1, .ofs_y = 0},
    {.bitmap_index = 35530, .adv_w = 289, .box_w = 17, .box_h = 17, .ofs_x = 1, .ofs_y = 0},
    {.bitmap_index = 35567, .adv_w = 289, .box_w = 17, .box_h = 17, .ofs_x = 1, .ofs_y = 0},
    {.bitmap_index = 35604, .adv_w = 289, .box_w = 13, .box_h = 19, .ofs_x = 2, .ofs_y = 0},
    {.bitmap_index = 35635, .adv_w = 289, .box_w = 15, .box_h = 19, .ofs_x = 2, .ofs_y = 0},
    {.bitmap_index = 35671, .adv_w = 289, .box_w = 14, .box_h = 18, .ofs_x = 2, .ofs_y = 0},
    {.bitmap_index = 35703, .adv_w = 289, .box_w = 17, .box_h = 17, .ofs_x = 0, .ofs_y = 0},
    {.bitmap_index = 35740, .adv_w = 289, .box_w = 16, .box_h = 19, .ofs_x = 1, .ofs_y = 0},
    {.bitmap_index = 35778, .adv_w = 289, .box_w = 18, .box_h = 18, .ofs_x = 0, .ofs_y = -1},
    {.bitmap_index = 35819, .adv_w = 289, .box_w = 17, .box_h = 17, .ofs_x = 1, .ofs_y = 0},
    {.bitmap_index = 35856, .adv_w = 289, .box_w = 17, .box_h = 17, .ofs_x = 1, .ofs_y = 0},
    {.bitmap_index = 35893, .adv_w = 289, .box_w = 17, .box_h = 17, .ofs_x = 1, .ofs_y = 0},
    {.bitmap_index = 35930, .adv_w = 289, .box_w = 16, .box_h = 17, .ofs_x = 1, .ofs_y = 0},
    {.bitmap_index = 35964, .adv_w = 289, .box_w = 17, .box_h = 17, .ofs_x = 1, .ofs_y = 0},
    {.bitmap_index = 36001, .adv_w = 289, .box_w = 17, .box_h = 16, .ofs_x = 0, .ofs_y = 0},
    {.bitmap_index = 36035, .adv_w = 289, .box_w = 16, .box_h = 16, .ofs_x = 1, .ofs_y = 0},
    {.bitmap_index = 36067, .adv_w = 289, .box_w = 16, .box_h = 16, .ofs_x = 1, .ofs_y = 0},
    {.bitmap_index = 36099, .adv_w = 289, .box_w = 17, .box_h = 17, .ofs_x = 0, .ofs_y = -1},
    {.bitmap_index = 36136, .adv_w = 289, .box_w = 16, .box_h = 16, .ofs_x = 1, .ofs_y = 0},
    {.bitmap_index = 36168, .adv_w = 289, .box_w = 16, .box_h = 16, .ofs_x = 1, .ofs_y = -1},
    {.bitmap_index = 36200, .adv_w = 289, .box_w = 16, .box_h = 16, .ofs_x = 1, .ofs_y = 0},
    {.bitmap_index = 36232, .adv_w = 289, .box_w = 16, .box_h = 15, .ofs_x = 1, .ofs_y = 0},
    {.bitmap_index = 36262, .adv_w = 289, .box_w = 16, .box_h = 17, .ofs_x = 1, .ofs_y = 0},
    {.bitmap_index = 36296, .adv_w = 289, .box_w = 15, .box_h = 16, .ofs_x = 2, .ofs_y = 0},
    {.bitmap_index = 36326, .adv_w = 289, .box_w = 17, .box_h = 16, .ofs_x = 1, .ofs_y = 0},
    {.bitmap_index = 36360, .adv_w = 289, .box_w = 17, .box_h = 17, .ofs_x = 1, .ofs_y = 0},
    {.bitmap_index = 36397, .adv_w = 289, .box_w = 18, .box_h = 17, .ofs_x = 0, .ofs_y = 0},
    {.bitmap_index = 36436, .adv_w = 289, .box_w = 16, .box_h = 19, .ofs_x = 1, .ofs_y = 0},
    {.bitmap_index = 36474, .adv_w = 289, .box_w = 18, .box_h = 17, .ofs_x = 0, .ofs_y = 0},
    {.bitmap_index = 36513, .adv_w = 289, .box_w = 18, .box_h = 17, .ofs_x = 0, .ofs_y = 0},
    {.bitmap_index = 36552, .adv_w = 289, .box_w = 17, .box_h = 18, .ofs_x = 1, .ofs_y = -1},
    {.bitmap_index = 36591, .adv_w = 289, .box_w = 17, .box_h = 16, .ofs_x = 1, .ofs_y = 0},
    {.bitmap_index = 36625, .adv_w = 289, .box_w = 16, .box_h = 18, .ofs_x = 1, .ofs_y = 0},
    {.bitmap_index = 36661, .adv_w = 289, .box_w = 16, .box_h = 18, .ofs_x = 1, .ofs_y = 0},
    {.bitmap_index = 36697, .adv_w = 289, .box_w = 17, .box_h = 18, .ofs_x = 0, .ofs_y = 0},
    {.bitmap_index = 36736, .adv_w = 289, .box_w = 17, .box_h = 18, .ofs_x = 1, .ofs_y = 0},
    {.bitmap_index = 36775, .adv_w = 289, .box_w = 17, .box_h = 16, .ofs_x = 1, .ofs_y = 0},
    {.bitmap_index = 36809, .adv_w = 289, .box_w = 17, .box_h = 17, .ofs_x = 0, .ofs_y = 0},
    {.bitmap_index = 36846, .adv_w = 289, .box_w = 18, .box_h = 17, .ofs_x = 0, .ofs_y = 0},
    {.bitmap_index = 36885, .adv_w = 289, .box_w = 17, .box_h = 16, .ofs_x = 1, .ofs_y = 0},
    {.bitmap_index = 36919, .adv_w = 289, .box_w = 16, .box_h = 19, .ofs_x = 1, .ofs_y = 0},
    {.bitmap_index = 36957, .adv_w = 289, .box_w = 18, .box_h = 20, .ofs_x = 0, .ofs_y = 0},
    {.bitmap_index = 37002, .adv_w = 289, .box_w = 15, .box_h = 17, .ofs_x = 1, .ofs_y = 0},
    {.bitmap_index = 37034, .adv_w = 289, .box_w = 16, .box_h = 17, .ofs_x = 1, .ofs_y = 0},
    {.bitmap_index = 37068, .adv_w = 289, .box_w = 17, .box_h = 18, .ofs_x = 1, .ofs_y = 0},
    {.bitmap_index = 37107, .adv_w = 289, .box_w = 17, .box_h = 17, .ofs_x = 1, .ofs_y = 0},
    {.bitmap_index = 37144, .adv_w = 289, .box_w = 17, .box_h = 17, .ofs_x = 1, .ofs_y = 0},
    {.bitmap_index = 37181, .adv_w = 289, .box_w = 17, .box_h = 17, .ofs_x = 0, .ofs_y = 0},
    {.bitmap_index = 37218, .adv_w = 289, .box_w = 17, .box_h = 15, .ofs_x = 1, .ofs_y = 0},
    {.bitmap_index = 37250, .adv_w = 289, .box_w = 17, .box_h = 16, .ofs_x = 0, .ofs_y = 0},
    {.bitmap_index = 37284, .adv_w = 289, .box_w = 16, .box_h = 16, .ofs_x = 1, .ofs_y = -1},
    {.bitmap_index = 37316, .adv_w = 289, .box_w = 16, .box_h = 16, .ofs_x = 1, .ofs_y = 0},
    {.bitmap_index = 37348, .adv_w = 289, .box_w = 17, .box_h = 16, .ofs_x = 1, .ofs_y = -1},
    {.bitmap_index = 37382, .adv_w = 289, .box_w = 17, .box_h = 17, .ofs_x = 1, .ofs_y = 0},
    {.bitmap_index = 37419, .adv_w = 289, .box_w = 16, .box_h = 17, .ofs_x = 1, .ofs_y = 0},
    {.bitmap_index = 37453, .adv_w = 289, .box_w = 2, .box_h = 24, .ofs_x = 8, .ofs_y = -3},
    {.bitmap_index = 37459, .adv_w = 289, .box_w = 5, .box_h = 24, .ofs_x = 7, .ofs_y = -3},
    {.bitmap_index = 37474, .adv_w = 289, .box_w = 8, .box_h = 25, .ofs_x = 5, .ofs_y = -5},
    {.bitmap_index = 37499, .adv_w = 289, .box_w = 4, .box_h = 8, .ofs_x = 7, .ofs_y = 14},
    {.bitmap_index = 37503, .adv_w = 289, .box_w = 4, .box_h = 8, .ofs_x = 7, .ofs_y = 14},
    {.bitmap_index = 37507, .adv_w = 289, .box_w = 10, .box_h = 8, .ofs_x = 4, .ofs_y = 14},
    {.bitmap_index = 37517, .adv_w = 289, .box_w = 10, .box_h = 8, .ofs_x = 4, .ofs_y = 14},
    {.bitmap_index = 37527, .adv_w = 289, .box_w = 15, .box_h = 22, .ofs_x = 2, .ofs_y = -2},
    {.bitmap_index = 37569, .adv_w = 289, .box_w = 11, .box_h = 18, .ofs_x = 4, .ofs_y = 0},
    {.bitmap_index = 37594, .adv_w = 289, .box_w = 13, .box_h = 18, .ofs_x = 3, .ofs_y = 0},
    {.bitmap_index = 37624, .adv_w = 289, .box_w = 16, .box_h = 13, .ofs_x = 1, .ofs_y = 2},
    {.bitmap_index = 37650, .adv_w = 289, .box_w = 14, .box_h = 19, .ofs_x = 2, .ofs_y = 0},
    {.bitmap_index = 37684, .adv_w = 289, .box_w = 16, .box_h = 17, .ofs_x = 1, .ofs_y = 0},
    {.bitmap_index = 37718, .adv_w = 289, .box_w = 16, .box_h = 9, .ofs_x = 1, .ofs_y = 5},
    {.bitmap_index = 37736, .adv_w = 289, .box_w = 11, .box_h = 23, .ofs_x = 4, .ofs_y = -2},
    {.bitmap_index = 37768, .adv_w = 289, .box_w = 11, .box_h = 23, .ofs_x = 3, .ofs_y = -2},
    {.bitmap_index = 37800, .adv_w = 289, .box_w = 7, .box_h = 21, .ofs_x = 5, .ofs_y = -1},
    {.bitmap_index = 37819, .adv_w = 289, .box_w = 7, .box_h = 21, .ofs_x = 6, .ofs_y = -2},
    {.bitmap_index = 37838, .adv_w = 289, .box_w = 8, .box_h = 22, .ofs_x = 5, .ofs_y = -2},
    {.bitmap_index = 37860, .adv_w = 289, .box_w = 8, .box_h = 22, .ofs_x = 5, .ofs_y = -2},
    {.bitmap_index = 37882, .adv_w = 289, .box_w = 12, .box_h = 22, .ofs_x = 3, .ofs_y = -3},
    {.bitmap_index = 37915, .adv_w = 289, .box_w = 12, .box_h = 22, .ofs_x = 3, .ofs_y = -3},
    {.bitmap_index = 37948, .adv_w = 289, .box_w = 12, .box_h = 24, .ofs_x = 3, .ofs_y = -2},
    {.bitmap_index = 37984, .adv_w = 289, .box_w = 12, .box_h = 24, .ofs_x = 3, .ofs_y = -2},
    {.bitmap_index = 38020, .adv_w = 289, .box_w = 5, .box_h = 24, .ofs_x = 7, .ofs_y = -4},
    {.bitmap_index = 38035, .adv_w = 289, .box_w = 5, .box_h = 25, .ofs_x = 6, .ofs_y = -4},
    {.bitmap_index = 38051, .adv_w = 289, .box_w = 10, .box_h = 25, .ofs_x = 4, .ofs_y = -5},
    {.bitmap_index = 38083, .adv_w = 289, .box_w = 11, .box_h = 25, .ofs_x = 4, .ofs_y = -5},
    {.bitmap_index = 38118, .adv_w = 289, .box_w = 16, .box_h = 10, .ofs_x = 1, .ofs_y = 5},
    {.bitmap_index = 38138, .adv_w = 289, .box_w = 14, .box_h = 15, .ofs_x = 2, .ofs_y = 2},
    {.bitmap_index = 38165, .adv_w = 289, .box_w = 16, .box_h = 10, .ofs_x = 1, .ofs_y = 6},
    {.bitmap_index = 38185, .adv_w = 289, .box_w = 14, .box_h = 15, .ofs_x = 2, .ofs_y = 3},
    {.bitmap_index = 38212, .adv_w = 289, .box_w = 16, .box_h = 9, .ofs_x = 1, .ofs_y = 6},
    {.bitmap_index = 38230, .adv_w = 289, .box_w = 16, .box_h = 10, .ofs_x = 1, .ofs_y = 5},
    {.bitmap_index = 38250, .adv_w = 289, .box_w = 16, .box_h = 9, .ofs_x = 1, .ofs_y = 6},
    {.bitmap_index = 38268, .adv_w = 289, .box_w = 16, .box_h = 10, .ofs_x = 1, .ofs_y = 5},
    {.bitmap_index = 38288, .adv_w = 289, .box_w = 17, .box_h = 10, .ofs_x = 1, .ofs_y = 5},
    {.bitmap_index = 38310, .adv_w = 289, .box_w = 16, .box_h = 8, .ofs_x = 1, .ofs_y = 7},
    {.bitmap_index = 38326, .adv_w = 289, .box_w = 16, .box_h = 8, .ofs_x = 1, .ofs_y = 6},
    {.bitmap_index = 38342, .adv_w = 289, .box_w = 16, .box_h = 10, .ofs_x = 1, .ofs_y = 5},
    {.bitmap_index = 38362, .adv_w = 289, .box_w = 14, .box_h = 10, .ofs_x = 2, .ofs_y = 6},
    {.bitmap_index = 38380, .adv_w = 289, .box_w = 14, .box_h = 14, .ofs_x = 2, .ofs_y = 4},
    {.bitmap_index = 38405, .adv_w = 289, .box_w = 16, .box_h = 10, .ofs_x = 1, .ofs_y = 6},
    {.bitmap_index = 38425, .adv_w = 289, .box_w = 16, .box_h = 10, .ofs_x = 1, .ofs_y = 6},
    {.bitmap_index = 38445, .adv_w = 289, .box_w = 8, .box_h = 14, .ofs_x = 5, .ofs_y = 4},
    {.bitmap_index = 38459, .adv_w = 289, .box_w = 16, .box_h = 10, .ofs_x = 1, .ofs_y = 5},
    {.bitmap_index = 38479, .adv_w = 289, .box_w = 15, .box_h = 9, .ofs_x = 1, .ofs_y = 6},
    {.bitmap_index = 38496, .adv_w = 289, .box_w = 14, .box_h = 9, .ofs_x = 2, .ofs_y = 5},
    {.bitmap_index = 38512, .adv_w = 289, .box_w = 16, .box_h = 12, .ofs_x = 1, .ofs_y = 3},
    {.bitmap_index = 38536, .adv_w = 289, .box_w = 16, .box_h = 10, .ofs_x = 1, .ofs_y = 3},
    {.bitmap_index = 38556, .adv_w = 289, .box_w = 15, .box_h = 13, .ofs_x = 2, .ofs_y = 3},
    {.bitmap_index = 38581, .adv_w = 289, .box_w = 15, .box_h = 14, .ofs_x = 1, .ofs_y = 2},
    {.bitmap_index = 38608, .adv_w = 289, .box_w = 16, .box_h = 12, .ofs_x = 1, .ofs_y = 5},
    {.bitmap_index = 38632, .adv_w = 289, .box_w = 17, .box_h = 13, .ofs_x = 0, .ofs_y = 3},
    {.bitmap_index = 38660, .adv_w = 289, .box_w = 14, .box_h = 15, .ofs_x = 2, .ofs_y = 3},
    {.bitmap_index = 38687, .adv_w = 289, .box_w = 16, .box_h = 7, .ofs_x = 1, .ofs_y = 5},
    {.bitmap_index = 38701, .adv_w = 289, .box_w = 14, .box_h = 14, .ofs_x = 2, .ofs_y = 3},
    {.bitmap_index = 38726, .adv_w = 289, .box_w = 16, .box_h = 6, .ofs_x = 1, .ofs_y = 7},
    {.bitmap_index = 38738, .adv_w = 289, .box_w = 14, .box_h = 15, .ofs_x = 2, .ofs_y = 2},
    {.bitmap_index = 38765, .adv_w = 289, .box_w = 16, .box_h = 15, .ofs_x = 1, .ofs_y = 3},
    {.bitmap_index = 38795, .adv_w = 289, .box_w = 17, .box_h = 7, .ofs_x = 0, .ofs_y = 6},
    {.bitmap_index = 38810, .adv_w = 289, .box_w = 14, .box_h = 14, .ofs_x = 2, .ofs_y = 3},
    {.bitmap_index = 38835, .adv_w = 289, .box_w = 16, .box_h = 11, .ofs_x = 1, .ofs_y = 4},
    {.bitmap_index = 38857, .adv_w = 289, .box_w = 18, .box_h = 8, .ofs_x = 0, .ofs_y = 6},
    {.bitmap_index = 38875, .adv_w = 289, .box_w = 17, .box_h = 7, .ofs_x = 1, .ofs_y = 7},
    {.bitmap_index = 38890, .adv_w = 289, .box_w = 17, .box_h = 9, .ofs_x = 1, .ofs_y = 6},
    {.bitmap_index = 38910, .adv_w = 289, .box_w = 16, .box_h = 10, .ofs_x = 1, .ofs_y = 4},
    {.bitmap_index = 38930, .adv_w = 289, .box_w = 15, .box_h = 18, .ofs_x = 2, .ofs_y = 0},
    {.bitmap_index = 38964, .adv_w = 289, .box_w = 9, .box_h = 28, .ofs_x = 5, .ofs_y = -5},
    {.bitmap_index = 38996, .adv_w = 289, .box_w = 8, .box_h = 28, .ofs_x = 5, .ofs_y = -5},
    {.bitmap_index = 39024, .adv_w = 289, .box_w = 17, .box_h = 9, .ofs_x = 0, .ofs_y = 5},
    {.bitmap_index = 39044, .adv_w = 289, .box_w = 14, .box_h = 31, .ofs_x = 2, .ofs_y = -7},
    {.bitmap_index = 39099, .adv_w = 289, .box_w = 9, .box_h = 27, .ofs_x = 5, .ofs_y = -4},
    {.bitmap_index = 39130, .adv_w = 289, .box_w = 9, .box_h = 27, .ofs_x = 4, .ofs_y = -4},
    {.bitmap_index = 39161, .adv_w = 289, .box_w = 6, .box_h = 26, .ofs_x = 6, .ofs_y = -4},
    {.bitmap_index = 39181, .adv_w = 289, .box_w = 6, .box_h = 26, .ofs_x = 6, .ofs_y = -4},
    {.bitmap_index = 39201, .adv_w = 289, .box_w = 12, .box_h = 26, .ofs_x = 3, .ofs_y = -4},
    {.bitmap_index = 39240, .adv_w = 289, .box_w = 12, .box_h = 26, .ofs_x = 3, .ofs_y = -4},
    {.bitmap_index = 39279, .adv_w = 289, .box_w = 9, .box_h = 27, .ofs_x = 4, .ofs_y = -4},
    {.bitmap_index = 39310, .adv_w = 289, .box_w = 9, .box_h = 27, .ofs_x = 5, .ofs_y = -4},
    {.bitmap_index = 39341, .adv_w = 289, .box_w = 8, .box_h = 29, .ofs_x = 6, .ofs_y = -5},
    {.bitmap_index = 39370, .adv_w = 289, .box_w = 8, .box_h = 29, .ofs_x = 4, .ofs_y = -5},
    {.bitmap_index = 39399, .adv_w = 289, .box_w = 14, .box_h = 31, .ofs_x = 2, .ofs_y = -7},
    {.bitmap_index = 39454, .adv_w = 289, .box_w = 15, .box_h = 15, .ofs_x = 2, .ofs_y = 2},
    {.bitmap_index = 39483, .adv_w = 289, .box_w = 15, .box_h = 15, .ofs_x = 2, .ofs_y = 2},
    {.bitmap_index = 39512, .adv_w = 289, .box_w = 16, .box_h = 30, .ofs_x = 1, .ofs_y = -7},
    {.bitmap_index = 39572, .adv_w = 289, .box_w = 14, .box_h = 13, .ofs_x = 2, .ofs_y = 3},
    {.bitmap_index = 39595, .adv_w = 289, .box_w = 15, .box_h = 10, .ofs_x = 2, .ofs_y = 7},
    {.bitmap_index = 39614, .adv_w = 289, .box_w = 15, .box_h = 15, .ofs_x = 2, .ofs_y = 2}
};

/*---------------------
 *  CHARACTER MAPPING
 *--------------------*/

static const uint8_t glyph_id_ofs_list_1[] = {
    0, 1, 2, 3, 0, 0, 4, 5,
    6, 7, 8, 9, 0, 0, 0, 0,
    10, 11, 12, 13, 14, 15, 16, 0,
    17
};

static const uint16_t unicode_list_7[] = {
    0x0, 0x9, 0xa, 0xb, 0xc, 0xd, 0xe, 0xf,
    0x10, 0x11, 0x13, 0x14, 0x16, 0x17, 0x18, 0x19,
    0x1f, 0x20, 0x21, 0x22, 0x23, 0x25, 0x39, 0x4a,
    0x4b
};

static const uint16_t unicode_list_11[] = {
    0x0, 0x1, 0x2, 0x5, 0x4a, 0x4d, 0x55, 0x56,
    0x57, 0x5d, 0x5e, 0x5f, 0x61, 0x62, 0x65, 0x6a,
    0x6c, 0x6e, 0x72, 0x73, 0x76, 0x90, 0x98, 0x99,
    0x9b, 0x9c, 0x9d, 0x9e, 0x9f, 0xa0, 0xa1, 0xa2,
    0xa3, 0xa4, 0xa5, 0xa6, 0xa7, 0xd1
};

static const uint8_t glyph_id_ofs_list_13[] = {
    0, 0, 1, 2, 3, 4, 5, 6,
    7, 8, 9, 10, 0, 0, 11, 0,
    0, 0, 12, 13, 14, 15, 16, 17,
    18, 0, 0, 0, 0, 0, 0, 19,
    20, 21, 22, 23, 24, 25, 26, 27,
    28
};

static const uint8_t glyph_id_ofs_list_17[] = {
    0, 1, 2, 3, 0, 0, 4, 0,
    0, 0, 0, 0, 0, 0, 0, 0,
    5, 6, 7, 8, 9, 0, 0, 0,
    0, 0, 0, 10, 11, 12, 13, 14,
    0, 0, 0, 0, 0, 0, 0, 0,
    15, 16, 17, 18, 19, 20, 21, 22,
    23, 24, 25, 26, 27, 28, 29, 30,
    0, 0, 0, 0, 0, 31, 0, 0,
    0, 0, 0, 0, 0, 0, 0, 0,
    0, 0, 0, 0, 0, 0, 32, 33,
    34, 35, 36, 37, 38, 0, 39, 40,
    41, 42, 43, 44, 45, 46, 47, 48,
    49, 50, 51, 52, 0, 0, 53, 54,
    0, 0, 55, 56, 57, 58, 59, 60,
    0, 0, 0, 61, 62, 63, 64, 0,
    0, 65
};

static const uint16_t unicode_list_19[] = {
    0x0, 0x3, 0x4, 0x5, 0x6, 0xb, 0xc, 0xd,
    0xe, 0x18
};

static const uint8_t glyph_id_ofs_list_24[] = {
    0, 1, 2, 3, 0, 4, 5, 6,
    7
};

static const uint8_t glyph_id_ofs_list_27[] = {
    0, 0, 1, 2, 3, 4, 0, 0,
    0, 5, 0, 6, 7, 8, 9, 10,
    11, 12
};

static const uint16_t unicode_list_32[] = {
    0x0, 0x3, 0x4, 0x1a, 0x1e, 0x24, 0x25, 0x26,
    0x27, 0x28, 0x29, 0x1c5, 0x1c6, 0x1d5, 0x1d6, 0x229,
    0x238, 0x239, 0x23e, 0x26d, 0x2a8, 0x2a9
};

/*Collect the unicode lists and glyph_id offsets*/
static const lv_font_fmt_txt_cmap_t cmaps[] =
{
    {
        .range_start = 160, .range_length = 96, .glyph_id_start = 1,
        .unicode_list = NULL, .glyph_id_ofs_list = NULL, .list_length = 0, .type = LV_FONT_FMT_TXT_CMAP_FORMAT0_TINY
    },
    {
        .range_start = 884, .range_length = 25, .glyph_id_start = 97,
        .unicode_list = NULL, .glyph_id_ofs_list = glyph_id_ofs_list_1, .list_length = 25, .type = LV_FONT_FMT_TXT_CMAP_FORMAT0_FULL
    },
    {
        .range_start = 910, .range_length = 20, .glyph_id_start = 115,
        .unicode_list = NULL, .glyph_id_ofs_list = NULL, .list_length = 0, .type = LV_FONT_FMT_TXT_CMAP_FORMAT0_TINY
    },
    {
        .range_start = 931, .range_length = 44, .glyph_id_start = 135,
        .unicode_list = NULL, .glyph_id_ofs_list = NULL, .list_length = 0, .type = LV_FONT_FMT_TXT_CMAP_FORMAT0_TINY
    },
    {
        .range_start = 976, .range_length = 18, .glyph_id_start = 179,
        .unicode_list = NULL, .glyph_id_ofs_list = NULL, .list_length = 0, .type = LV_FONT_FMT_TXT_CMAP_FORMAT0_TINY
    },
    {
        .range_start = 1008, .range_length = 16, .glyph_id_start = 197,
        .unicode_list = NULL, .glyph_id_ofs_list = NULL, .list_length = 0, .type = LV_FONT_FMT_TXT_CMAP_FORMAT0_TINY
    },
    {
        .range_start = 8208, .range_length = 20, .glyph_id_start = 213,
        .unicode_list = NULL, .glyph_id_ofs_list = NULL, .list_length = 0, .type = LV_FONT_FMT_TXT_CMAP_FORMAT0_TINY
    },
    {
        .range_start = 8230, .range_length = 76, .glyph_id_start = 233,
        .unicode_list = unicode_list_7, .glyph_id_ofs_list = NULL, .list_length = 25, .type = LV_FONT_FMT_TXT_CMAP_SPARSE_TINY
    },
    {
        .range_start = 8308, .range_length = 27, .glyph_id_start = 258,
        .unicode_list = NULL, .glyph_id_ofs_list = NULL, .list_length = 0, .type = LV_FONT_FMT_TXT_CMAP_FORMAT0_TINY
    },
    {
        .range_start = 8336, .range_length = 13, .glyph_id_start = 285,
        .unicode_list = NULL, .glyph_id_ofs_list = NULL, .list_length = 0, .type = LV_FONT_FMT_TXT_CMAP_FORMAT0_TINY
    },
    {
        .range_start = 8352, .range_length = 22, .glyph_id_start = 298,
        .unicode_list = NULL, .glyph_id_ofs_list = NULL, .list_length = 0, .type = LV_FONT_FMT_TXT_CMAP_FORMAT0_TINY
    },
    {
        .range_start = 8376, .range_length = 210, .glyph_id_start = 320,
        .unicode_list = unicode_list_11, .glyph_id_ofs_list = NULL, .list_length = 38, .type = LV_FONT_FMT_TXT_CMAP_SPARSE_TINY
    },
    {
        .range_start = 8592, .range_length = 132, .glyph_id_start = 358,
        .unicode_list = NULL, .glyph_id_ofs_list = NULL, .list_length = 0, .type = LV_FONT_FMT_TXT_CMAP_FORMAT0_TINY
    },
    {
        .range_start = 8725, .range_length = 41, .glyph_id_start = 490,
        .unicode_list = NULL, .glyph_id_ofs_list = glyph_id_ofs_list_13, .list_length = 41, .type = LV_FONT_FMT_TXT_CMAP_FORMAT0_FULL
    },
    {
        .range_start = 8769, .range_length = 41, .glyph_id_start = 519,
        .unicode_list = NULL, .glyph_id_ofs_list = NULL, .list_length = 0, .type = LV_FONT_FMT_TXT_CMAP_FORMAT0_TINY
    },
    {
        .range_start = 8813, .range_length = 31, .glyph_id_start = 560,
        .unicode_list = NULL, .glyph_id_ofs_list = NULL, .list_length = 0, .type = LV_FONT_FMT_TXT_CMAP_FORMAT0_TINY
    },
    {
        .range_start = 8845, .range_length = 25, .glyph_id_start = 591,
        .unicode_list = NULL, .glyph_id_ofs_list = NULL, .list_length = 0, .type = LV_FONT_FMT_TXT_CMAP_FORMAT0_TINY
    },
    {
        .range_start = 8882, .range_length = 122, .glyph_id_start = 616,
        .unicode_list = NULL, .glyph_id_ofs_list = glyph_id_ofs_list_17, .list_length = 122, .type = LV_FONT_FMT_TXT_CMAP_FORMAT0_FULL
    },
    {
        .range_start = 9013, .range_length = 70, .glyph_id_start = 682,
        .unicode_list = NULL, .glyph_id_ofs_list = NULL, .list_length = 0, .type = LV_FONT_FMT_TXT_CMAP_FORMAT0_TINY
    },
    {
        .range_start = 9085, .range_length = 25, .glyph_id_start = 752,
        .unicode_list = unicode_list_19, .glyph_id_ofs_list = NULL, .list_length = 10, .type = LV_FONT_FMT_TXT_CMAP_SPARSE_TINY
    },
    {
        .range_start = 9115, .range_length = 20, .glyph_id_start = 762,
        .unicode_list = NULL, .glyph_id_ofs_list = NULL, .list_length = 0, .type = LV_FONT_FMT_TXT_CMAP_FORMAT0_TINY
    },
    {
        .range_start = 9166, .range_length = 2, .glyph_id_start = 782,
        .unicode_list = NULL, .glyph_id_ofs_list = NULL, .list_length = 0, .type = LV_FONT_FMT_TXT_CMAP_FORMAT0_TINY
    },
    {
        .range_start = 9472, .range_length = 128, .glyph_id_start = 784,
        .unicode_list = NULL, .glyph_id_ofs_list = NULL, .list_length = 0, .type = LV_FONT_FMT_TXT_CMAP_FORMAT0_TINY
    },
    {
        .range_start = 9632, .range_length = 96, .glyph_id_start = 912,
        .unicode_list = NULL, .glyph_id_ofs_list = NULL, .list_length = 0, .type = LV_FONT_FMT_TXT_CMAP_FORMAT0_TINY
    },
    {
        .range_start = 9985, .range_length = 9, .glyph_id_start = 1008,
        .unicode_list = NULL, .glyph_id_ofs_list = glyph_id_ofs_list_24, .list_length = 9, .type = LV_FONT_FMT_TXT_CMAP_FORMAT0_FULL
    },
    {
        .range_start = 9996, .range_length = 28, .glyph_id_start = 1016,
        .unicode_list = NULL, .glyph_id_ofs_list = NULL, .list_length = 0, .type = LV_FONT_FMT_TXT_CMAP_FORMAT0_TINY
    },
    {
        .range_start = 10025, .range_length = 35, .glyph_id_start = 1044,
        .unicode_list = NULL, .glyph_id_ofs_list = NULL, .list_length = 0, .type = LV_FONT_FMT_TXT_CMAP_FORMAT0_TINY
    },
    {
        .range_start = 10061, .range_length = 18, .glyph_id_start = 1079,
        .unicode_list = NULL, .glyph_id_ofs_list = glyph_id_ofs_list_27, .list_length = 18, .type = LV_FONT_FMT_TXT_CMAP_FORMAT0_FULL
    },
    {
        .range_start = 10081, .range_length = 21, .glyph_id_start = 1092,
        .unicode_list = NULL, .glyph_id_ofs_list = NULL, .list_length = 0, .type = LV_FONT_FMT_TXT_CMAP_FORMAT0_TINY
    },
    {
        .range_start = 10132, .range_length = 1, .glyph_id_start = 1113,
        .unicode_list = NULL, .glyph_id_ofs_list = NULL, .list_length = 0, .type = LV_FONT_FMT_TXT_CMAP_FORMAT0_TINY
    },
    {
        .range_start = 10136, .range_length = 24, .glyph_id_start = 1114,
        .unicode_list = NULL, .glyph_id_ofs_list = NULL, .list_length = 0, .type = LV_FONT_FMT_TXT_CMAP_FORMAT0_TINY
    },
    {
        .range_start = 10161, .range_length = 14, .glyph_id_start = 1138,
        .unicode_list = NULL, .glyph_id_ofs_list = NULL, .list_length = 0, .type = LV_FONT_FMT_TXT_CMAP_FORMAT0_TINY
    },
    {
        .range_start = 10178, .range_length = 682, .glyph_id_start = 1152,
        .unicode_list = unicode_list_32, .glyph_id_ofs_list = NULL, .list_length = 22, .type = LV_FONT_FMT_TXT_CMAP_SPARSE_TINY
    }
};



/*--------------------
 *  ALL CUSTOM DATA
 *--------------------*/

#if LVGL_VERSION_MAJOR == 8
/*Store all the custom data of the font*/
static  lv_font_fmt_txt_glyph_cache_t cache;
#endif

#if LVGL_VERSION_MAJOR >= 8
static const lv_font_fmt_txt_dsc_t font_dsc = {
#else
static lv_font_fmt_txt_dsc_t font_dsc = {
#endif
    .glyph_bitmap = glyph_bitmap,
    .glyph_dsc = glyph_dsc,
    .cmaps = cmaps,
    .kern_dsc = NULL,
    .kern_scale = 0,
    .cmap_num = 33,
    .bpp = 1,
    .kern_classes = 0,
    .bitmap_format = 0,
#if LVGL_VERSION_MAJOR == 8
    .cache = &cache
#endif
};



/*-----------------
 *  PUBLIC FONT
 *----------------*/

/*Initialize a public general font descriptor*/
#if LVGL_VERSION_MAJOR >= 8
const lv_font_t ui_font_math_30 = {
#else
lv_font_t ui_font_math_30 = {
#endif
    .get_glyph_dsc = lv_font_get_glyph_dsc_fmt_txt,    /*Function pointer to get glyph's data*/
    .get_glyph_bitmap = lv_font_get_bitmap_fmt_txt,    /*Function pointer to get glyph's bitmap*/
    .line_height = 38,          /*The maximum line height required by the font*/
    .base_line = 8,             /*Baseline measured from the bottom of the line*/
#if !(LVGL_VERSION_MAJOR == 6 && LVGL_VERSION_MINOR == 0)
    .subpx = LV_FONT_SUBPX_NONE,
#endif
#if LV_VERSION_CHECK(7, 4, 0) || LVGL_VERSION_MAJOR >= 8
    .underline_position = -2,
    .underline_thickness = 1,
#endif
    .dsc = &font_dsc,          /*The custom font data. Will be accessed by `get_glyph_bitmap/dsc` */
#if LV_VERSION_CHECK(8, 2, 0) || LVGL_VERSION_MAJOR >= 9
    .fallback = NULL,
#endif
    .user_data = NULL,
};



#endif /*#if UI_FONT_MATH_30*/

